Starting up http-server, serving .

http-server version: 14.1.1

http-server settings: 
CORS: disabled
Cache: -1 seconds
Connection Timeout: 120 seconds
Directory Listings: visible
AutoIndex: visible
Serve GZIP Files: false
Serve Brotli Files: false
Default File Extension: none

Available on:
  http://127.0.0.1:8107
Hit CTRL-C to stop the server

[2026-09-04T13:06:11.816Z]  "GET /index.html" "curl/8.5.0"
(node:30816) [DEP0066] DeprecationWarning: OutgoingMessage.prototype._headers is deprecated
(Use `node --trace-deprecation ...` to show where the warning was created)
[2026-09-04T13:06:20.523Z]  "GET /index.html" "undefined"
[2026-09-04T13:06:20.530Z]  "GET /index.html" "undefined"
[2026-09-04T13:06:21.525Z]  "GET /index.html" "Mozilla/5.0 (X11; Linux x86_64) AppleWebKit/537.36 (KHTML, like Gecko) HeadlessChrome/141.0.7390.37 Safari/537.36"
[2026-09-04T13:06:21.545Z]  "GET /js/access-gate.js" "Mozilla/5.0 (X11; Linux x86_64) AppleWebKit/537.36 (KHTML, like Gecko) HeadlessChrome/141.0.7390.37 Safari/537.36"
[2026-09-04T13:06:21.546Z]  "GET /js/platform.js" "Mozilla/5.0 (X11; Linux x86_64) AppleWebKit/537.36 (KHTML, like Gecko) HeadlessChrome/141.0.7390.37 Safari/537.36"
[2026-09-04T13:06:21.562Z]  "GET /styles.css" "Mozilla/5.0 (X11; Linux x86_64) AppleWebKit/537.36 (KHTML, like Gecko) HeadlessChrome/141.0.7390.37 Safari/537.36"
[2026-09-04T13:06:21.563Z]  "GET /js/telemetry.js" "Mozilla/5.0 (X11; Linux x86_64) AppleWebKit/537.36 (KHTML, like Gecko) HeadlessChrome/141.0.7390.37 Safari/537.36"
[2026-09-04T13:06:21.568Z]  "GET /js/perf-ios.js" "Mozilla/5.0 (X11; Linux x86_64) AppleWebKit/537.36 (KHTML, like Gecko) HeadlessChrome/141.0.7390.37 Safari/537.36"
[2026-09-04T13:06:21.569Z]  "GET /js/pwa-detect.js" "Mozilla/5.0 (X11; Linux x86_64) AppleWebKit/537.36 (KHTML, like Gecko) HeadlessChrome/141.0.7390.37 Safari/537.36"
[2026-09-04T13:06:21.573Z]  "GET /js/supabase-loader.js" "Mozilla/5.0 (X11; Linux x86_64) AppleWebKit/537.36 (KHTML, like Gecko) HeadlessChrome/141.0.7390.37 Safari/537.36"
[2026-09-04T13:06:21.576Z]  "GET /js/map-loader.js" "Mozilla/5.0 (X11; Linux x86_64) AppleWebKit/537.36 (KHTML, like Gecko) HeadlessChrome/141.0.7390.37 Safari/537.36"
[2026-09-04T13:06:21.576Z]  "GET /js/idb-store.js" "Mozilla/5.0 (X11; Linux x86_64) AppleWebKit/537.36 (KHTML, like Gecko) HeadlessChrome/141.0.7390.37 Safari/537.36"
[2026-09-04T13:06:21.578Z]  "GET /js/first-run.js" "Mozilla/5.0 (X11; Linux x86_64) AppleWebKit/537.36 (KHTML, like Gecko) HeadlessChrome/141.0.7390.37 Safari/537.36"
[2026-09-04T13:06:21.598Z]  "GET /js/app-01-diag-seed.js" "Mozilla/5.0 (X11; Linux x86_64) AppleWebKit/537.36 (KHTML, like Gecko) HeadlessChrome/141.0.7390.37 Safari/537.36"
[2026-09-04T13:06:21.598Z]  "GET /js/app-02-state-utils.js" "Mozilla/5.0 (X11; Linux x86_64) AppleWebKit/537.36 (KHTML, like Gecko) HeadlessChrome/141.0.7390.37 Safari/537.36"
[2026-09-04T13:06:21.598Z]  "GET /js/app-03-posts-vlogs.js" "Mozilla/5.0 (X11; Linux x86_64) AppleWebKit/537.36 (KHTML, like Gecko) HeadlessChrome/141.0.7390.37 Safari/537.36"
[2026-09-04T13:06:21.598Z]  "GET /js/app-04-comments-shop.js" "Mozilla/5.0 (X11; Linux x86_64) AppleWebKit/537.36 (KHTML, like Gecko) HeadlessChrome/141.0.7390.37 Safari/537.36"
[2026-09-04T13:06:21.598Z]  "GET /js/app-05-config-profil.js" "Mozilla/5.0 (X11; Linux x86_64) AppleWebKit/537.36 (KHTML, like Gecko) HeadlessChrome/141.0.7390.37 Safari/537.36"
[2026-09-04T13:06:21.599Z]  "GET /js/app-06-reels-partage.js" "Mozilla/5.0 (X11; Linux x86_64) AppleWebKit/537.36 (KHTML, like Gecko) HeadlessChrome/141.0.7390.37 Safari/537.36"
[2026-09-04T13:06:21.610Z]  "GET /js/app-07-ia-explore-irl.js" "Mozilla/5.0 (X11; Linux x86_64) AppleWebKit/537.36 (KHTML, like Gecko) HeadlessChrome/141.0.7390.37 Safari/537.36"
[2026-09-04T13:06:21.610Z]  "GET /js/app-08-ui-modals-tour.js" "Mozilla/5.0 (X11; Linux x86_64) AppleWebKit/537.36 (KHTML, like Gecko) HeadlessChrome/141.0.7390.37 Safari/537.36"
[2026-09-04T13:06:21.610Z]  "GET /js/app-09-boot-pwa.js" "Mozilla/5.0 (X11; Linux x86_64) AppleWebKit/537.36 (KHTML, like Gecko) HeadlessChrome/141.0.7390.37 Safari/537.36"
[2026-09-04T13:06:21.611Z]  "GET /js/contextual-nav.js" "Mozilla/5.0 (X11; Linux x86_64) AppleWebKit/537.36 (KHTML, like Gecko) HeadlessChrome/141.0.7390.37 Safari/537.36"
[2026-09-04T13:06:21.611Z]  "GET /js/ui-v2-shell.js" "Mozilla/5.0 (X11; Linux x86_64) AppleWebKit/537.36 (KHTML, like Gecko) HeadlessChrome/141.0.7390.37 Safari/537.36"
[2026-09-04T13:06:21.641Z]  "GET /js/ui-v3-passerelle.js" "Mozilla/5.0 (X11; Linux x86_64) AppleWebKit/537.36 (KHTML, like Gecko) HeadlessChrome/141.0.7390.37 Safari/537.36"
[2026-09-04T13:06:21.647Z]  "GET /js/ui-v4b-fiche.js" "Mozilla/5.0 (X11; Linux x86_64) AppleWebKit/537.36 (KHTML, like Gecko) HeadlessChrome/141.0.7390.37 Safari/537.36"
[2026-09-04T13:06:21.670Z]  "GET /js/ui-v4a0-tete.js" "Mozilla/5.0 (X11; Linux x86_64) AppleWebKit/537.36 (KHTML, like Gecko) HeadlessChrome/141.0.7390.37 Safari/537.36"
[2026-09-04T13:06:21.670Z]  "GET /js/ui-v4a1-intentions.js" "Mozilla/5.0 (X11; Linux x86_64) AppleWebKit/537.36 (KHTML, like Gecko) HeadlessChrome/141.0.7390.37 Safari/537.36"
[2026-09-04T13:06:21.670Z]  "GET /js/ui-v4a2-cartes.js" "Mozilla/5.0 (X11; Linux x86_64) AppleWebKit/537.36 (KHTML, like Gecko) HeadlessChrome/141.0.7390.37 Safari/537.36"
[2026-09-04T13:06:21.671Z]  "GET /js/ui-v4a3-vue.js" "Mozilla/5.0 (X11; Linux x86_64) AppleWebKit/537.36 (KHTML, like Gecko) HeadlessChrome/141.0.7390.37 Safari/537.36"
[2026-09-04T13:06:21.671Z]  "GET /js/ui-v5-bobines.js" "Mozilla/5.0 (X11; Linux x86_64) AppleWebKit/537.36 (KHTML, like Gecko) HeadlessChrome/141.0.7390.37 Safari/537.36"
[2026-09-04T13:06:21.671Z]  "GET /js/ui-v4a4-outils.js" "Mozilla/5.0 (X11; Linux x86_64) AppleWebKit/537.36 (KHTML, like Gecko) HeadlessChrome/141.0.7390.37 Safari/537.36"
[2026-09-04T13:06:21.691Z]  "GET /js/ui-v4a5-filtres.js" "Mozilla/5.0 (X11; Linux x86_64) AppleWebKit/537.36 (KHTML, like Gecko) HeadlessChrome/141.0.7390.37 Safari/537.36"
[2026-09-04T13:06:21.692Z]  "GET /js/ui-v6-composer.js" "Mozilla/5.0 (X11; Linux x86_64) AppleWebKit/537.36 (KHTML, like Gecko) HeadlessChrome/141.0.7390.37 Safari/537.36"
[2026-09-04T13:06:21.692Z]  "GET /js/ui-v6a-messages.js" "Mozilla/5.0 (X11; Linux x86_64) AppleWebKit/537.36 (KHTML, like Gecko) HeadlessChrome/141.0.7390.37 Safari/537.36"
[2026-09-04T13:06:21.693Z]  "GET /js/ui-v6b-profil.js" "Mozilla/5.0 (X11; Linux x86_64) AppleWebKit/537.36 (KHTML, like Gecko) HeadlessChrome/141.0.7390.37 Safari/537.36"
[2026-09-04T13:06:21.694Z]  "GET /js/ui-v6c-proposer-irl.js" "Mozilla/5.0 (X11; Linux x86_64) AppleWebKit/537.36 (KHTML, like Gecko) HeadlessChrome/141.0.7390.37 Safari/537.36"
[2026-09-04T13:06:21.694Z]  "GET /js/ui-v7-lot.js" "Mozilla/5.0 (X11; Linux x86_64) AppleWebKit/537.36 (KHTML, like Gecko) HeadlessChrome/141.0.7390.37 Safari/537.36"
[2026-09-04T13:06:21.713Z]  "GET /js/passions-flat.js" "Mozilla/5.0 (X11; Linux x86_64) AppleWebKit/537.36 (KHTML, like Gecko) HeadlessChrome/141.0.7390.37 Safari/537.36"
[2026-09-04T13:06:21.713Z]  "GET /js/passion-selector.js" "Mozilla/5.0 (X11; Linux x86_64) AppleWebKit/537.36 (KHTML, like Gecko) HeadlessChrome/141.0.7390.37 Safari/537.36"
[2026-09-04T13:06:21.713Z]  "GET /js/passions-flat-ui.js" "Mozilla/5.0 (X11; Linux x86_64) AppleWebKit/537.36 (KHTML, like Gecko) HeadlessChrome/141.0.7390.37 Safari/537.36"
[2026-09-04T13:06:21.713Z]  "GET /js/pwa-landing.js" "Mozilla/5.0 (X11; Linux x86_64) AppleWebKit/537.36 (KHTML, like Gecko) HeadlessChrome/141.0.7390.37 Safari/537.36"
[2026-09-04T13:06:21.713Z]  "GET /js/emoji-misc.js" "Mozilla/5.0 (X11; Linux x86_64) AppleWebKit/537.36 (KHTML, like Gecko) HeadlessChrome/141.0.7390.37 Safari/537.36"
[2026-09-04T13:06:34.229Z]  "GET /sw.js" "Mozilla/5.0 (X11; Linux x86_64) AppleWebKit/537.36 (KHTML, like Gecko) HeadlessChrome/141.0.7390.37 Safari/537.36"
[2026-09-04T13:06:34.312Z]  "GET /index.html" "Mozilla/5.0 (X11; Linux x86_64) AppleWebKit/537.36 (KHTML, like Gecko) HeadlessChrome/141.0.7390.37 Safari/537.36"
[2026-09-04T13:06:34.313Z]  "GET /styles.css" "Mozilla/5.0 (X11; Linux x86_64) AppleWebKit/537.36 (KHTML, like Gecko) HeadlessChrome/141.0.7390.37 Safari/537.36"
[2026-09-04T13:06:34.314Z]  "GET /manifest.json" "Mozilla/5.0 (X11; Linux x86_64) AppleWebKit/537.36 (KHTML, like Gecko) HeadlessChrome/141.0.7390.37 Safari/537.36"
[2026-09-04T13:06:34.322Z]  "GET /icon-192.png" "Mozilla/5.0 (X11; Linux x86_64) AppleWebKit/537.36 (KHTML, like Gecko) HeadlessChrome/141.0.7390.37 Safari/537.36"
[2026-09-04T13:06:34.335Z]  "GET /icon-512.png" "Mozilla/5.0 (X11; Linux x86_64) AppleWebKit/537.36 (KHTML, like Gecko) HeadlessChrome/141.0.7390.37 Safari/537.36"
[2026-09-04T13:06:34.497Z]  "GET /index.html" "Mozilla/5.0 (X11; Linux x86_64) AppleWebKit/537.36 (KHTML, like Gecko) HeadlessChrome/141.0.7390.37 Safari/537.36"
[2026-09-04T13:06:34.531Z]  "GET /styles.css" "Mozilla/5.0 (X11; Linux x86_64) AppleWebKit/537.36 (KHTML, like Gecko) HeadlessChrome/141.0.7390.37 Safari/537.36"
[2026-09-04T13:06:34.537Z]  "GET /js/access-gate.js" "Mozilla/5.0 (X11; Linux x86_64) AppleWebKit/537.36 (KHTML, like Gecko) HeadlessChrome/141.0.7390.37 Safari/537.36"
[2026-09-04T13:06:34.544Z]  "GET /js/supabase-loader.js" "Mozilla/5.0 (X11; Linux x86_64) AppleWebKit/537.36 (KHTML, like Gecko) HeadlessChrome/141.0.7390.37 Safari/537.36"
[2026-09-04T13:06:34.545Z]  "GET /js/platform.js" "Mozilla/5.0 (X11; Linux x86_64) AppleWebKit/537.36 (KHTML, like Gecko) HeadlessChrome/141.0.7390.37 Safari/537.36"
[2026-09-04T13:06:34.555Z]  "GET /js/map-loader.js" "Mozilla/5.0 (X11; Linux x86_64) AppleWebKit/537.36 (KHTML, like Gecko) HeadlessChrome/141.0.7390.37 Safari/537.36"
[2026-09-04T13:06:34.555Z]  "GET /js/telemetry.js" "Mozilla/5.0 (X11; Linux x86_64) AppleWebKit/537.36 (KHTML, like Gecko) HeadlessChrome/141.0.7390.37 Safari/537.36"
[2026-09-04T13:06:34.561Z]  "GET /js/idb-store.js" "Mozilla/5.0 (X11; Linux x86_64) AppleWebKit/537.36 (KHTML, like Gecko) HeadlessChrome/141.0.7390.37 Safari/537.36"
[2026-09-04T13:06:34.561Z]  "GET /js/first-run.js" "Mozilla/5.0 (X11; Linux x86_64) AppleWebKit/537.36 (KHTML, like Gecko) HeadlessChrome/141.0.7390.37 Safari/537.36"
[2026-09-04T13:06:34.567Z]  "GET /js/perf-ios.js" "Mozilla/5.0 (X11; Linux x86_64) AppleWebKit/537.36 (KHTML, like Gecko) HeadlessChrome/141.0.7390.37 Safari/537.36"
[2026-09-04T13:06:34.568Z]  "GET /js/app-01-diag-seed.js" "Mozilla/5.0 (X11; Linux x86_64) AppleWebKit/537.36 (KHTML, like Gecko) HeadlessChrome/141.0.7390.37 Safari/537.36"
[2026-09-04T13:06:34.568Z]  "GET /js/app-02-state-utils.js" "Mozilla/5.0 (X11; Linux x86_64) AppleWebKit/537.36 (KHTML, like Gecko) HeadlessChrome/141.0.7390.37 Safari/537.36"
[2026-09-04T13:06:34.569Z]  "GET /js/pwa-detect.js" "Mozilla/5.0 (X11; Linux x86_64) AppleWebKit/537.36 (KHTML, like Gecko) HeadlessChrome/141.0.7390.37 Safari/537.36"
[2026-09-04T13:06:34.587Z]  "GET /js/app-03-posts-vlogs.js" "Mozilla/5.0 (X11; Linux x86_64) AppleWebKit/537.36 (KHTML, like Gecko) HeadlessChrome/141.0.7390.37 Safari/537.36"
[2026-09-04T13:06:34.588Z]  "GET /js/app-04-comments-shop.js" "Mozilla/5.0 (X11; Linux x86_64) AppleWebKit/537.36 (KHTML, like Gecko) HeadlessChrome/141.0.7390.37 Safari/537.36"
[2026-09-04T13:06:34.588Z]  "GET /js/app-05-config-profil.js" "Mozilla/5.0 (X11; Linux x86_64) AppleWebKit/537.36 (KHTML, like Gecko) HeadlessChrome/141.0.7390.37 Safari/537.36"
[2026-09-04T13:06:34.591Z]  "GET /js/app-06-reels-partage.js" "Mozilla/5.0 (X11; Linux x86_64) AppleWebKit/537.36 (KHTML, like Gecko) HeadlessChrome/141.0.7390.37 Safari/537.36"
[2026-09-04T13:06:34.593Z]  "GET /js/app-07-ia-explore-irl.js" "Mozilla/5.0 (X11; Linux x86_64) AppleWebKit/537.36 (KHTML, like Gecko) HeadlessChrome/141.0.7390.37 Safari/537.36"
[2026-09-04T13:06:34.593Z]  "GET /js/app-08-ui-modals-tour.js" "Mozilla/5.0 (X11; Linux x86_64) AppleWebKit/537.36 (KHTML, like Gecko) HeadlessChrome/141.0.7390.37 Safari/537.36"
[2026-09-04T13:06:34.627Z]  "GET /js/app-09-boot-pwa.js" "Mozilla/5.0 (X11; Linux x86_64) AppleWebKit/537.36 (KHTML, like Gecko) HeadlessChrome/141.0.7390.37 Safari/537.36"
[2026-09-04T13:06:34.628Z]  "GET /js/contextual-nav.js" "Mozilla/5.0 (X11; Linux x86_64) AppleWebKit/537.36 (KHTML, like Gecko) HeadlessChrome/141.0.7390.37 Safari/537.36"
[2026-09-04T13:06:34.628Z]  "GET /js/ui-v2-shell.js" "Mozilla/5.0 (X11; Linux x86_64) AppleWebKit/537.36 (KHTML, like Gecko) HeadlessChrome/141.0.7390.37 Safari/537.36"
[2026-09-04T13:06:34.628Z]  "GET /js/ui-v3-passerelle.js" "Mozilla/5.0 (X11; Linux x86_64) AppleWebKit/537.36 (KHTML, like Gecko) HeadlessChrome/141.0.7390.37 Safari/537.36"
[2026-09-04T13:06:34.628Z]  "GET /js/ui-v4b-fiche.js" "Mozilla/5.0 (X11; Linux x86_64) AppleWebKit/537.36 (KHTML, like Gecko) HeadlessChrome/141.0.7390.37 Safari/537.36"
[2026-09-04T13:06:34.628Z]  "GET /js/ui-v4a0-tete.js" "Mozilla/5.0 (X11; Linux x86_64) AppleWebKit/537.36 (KHTML, like Gecko) HeadlessChrome/141.0.7390.37 Safari/537.36"
[2026-09-04T13:06:34.642Z]  "GET /js/ui-v4a1-intentions.js" "Mozilla/5.0 (X11; Linux x86_64) AppleWebKit/537.36 (KHTML, like Gecko) HeadlessChrome/141.0.7390.37 Safari/537.36"
[2026-09-04T13:06:34.642Z]  "GET /js/ui-v4a2-cartes.js" "Mozilla/5.0 (X11; Linux x86_64) AppleWebKit/537.36 (KHTML, like Gecko) HeadlessChrome/141.0.7390.37 Safari/537.36"
[2026-09-04T13:06:34.642Z]  "GET /js/ui-v4a3-vue.js" "Mozilla/5.0 (X11; Linux x86_64) AppleWebKit/537.36 (KHTML, like Gecko) HeadlessChrome/141.0.7390.37 Safari/537.36"
[2026-09-04T13:06:34.642Z]  "GET /js/ui-v5-bobines.js" "Mozilla/5.0 (X11; Linux x86_64) AppleWebKit/537.36 (KHTML, like Gecko) HeadlessChrome/141.0.7390.37 Safari/537.36"
[2026-09-04T13:06:34.643Z]  "GET /js/ui-v4a4-outils.js" "Mozilla/5.0 (X11; Linux x86_64) AppleWebKit/537.36 (KHTML, like Gecko) HeadlessChrome/141.0.7390.37 Safari/537.36"
[2026-09-04T13:06:34.643Z]  "GET /js/ui-v4a5-filtres.js" "Mozilla/5.0 (X11; Linux x86_64) AppleWebKit/537.36 (KHTML, like Gecko) HeadlessChrome/141.0.7390.37 Safari/537.36"
[2026-09-04T13:06:34.656Z]  "GET /js/ui-v6-composer.js" "Mozilla/5.0 (X11; Linux x86_64) AppleWebKit/537.36 (KHTML, like Gecko) HeadlessChrome/141.0.7390.37 Safari/537.36"
[2026-09-04T13:06:34.656Z]  "GET /js/ui-v6a-messages.js" "Mozilla/5.0 (X11; Linux x86_64) AppleWebKit/537.36 (KHTML, like Gecko) HeadlessChrome/141.0.7390.37 Safari/537.36"
[2026-09-04T13:06:34.657Z]  "GET /js/ui-v6b-profil.js" "Mozilla/5.0 (X11; Linux x86_64) AppleWebKit/537.36 (KHTML, like Gecko) HeadlessChrome/141.0.7390.37 Safari/537.36"
[2026-09-04T13:06:34.657Z]  "GET /js/ui-v6c-proposer-irl.js" "Mozilla/5.0 (X11; Linux x86_64) AppleWebKit/537.36 (KHTML, like Gecko) HeadlessChrome/141.0.7390.37 Safari/537.36"
[2026-09-04T13:06:34.657Z]  "GET /js/ui-v7-lot.js" "Mozilla/5.0 (X11; Linux x86_64) AppleWebKit/537.36 (KHTML, like Gecko) HeadlessChrome/141.0.7390.37 Safari/537.36"
[2026-09-04T13:06:34.658Z]  "GET /js/passions-flat.js" "Mozilla/5.0 (X11; Linux x86_64) AppleWebKit/537.36 (KHTML, like Gecko) HeadlessChrome/141.0.7390.37 Safari/537.36"
[2026-09-04T13:06:34.670Z]  "GET /js/passion-selector.js" "Mozilla/5.0 (X11; Linux x86_64) AppleWebKit/537.36 (KHTML, like Gecko) HeadlessChrome/141.0.7390.37 Safari/537.36"
[2026-09-04T13:06:34.673Z]  "GET /js/passions-flat-ui.js" "Mozilla/5.0 (X11; Linux x86_64) AppleWebKit/537.36 (KHTML, like Gecko) HeadlessChrome/141.0.7390.37 Safari/537.36"
[2026-09-04T13:06:34.674Z]  "GET /js/pwa-landing.js" "Mozilla/5.0 (X11; Linux x86_64) AppleWebKit/537.36 (KHTML, like Gecko) HeadlessChrome/141.0.7390.37 Safari/537.36"
[2026-09-04T13:06:34.674Z]  "GET /js/emoji-misc.js" "Mozilla/5.0 (X11; Linux x86_64) AppleWebKit/537.36 (KHTML, like Gecko) HeadlessChrome/141.0.7390.37 Safari/537.36"
[2026-09-04T13:06:47.210Z]  "GET /sw.js" "Mozilla/5.0 (X11; Linux x86_64) AppleWebKit/537.36 (KHTML, like Gecko) HeadlessChrome/141.0.7390.37 Safari/537.36"
[2026-09-04T13:06:47.241Z]  "GET /index.html" "Mozilla/5.0 (X11; Linux x86_64) AppleWebKit/537.36 (KHTML, like Gecko) HeadlessChrome/141.0.7390.37 Safari/537.36"
[2026-09-04T13:06:47.241Z]  "GET /styles.css" "Mozilla/5.0 (X11; Linux x86_64) AppleWebKit/537.36 (KHTML, like Gecko) HeadlessChrome/141.0.7390.37 Safari/537.36"
[2026-09-04T13:06:47.243Z]  "GET /manifest.json" "Mozilla/5.0 (X11; Linux x86_64) AppleWebKit/537.36 (KHTML, like Gecko) HeadlessChrome/141.0.7390.37 Safari/537.36"
[2026-09-04T13:06:47.256Z]  "GET /icon-192.png" "Mozilla/5.0 (X11; Linux x86_64) AppleWebKit/537.36 (KHTML, like Gecko) HeadlessChrome/141.0.7390.37 Safari/537.36"
[2026-09-04T13:06:47.259Z]  "GET /icon-512.png" "Mozilla/5.0 (X11; Linux x86_64) AppleWebKit/537.36 (KHTML, like Gecko) HeadlessChrome/141.0.7390.37 Safari/537.36"
[2026-09-04T13:06:47.268Z]  "GET /sw.js" "Mozilla/5.0 (X11; Linux x86_64) AppleWebKit/537.36 (KHTML, like Gecko) HeadlessChrome/141.0.7390.37 Safari/537.36"
[2026-09-04T13:06:48.309Z]  "GET /index.html" "Mozilla/5.0 (X11; Linux x86_64) AppleWebKit/537.36 (KHTML, like Gecko) HeadlessChrome/141.0.7390.37 Safari/537.36"
[2026-09-04T13:06:48.317Z]  "GET /js/access-gate.js" "Mozilla/5.0 (X11; Linux x86_64) AppleWebKit/537.36 (KHTML, like Gecko) HeadlessChrome/141.0.7390.37 Safari/537.36"
[2026-09-04T13:06:48.324Z]  "GET /js/platform.js" "Mozilla/5.0 (X11; Linux x86_64) AppleWebKit/537.36 (KHTML, like Gecko) HeadlessChrome/141.0.7390.37 Safari/537.36"
[2026-09-04T13:06:48.331Z]  "GET /styles.css" "Mozilla/5.0 (X11; Linux x86_64) AppleWebKit/537.36 (KHTML, like Gecko) HeadlessChrome/141.0.7390.37 Safari/537.36"
[2026-09-04T13:06:48.331Z]  "GET /js/telemetry.js" "Mozilla/5.0 (X11; Linux x86_64) AppleWebKit/537.36 (KHTML, like Gecko) HeadlessChrome/141.0.7390.37 Safari/537.36"
[2026-09-04T13:06:48.331Z]  "GET /js/perf-ios.js" "Mozilla/5.0 (X11; Linux x86_64) AppleWebKit/537.36 (KHTML, like Gecko) HeadlessChrome/141.0.7390.37 Safari/537.36"
[2026-09-04T13:06:48.332Z]  "GET /js/pwa-detect.js" "Mozilla/5.0 (X11; Linux x86_64) AppleWebKit/537.36 (KHTML, like Gecko) HeadlessChrome/141.0.7390.37 Safari/537.36"
[2026-09-04T13:06:48.332Z]  "GET /js/supabase-loader.js" "Mozilla/5.0 (X11; Linux x86_64) AppleWebKit/537.36 (KHTML, like Gecko) HeadlessChrome/141.0.7390.37 Safari/537.36"
[2026-09-04T13:06:48.341Z]  "GET /js/map-loader.js" "Mozilla/5.0 (X11; Linux x86_64) AppleWebKit/537.36 (KHTML, like Gecko) HeadlessChrome/141.0.7390.37 Safari/537.36"
[2026-09-04T13:06:48.345Z]  "GET /js/idb-store.js" "Mozilla/5.0 (X11; Linux x86_64) AppleWebKit/537.36 (KHTML, like Gecko) HeadlessChrome/141.0.7390.37 Safari/537.36"
[2026-09-04T13:06:48.348Z]  "GET /js/first-run.js" "Mozilla/5.0 (X11; Linux x86_64) AppleWebKit/537.36 (KHTML, like Gecko) HeadlessChrome/141.0.7390.37 Safari/537.36"
[2026-09-04T13:06:48.351Z]  "GET /js/app-01-diag-seed.js" "Mozilla/5.0 (X11; Linux x86_64) AppleWebKit/537.36 (KHTML, like Gecko) HeadlessChrome/141.0.7390.37 Safari/537.36"
[2026-09-04T13:06:48.352Z]  "GET /js/app-02-state-utils.js" "Mozilla/5.0 (X11; Linux x86_64) AppleWebKit/537.36 (KHTML, like Gecko) HeadlessChrome/141.0.7390.37 Safari/537.36"
[2026-09-04T13:06:48.352Z]  "GET /js/app-03-posts-vlogs.js" "Mozilla/5.0 (X11; Linux x86_64) AppleWebKit/537.36 (KHTML, like Gecko) HeadlessChrome/141.0.7390.37 Safari/537.36"
[2026-09-04T13:06:48.358Z]  "GET /js/app-04-comments-shop.js" "Mozilla/5.0 (X11; Linux x86_64) AppleWebKit/537.36 (KHTML, like Gecko) HeadlessChrome/141.0.7390.37 Safari/537.36"
[2026-09-04T13:06:48.362Z]  "GET /js/app-05-config-profil.js" "Mozilla/5.0 (X11; Linux x86_64) AppleWebKit/537.36 (KHTML, like Gecko) HeadlessChrome/141.0.7390.37 Safari/537.36"
[2026-09-04T13:06:48.366Z]  "GET /js/app-06-reels-partage.js" "Mozilla/5.0 (X11; Linux x86_64) AppleWebKit/537.36 (KHTML, like Gecko) HeadlessChrome/141.0.7390.37 Safari/537.36"
[2026-09-04T13:06:48.372Z]  "GET /js/app-07-ia-explore-irl.js" "Mozilla/5.0 (X11; Linux x86_64) AppleWebKit/537.36 (KHTML, like Gecko) HeadlessChrome/141.0.7390.37 Safari/537.36"
[2026-09-04T13:06:48.376Z]  "GET /js/app-08-ui-modals-tour.js" "Mozilla/5.0 (X11; Linux x86_64) AppleWebKit/537.36 (KHTML, like Gecko) HeadlessChrome/141.0.7390.37 Safari/537.36"
[2026-09-04T13:06:48.378Z]  "GET /js/app-09-boot-pwa.js" "Mozilla/5.0 (X11; Linux x86_64) AppleWebKit/537.36 (KHTML, like Gecko) HeadlessChrome/141.0.7390.37 Safari/537.36"
[2026-09-04T13:06:48.381Z]  "GET /js/contextual-nav.js" "Mozilla/5.0 (X11; Linux x86_64) AppleWebKit/537.36 (KHTML, like Gecko) HeadlessChrome/141.0.7390.37 Safari/537.36"
[2026-09-04T13:06:48.384Z]  "GET /js/ui-v2-shell.js" "Mozilla/5.0 (X11; Linux x86_64) AppleWebKit/537.36 (KHTML, like Gecko) HeadlessChrome/141.0.7390.37 Safari/537.36"
[2026-09-04T13:06:48.387Z]  "GET /js/ui-v3-passerelle.js" "Mozilla/5.0 (X11; Linux x86_64) AppleWebKit/537.36 (KHTML, like Gecko) HeadlessChrome/141.0.7390.37 Safari/537.36"
[2026-09-04T13:06:48.396Z]  "GET /js/ui-v4b-fiche.js" "Mozilla/5.0 (X11; Linux x86_64) AppleWebKit/537.36 (KHTML, like Gecko) HeadlessChrome/141.0.7390.37 Safari/537.36"
[2026-09-04T13:06:48.398Z]  "GET /js/ui-v4a0-tete.js" "Mozilla/5.0 (X11; Linux x86_64) AppleWebKit/537.36 (KHTML, like Gecko) HeadlessChrome/141.0.7390.37 Safari/537.36"
[2026-09-04T13:06:48.398Z]  "GET /js/ui-v4a1-intentions.js" "Mozilla/5.0 (X11; Linux x86_64) AppleWebKit/537.36 (KHTML, like Gecko) HeadlessChrome/141.0.7390.37 Safari/537.36"
[2026-09-04T13:06:48.399Z]  "GET /js/ui-v4a2-cartes.js" "Mozilla/5.0 (X11; Linux x86_64) AppleWebKit/537.36 (KHTML, like Gecko) HeadlessChrome/141.0.7390.37 Safari/537.36"
[2026-09-04T13:06:48.399Z]  "GET /js/ui-v4a3-vue.js" "Mozilla/5.0 (X11; Linux x86_64) AppleWebKit/537.36 (KHTML, like Gecko) HeadlessChrome/141.0.7390.37 Safari/537.36"
[2026-09-04T13:06:48.399Z]  "GET /js/ui-v5-bobines.js" "Mozilla/5.0 (X11; Linux x86_64) AppleWebKit/537.36 (KHTML, like Gecko) HeadlessChrome/141.0.7390.37 Safari/537.36"
[2026-09-04T13:06:48.410Z]  "GET /js/ui-v4a4-outils.js" "Mozilla/5.0 (X11; Linux x86_64) AppleWebKit/537.36 (KHTML, like Gecko) HeadlessChrome/141.0.7390.37 Safari/537.36"
[2026-09-04T13:06:48.414Z]  "GET /js/ui-v4a5-filtres.js" "Mozilla/5.0 (X11; Linux x86_64) AppleWebKit/537.36 (KHTML, like Gecko) HeadlessChrome/141.0.7390.37 Safari/537.36"
[2026-09-04T13:06:48.416Z]  "GET /js/ui-v6-composer.js" "Mozilla/5.0 (X11; Linux x86_64) AppleWebKit/537.36 (KHTML, like Gecko) HeadlessChrome/141.0.7390.37 Safari/537.36"
[2026-09-04T13:06:48.416Z]  "GET /js/ui-v6a-messages.js" "Mozilla/5.0 (X11; Linux x86_64) AppleWebKit/537.36 (KHTML, like Gecko) HeadlessChrome/141.0.7390.37 Safari/537.36"
[2026-09-04T13:06:48.417Z]  "GET /js/ui-v6b-profil.js" "Mozilla/5.0 (X11; Linux x86_64) AppleWebKit/537.36 (KHTML, like Gecko) HeadlessChrome/141.0.7390.37 Safari/537.36"
[2026-09-04T13:06:48.417Z]  "GET /js/ui-v6c-proposer-irl.js" "Mozilla/5.0 (X11; Linux x86_64) AppleWebKit/537.36 (KHTML, like Gecko) HeadlessChrome/141.0.7390.37 Safari/537.36"
[2026-09-04T13:06:48.418Z]  "GET /js/ui-v7-lot.js" "Mozilla/5.0 (X11; Linux x86_64) AppleWebKit/537.36 (KHTML, like Gecko) HeadlessChrome/141.0.7390.37 Safari/537.36"
[2026-09-04T13:06:48.431Z]  "GET /js/passions-flat.js" "Mozilla/5.0 (X11; Linux x86_64) AppleWebKit/537.36 (KHTML, like Gecko) HeadlessChrome/141.0.7390.37 Safari/537.36"
[2026-09-04T13:06:48.432Z]  "GET /js/passion-selector.js" "Mozilla/5.0 (X11; Linux x86_64) AppleWebKit/537.36 (KHTML, like Gecko) HeadlessChrome/141.0.7390.37 Safari/537.36"
[2026-09-04T13:06:48.432Z]  "GET /js/passions-flat-ui.js" "Mozilla/5.0 (X11; Linux x86_64) AppleWebKit/537.36 (KHTML, like Gecko) HeadlessChrome/141.0.7390.37 Safari/537.36"
[2026-09-04T13:06:48.432Z]  "GET /js/pwa-landing.js" "Mozilla/5.0 (X11; Linux x86_64) AppleWebKit/537.36 (KHTML, like Gecko) HeadlessChrome/141.0.7390.37 Safari/537.36"
[2026-09-04T13:06:48.433Z]  "GET /js/emoji-misc.js" "Mozilla/5.0 (X11; Linux x86_64) AppleWebKit/537.36 (KHTML, like Gecko) HeadlessChrome/141.0.7390.37 Safari/537.36"
[2026-09-04T13:07:00.814Z]  "GET /sw.js" "Mozilla/5.0 (X11; Linux x86_64) AppleWebKit/537.36 (KHTML, like Gecko) HeadlessChrome/141.0.7390.37 Safari/537.36"
[2026-09-04T13:07:00.831Z]  "GET /index.html" "Mozilla/5.0 (X11; Linux x86_64) AppleWebKit/537.36 (KHTML, like Gecko) HeadlessChrome/141.0.7390.37 Safari/537.36"
[2026-09-04T13:07:00.832Z]  "GET /styles.css" "Mozilla/5.0 (X11; Linux x86_64) AppleWebKit/537.36 (KHTML, like Gecko) HeadlessChrome/141.0.7390.37 Safari/537.36"
[2026-09-04T13:07:00.832Z]  "GET /manifest.json" "Mozilla/5.0 (X11; Linux x86_64) AppleWebKit/537.36 (KHTML, like Gecko) HeadlessChrome/141.0.7390.37 Safari/537.36"
[2026-09-04T13:07:00.844Z]  "GET /icon-192.png" "Mozilla/5.0 (X11; Linux x86_64) AppleWebKit/537.36 (KHTML, like Gecko) HeadlessChrome/141.0.7390.37 Safari/537.36"
[2026-09-04T13:07:00.845Z]  "GET /icon-512.png" "Mozilla/5.0 (X11; Linux x86_64) AppleWebKit/537.36 (KHTML, like Gecko) HeadlessChrome/141.0.7390.37 Safari/537.36"
[2026-09-04T13:07:00.863Z]  "GET /sw.js" "Mozilla/5.0 (X11; Linux x86_64) AppleWebKit/537.36 (KHTML, like Gecko) HeadlessChrome/141.0.7390.37 Safari/537.36"
[2026-09-04T13:07:02.185Z]  "GET /index.html" "Mozilla/5.0 (X11; Linux x86_64) AppleWebKit/537.36 (KHTML, like Gecko) HeadlessChrome/141.0.7390.37 Safari/537.36"
[2026-09-04T13:07:02.200Z]  "GET /js/access-gate.js" "Mozilla/5.0 (X11; Linux x86_64) AppleWebKit/537.36 (KHTML, like Gecko) HeadlessChrome/141.0.7390.37 Safari/537.36"
[2026-09-04T13:07:02.208Z]  "GET /js/platform.js" "Mozilla/5.0 (X11; Linux x86_64) AppleWebKit/537.36 (KHTML, like Gecko) HeadlessChrome/141.0.7390.37 Safari/537.36"
[2026-09-04T13:07:02.209Z]  "GET /js/telemetry.js" "Mozilla/5.0 (X11; Linux x86_64) AppleWebKit/537.36 (KHTML, like Gecko) HeadlessChrome/141.0.7390.37 Safari/537.36"
[2026-09-04T13:07:02.209Z]  "GET /js/perf-ios.js" "Mozilla/5.0 (X11; Linux x86_64) AppleWebKit/537.36 (KHTML, like Gecko) HeadlessChrome/141.0.7390.37 Safari/537.36"
[2026-09-04T13:07:02.214Z]  "GET /js/pwa-detect.js" "Mozilla/5.0 (X11; Linux x86_64) AppleWebKit/537.36 (KHTML, like Gecko) HeadlessChrome/141.0.7390.37 Safari/537.36"
[2026-09-04T13:07:02.216Z]  "GET /styles.css" "Mozilla/5.0 (X11; Linux x86_64) AppleWebKit/537.36 (KHTML, like Gecko) HeadlessChrome/141.0.7390.37 Safari/537.36"
[2026-09-04T13:07:02.221Z]  "GET /js/supabase-loader.js" "Mozilla/5.0 (X11; Linux x86_64) AppleWebKit/537.36 (KHTML, like Gecko) HeadlessChrome/141.0.7390.37 Safari/537.36"
[2026-09-04T13:07:02.221Z]  "GET /js/map-loader.js" "Mozilla/5.0 (X11; Linux x86_64) AppleWebKit/537.36 (KHTML, like Gecko) HeadlessChrome/141.0.7390.37 Safari/537.36"
[2026-09-04T13:07:02.222Z]  "GET /js/idb-store.js" "Mozilla/5.0 (X11; Linux x86_64) AppleWebKit/537.36 (KHTML, like Gecko) HeadlessChrome/141.0.7390.37 Safari/537.36"
[2026-09-04T13:07:02.222Z]  "GET /js/first-run.js" "Mozilla/5.0 (X11; Linux x86_64) AppleWebKit/537.36 (KHTML, like Gecko) HeadlessChrome/141.0.7390.37 Safari/537.36"
[2026-09-04T13:07:02.223Z]  "GET /js/app-01-diag-seed.js" "Mozilla/5.0 (X11; Linux x86_64) AppleWebKit/537.36 (KHTML, like Gecko) HeadlessChrome/141.0.7390.37 Safari/537.36"
[2026-09-04T13:07:02.224Z]  "GET /js/app-02-state-utils.js" "Mozilla/5.0 (X11; Linux x86_64) AppleWebKit/537.36 (KHTML, like Gecko) HeadlessChrome/141.0.7390.37 Safari/537.36"
[2026-09-04T13:07:02.235Z]  "GET /js/app-03-posts-vlogs.js" "Mozilla/5.0 (X11; Linux x86_64) AppleWebKit/537.36 (KHTML, like Gecko) HeadlessChrome/141.0.7390.37 Safari/537.36"
[2026-09-04T13:07:02.241Z]  "GET /js/app-04-comments-shop.js" "Mozilla/5.0 (X11; Linux x86_64) AppleWebKit/537.36 (KHTML, like Gecko) HeadlessChrome/141.0.7390.37 Safari/537.36"
[2026-09-04T13:07:02.242Z]  "GET /js/app-05-config-profil.js" "Mozilla/5.0 (X11; Linux x86_64) AppleWebKit/537.36 (KHTML, like Gecko) HeadlessChrome/141.0.7390.37 Safari/537.36"
[2026-09-04T13:07:02.243Z]  "GET /js/app-06-reels-partage.js" "Mozilla/5.0 (X11; Linux x86_64) AppleWebKit/537.36 (KHTML, like Gecko) HeadlessChrome/141.0.7390.37 Safari/537.36"
[2026-09-04T13:07:02.252Z]  "GET /js/app-07-ia-explore-irl.js" "Mozilla/5.0 (X11; Linux x86_64) AppleWebKit/537.36 (KHTML, like Gecko) HeadlessChrome/141.0.7390.37 Safari/537.36"
[2026-09-04T13:07:02.259Z]  "GET /js/app-08-ui-modals-tour.js" "Mozilla/5.0 (X11; Linux x86_64) AppleWebKit/537.36 (KHTML, like Gecko) HeadlessChrome/141.0.7390.37 Safari/537.36"
[2026-09-04T13:07:02.263Z]  "GET /js/app-09-boot-pwa.js" "Mozilla/5.0 (X11; Linux x86_64) AppleWebKit/537.36 (KHTML, like Gecko) HeadlessChrome/141.0.7390.37 Safari/537.36"
[2026-09-04T13:07:02.266Z]  "GET /js/contextual-nav.js" "Mozilla/5.0 (X11; Linux x86_64) AppleWebKit/537.36 (KHTML, like Gecko) HeadlessChrome/141.0.7390.37 Safari/537.36"
[2026-09-04T13:07:02.267Z]  "GET /js/ui-v2-shell.js" "Mozilla/5.0 (X11; Linux x86_64) AppleWebKit/537.36 (KHTML, like Gecko) HeadlessChrome/141.0.7390.37 Safari/537.36"
[2026-09-04T13:07:02.270Z]  "GET /js/ui-v3-passerelle.js" "Mozilla/5.0 (X11; Linux x86_64) AppleWebKit/537.36 (KHTML, like Gecko) HeadlessChrome/141.0.7390.37 Safari/537.36"
[2026-09-04T13:07:02.274Z]  "GET /js/ui-v4b-fiche.js" "Mozilla/5.0 (X11; Linux x86_64) AppleWebKit/537.36 (KHTML, like Gecko) HeadlessChrome/141.0.7390.37 Safari/537.36"
[2026-09-04T13:07:02.276Z]  "GET /js/ui-v4a0-tete.js" "Mozilla/5.0 (X11; Linux x86_64) AppleWebKit/537.36 (KHTML, like Gecko) HeadlessChrome/141.0.7390.37 Safari/537.36"
[2026-09-04T13:07:02.279Z]  "GET /js/ui-v4a1-intentions.js" "Mozilla/5.0 (X11; Linux x86_64) AppleWebKit/537.36 (KHTML, like Gecko) HeadlessChrome/141.0.7390.37 Safari/537.36"
[2026-09-04T13:07:02.280Z]  "GET /js/ui-v4a2-cartes.js" "Mozilla/5.0 (X11; Linux x86_64) AppleWebKit/537.36 (KHTML, like Gecko) HeadlessChrome/141.0.7390.37 Safari/537.36"
[2026-09-04T13:07:02.284Z]  "GET /js/ui-v4a3-vue.js" "Mozilla/5.0 (X11; Linux x86_64) AppleWebKit/537.36 (KHTML, like Gecko) HeadlessChrome/141.0.7390.37 Safari/537.36"
[2026-09-04T13:07:02.285Z]  "GET /js/ui-v5-bobines.js" "Mozilla/5.0 (X11; Linux x86_64) AppleWebKit/537.36 (KHTML, like Gecko) HeadlessChrome/141.0.7390.37 Safari/537.36"
[2026-09-04T13:07:02.289Z]  "GET /js/ui-v4a4-outils.js" "Mozilla/5.0 (X11; Linux x86_64) AppleWebKit/537.36 (KHTML, like Gecko) HeadlessChrome/141.0.7390.37 Safari/537.36"
[2026-09-04T13:07:02.290Z]  "GET /js/ui-v4a5-filtres.js" "Mozilla/5.0 (X11; Linux x86_64) AppleWebKit/537.36 (KHTML, like Gecko) HeadlessChrome/141.0.7390.37 Safari/537.36"
[2026-09-04T13:07:02.290Z]  "GET /js/ui-v6-composer.js" "Mozilla/5.0 (X11; Linux x86_64) AppleWebKit/537.36 (KHTML, like Gecko) HeadlessChrome/141.0.7390.37 Safari/537.36"
[2026-09-04T13:07:02.291Z]  "GET /js/ui-v6a-messages.js" "Mozilla/5.0 (X11; Linux x86_64) AppleWebKit/537.36 (KHTML, like Gecko) HeadlessChrome/141.0.7390.37 Safari/537.36"
[2026-09-04T13:07:02.291Z]  "GET /js/ui-v6b-profil.js" "Mozilla/5.0 (X11; Linux x86_64) AppleWebKit/537.36 (KHTML, like Gecko) HeadlessChrome/141.0.7390.37 Safari/537.36"
[2026-09-04T13:07:02.293Z]  "GET /js/ui-v6c-proposer-irl.js" "Mozilla/5.0 (X11; Linux x86_64) AppleWebKit/537.36 (KHTML, like Gecko) HeadlessChrome/141.0.7390.37 Safari/537.36"
[2026-09-04T13:07:02.298Z]  "GET /js/ui-v7-lot.js" "Mozilla/5.0 (X11; Linux x86_64) AppleWebKit/537.36 (KHTML, like Gecko) HeadlessChrome/141.0.7390.37 Safari/537.36"
[2026-09-04T13:07:02.304Z]  "GET /js/passions-flat.js" "Mozilla/5.0 (X11; Linux x86_64) AppleWebKit/537.36 (KHTML, like Gecko) HeadlessChrome/141.0.7390.37 Safari/537.36"
[2026-09-04T13:07:02.307Z]  "GET /js/passion-selector.js" "Mozilla/5.0 (X11; Linux x86_64) AppleWebKit/537.36 (KHTML, like Gecko) HeadlessChrome/141.0.7390.37 Safari/537.36"
[2026-09-04T13:07:02.307Z]  "GET /js/passions-flat-ui.js" "Mozilla/5.0 (X11; Linux x86_64) AppleWebKit/537.36 (KHTML, like Gecko) HeadlessChrome/141.0.7390.37 Safari/537.36"
[2026-09-04T13:07:02.307Z]  "GET /js/pwa-landing.js" "Mozilla/5.0 (X11; Linux x86_64) AppleWebKit/537.36 (KHTML, like Gecko) HeadlessChrome/141.0.7390.37 Safari/537.36"
[2026-09-04T13:07:02.307Z]  "GET /js/emoji-misc.js" "Mozilla/5.0 (X11; Linux x86_64) AppleWebKit/537.36 (KHTML, like Gecko) HeadlessChrome/141.0.7390.37 Safari/537.36"
[2026-09-04T13:07:14.798Z]  "GET /sw.js" "Mozilla/5.0 (X11; Linux x86_64) AppleWebKit/537.36 (KHTML, like Gecko) HeadlessChrome/141.0.7390.37 Safari/537.36"
[2026-09-04T13:07:14.816Z]  "GET /index.html" "Mozilla/5.0 (X11; Linux x86_64) AppleWebKit/537.36 (KHTML, like Gecko) HeadlessChrome/141.0.7390.37 Safari/537.36"
[2026-09-04T13:07:14.820Z]  "GET /styles.css" "Mozilla/5.0 (X11; Linux x86_64) AppleWebKit/537.36 (KHTML, like Gecko) HeadlessChrome/141.0.7390.37 Safari/537.36"
[2026-09-04T13:07:14.820Z]  "GET /manifest.json" "Mozilla/5.0 (X11; Linux x86_64) AppleWebKit/537.36 (KHTML, like Gecko) HeadlessChrome/141.0.7390.37 Safari/537.36"
[2026-09-04T13:07:14.828Z]  "GET /icon-192.png" "Mozilla/5.0 (X11; Linux x86_64) AppleWebKit/537.36 (KHTML, like Gecko) HeadlessChrome/141.0.7390.37 Safari/537.36"
[2026-09-04T13:07:14.834Z]  "GET /icon-512.png" "Mozilla/5.0 (X11; Linux x86_64) AppleWebKit/537.36 (KHTML, like Gecko) HeadlessChrome/141.0.7390.37 Safari/537.36"
[2026-09-04T13:07:14.844Z]  "GET /sw.js" "Mozilla/5.0 (X11; Linux x86_64) AppleWebKit/537.36 (KHTML, like Gecko) HeadlessChrome/141.0.7390.37 Safari/537.36"
[2026-09-04T13:07:14.933Z]  "GET /index.html" "Mozilla/5.0 (X11; Linux x86_64) AppleWebKit/537.36 (KHTML, like Gecko) HeadlessChrome/141.0.7390.37 Safari/537.36"
[2026-09-04T13:07:14.942Z]  "GET /js/access-gate.js" "Mozilla/5.0 (X11; Linux x86_64) AppleWebKit/537.36 (KHTML, like Gecko) HeadlessChrome/141.0.7390.37 Safari/537.36"
[2026-09-04T13:07:14.955Z]  "GET /js/platform.js" "Mozilla/5.0 (X11; Linux x86_64) AppleWebKit/537.36 (KHTML, like Gecko) HeadlessChrome/141.0.7390.37 Safari/537.36"
[2026-09-04T13:07:14.956Z]  "GET /js/telemetry.js" "Mozilla/5.0 (X11; Linux x86_64) AppleWebKit/537.36 (KHTML, like Gecko) HeadlessChrome/141.0.7390.37 Safari/537.36"
[2026-09-04T13:07:14.959Z]  "GET /styles.css" "Mozilla/5.0 (X11; Linux x86_64) AppleWebKit/537.36 (KHTML, like Gecko) HeadlessChrome/141.0.7390.37 Safari/537.36"
[2026-09-04T13:07:14.959Z]  "GET /js/perf-ios.js" "Mozilla/5.0 (X11; Linux x86_64) AppleWebKit/537.36 (KHTML, like Gecko) HeadlessChrome/141.0.7390.37 Safari/537.36"
[2026-09-04T13:07:14.960Z]  "GET /js/pwa-detect.js" "Mozilla/5.0 (X11; Linux x86_64) AppleWebKit/537.36 (KHTML, like Gecko) HeadlessChrome/141.0.7390.37 Safari/537.36"
[2026-09-04T13:07:14.961Z]  "GET /js/supabase-loader.js" "Mozilla/5.0 (X11; Linux x86_64) AppleWebKit/537.36 (KHTML, like Gecko) HeadlessChrome/141.0.7390.37 Safari/537.36"
[2026-09-04T13:07:14.965Z]  "GET /js/map-loader.js" "Mozilla/5.0 (X11; Linux x86_64) AppleWebKit/537.36 (KHTML, like Gecko) HeadlessChrome/141.0.7390.37 Safari/537.36"
[2026-09-04T13:07:14.965Z]  "GET /js/idb-store.js" "Mozilla/5.0 (X11; Linux x86_64) AppleWebKit/537.36 (KHTML, like Gecko) HeadlessChrome/141.0.7390.37 Safari/537.36"
[2026-09-04T13:07:14.966Z]  "GET /js/first-run.js" "Mozilla/5.0 (X11; Linux x86_64) AppleWebKit/537.36 (KHTML, like Gecko) HeadlessChrome/141.0.7390.37 Safari/537.36"
[2026-09-04T13:07:14.966Z]  "GET /js/app-01-diag-seed.js" "Mozilla/5.0 (X11; Linux x86_64) AppleWebKit/537.36 (KHTML, like Gecko) HeadlessChrome/141.0.7390.37 Safari/537.36"
[2026-09-04T13:07:14.967Z]  "GET /js/app-02-state-utils.js" "Mozilla/5.0 (X11; Linux x86_64) AppleWebKit/537.36 (KHTML, like Gecko) HeadlessChrome/141.0.7390.37 Safari/537.36"
[2026-09-04T13:07:14.977Z]  "GET /js/app-03-posts-vlogs.js" "Mozilla/5.0 (X11; Linux x86_64) AppleWebKit/537.36 (KHTML, like Gecko) HeadlessChrome/141.0.7390.37 Safari/537.36"
[2026-09-04T13:07:14.977Z]  "GET /js/app-04-comments-shop.js" "Mozilla/5.0 (X11; Linux x86_64) AppleWebKit/537.36 (KHTML, like Gecko) HeadlessChrome/141.0.7390.37 Safari/537.36"
[2026-09-04T13:07:14.977Z]  "GET /js/app-05-config-profil.js" "Mozilla/5.0 (X11; Linux x86_64) AppleWebKit/537.36 (KHTML, like Gecko) HeadlessChrome/141.0.7390.37 Safari/537.36"
[2026-09-04T13:07:14.978Z]  "GET /js/app-06-reels-partage.js" "Mozilla/5.0 (X11; Linux x86_64) AppleWebKit/537.36 (KHTML, like Gecko) HeadlessChrome/141.0.7390.37 Safari/537.36"
[2026-09-04T13:07:14.980Z]  "GET /js/app-07-ia-explore-irl.js" "Mozilla/5.0 (X11; Linux x86_64) AppleWebKit/537.36 (KHTML, like Gecko) HeadlessChrome/141.0.7390.37 Safari/537.36"
[2026-09-04T13:07:14.981Z]  "GET /js/app-08-ui-modals-tour.js" "Mozilla/5.0 (X11; Linux x86_64) AppleWebKit/537.36 (KHTML, like Gecko) HeadlessChrome/141.0.7390.37 Safari/537.36"
[2026-09-04T13:07:14.986Z]  "GET /js/app-09-boot-pwa.js" "Mozilla/5.0 (X11; Linux x86_64) AppleWebKit/537.36 (KHTML, like Gecko) HeadlessChrome/141.0.7390.37 Safari/537.36"
[2026-09-04T13:07:14.993Z]  "GET /js/contextual-nav.js" "Mozilla/5.0 (X11; Linux x86_64) AppleWebKit/537.36 (KHTML, like Gecko) HeadlessChrome/141.0.7390.37 Safari/537.36"
[2026-09-04T13:07:14.993Z]  "GET /js/ui-v2-shell.js" "Mozilla/5.0 (X11; Linux x86_64) AppleWebKit/537.36 (KHTML, like Gecko) HeadlessChrome/141.0.7390.37 Safari/537.36"
[2026-09-04T13:07:14.993Z]  "GET /js/ui-v3-passerelle.js" "Mozilla/5.0 (X11; Linux x86_64) AppleWebKit/537.36 (KHTML, like Gecko) HeadlessChrome/141.0.7390.37 Safari/537.36"
[2026-09-04T13:07:14.993Z]  "GET /js/ui-v4b-fiche.js" "Mozilla/5.0 (X11; Linux x86_64) AppleWebKit/537.36 (KHTML, like Gecko) HeadlessChrome/141.0.7390.37 Safari/537.36"
[2026-09-04T13:07:14.993Z]  "GET /js/ui-v4a0-tete.js" "Mozilla/5.0 (X11; Linux x86_64) AppleWebKit/537.36 (KHTML, like Gecko) HeadlessChrome/141.0.7390.37 Safari/537.36"
[2026-09-04T13:07:14.993Z]  "GET /js/ui-v4a1-intentions.js" "Mozilla/5.0 (X11; Linux x86_64) AppleWebKit/537.36 (KHTML, like Gecko) HeadlessChrome/141.0.7390.37 Safari/537.36"
[2026-09-04T13:07:15.000Z]  "GET /js/ui-v4a2-cartes.js" "Mozilla/5.0 (X11; Linux x86_64) AppleWebKit/537.36 (KHTML, like Gecko) HeadlessChrome/141.0.7390.37 Safari/537.36"
[2026-09-04T13:07:15.009Z]  "GET /js/ui-v4a3-vue.js" "Mozilla/5.0 (X11; Linux x86_64) AppleWebKit/537.36 (KHTML, like Gecko) HeadlessChrome/141.0.7390.37 Safari/537.36"
[2026-09-04T13:07:15.010Z]  "GET /js/ui-v5-bobines.js" "Mozilla/5.0 (X11; Linux x86_64) AppleWebKit/537.36 (KHTML, like Gecko) HeadlessChrome/141.0.7390.37 Safari/537.36"
[2026-09-04T13:07:15.013Z]  "GET /js/ui-v4a4-outils.js" "Mozilla/5.0 (X11; Linux x86_64) AppleWebKit/537.36 (KHTML, like Gecko) HeadlessChrome/141.0.7390.37 Safari/537.36"
[2026-09-04T13:07:15.013Z]  "GET /js/ui-v4a5-filtres.js" "Mozilla/5.0 (X11; Linux x86_64) AppleWebKit/537.36 (KHTML, like Gecko) HeadlessChrome/141.0.7390.37 Safari/537.36"
[2026-09-04T13:07:15.014Z]  "GET /js/ui-v6-composer.js" "Mozilla/5.0 (X11; Linux x86_64) AppleWebKit/537.36 (KHTML, like Gecko) HeadlessChrome/141.0.7390.37 Safari/537.36"
[2026-09-04T13:07:15.014Z]  "GET /js/ui-v6a-messages.js" "Mozilla/5.0 (X11; Linux x86_64) AppleWebKit/537.36 (KHTML, like Gecko) HeadlessChrome/141.0.7390.37 Safari/537.36"
[2026-09-04T13:07:15.015Z]  "GET /js/ui-v6b-profil.js" "Mozilla/5.0 (X11; Linux x86_64) AppleWebKit/537.36 (KHTML, like Gecko) HeadlessChrome/141.0.7390.37 Safari/537.36"
[2026-09-04T13:07:15.025Z]  "GET /js/ui-v6c-proposer-irl.js" "Mozilla/5.0 (X11; Linux x86_64) AppleWebKit/537.36 (KHTML, like Gecko) HeadlessChrome/141.0.7390.37 Safari/537.36"
[2026-09-04T13:07:15.025Z]  "GET /js/ui-v7-lot.js" "Mozilla/5.0 (X11; Linux x86_64) AppleWebKit/537.36 (KHTML, like Gecko) HeadlessChrome/141.0.7390.37 Safari/537.36"
[2026-09-04T13:07:15.026Z]  "GET /js/passions-flat.js" "Mozilla/5.0 (X11; Linux x86_64) AppleWebKit/537.36 (KHTML, like Gecko) HeadlessChrome/141.0.7390.37 Safari/537.36"
[2026-09-04T13:07:15.026Z]  "GET /js/passion-selector.js" "Mozilla/5.0 (X11; Linux x86_64) AppleWebKit/537.36 (KHTML, like Gecko) HeadlessChrome/141.0.7390.37 Safari/537.36"
[2026-09-04T13:07:15.026Z]  "GET /js/passions-flat-ui.js" "Mozilla/5.0 (X11; Linux x86_64) AppleWebKit/537.36 (KHTML, like Gecko) HeadlessChrome/141.0.7390.37 Safari/537.36"
[2026-09-04T13:07:15.026Z]  "GET /js/pwa-landing.js" "Mozilla/5.0 (X11; Linux x86_64) AppleWebKit/537.36 (KHTML, like Gecko) HeadlessChrome/141.0.7390.37 Safari/537.36"
[2026-09-04T13:07:15.036Z]  "GET /js/emoji-misc.js" "Mozilla/5.0 (X11; Linux x86_64) AppleWebKit/537.36 (KHTML, like Gecko) HeadlessChrome/141.0.7390.37 Safari/537.36"
[2026-09-04T13:07:23.507Z]  "GET /index.html" "Mozilla/5.0 (X11; Linux x86_64) AppleWebKit/537.36 (KHTML, like Gecko) HeadlessChrome/141.0.7390.37 Safari/537.36"
[2026-09-04T13:07:23.532Z]  "GET /js/access-gate.js" "Mozilla/5.0 (X11; Linux x86_64) AppleWebKit/537.36 (KHTML, like Gecko) HeadlessChrome/141.0.7390.37 Safari/537.36"
[2026-09-04T13:07:23.533Z]  "GET /js/platform.js" "Mozilla/5.0 (X11; Linux x86_64) AppleWebKit/537.36 (KHTML, like Gecko) HeadlessChrome/141.0.7390.37 Safari/537.36"
[2026-09-04T13:07:23.533Z]  "GET /js/telemetry.js" "Mozilla/5.0 (X11; Linux x86_64) AppleWebKit/537.36 (KHTML, like Gecko) HeadlessChrome/141.0.7390.37 Safari/537.36"
[2026-09-04T13:07:23.538Z]  "GET /js/perf-ios.js" "Mozilla/5.0 (X11; Linux x86_64) AppleWebKit/537.36 (KHTML, like Gecko) HeadlessChrome/141.0.7390.37 Safari/537.36"
[2026-09-04T13:07:23.539Z]  "GET /styles.css" "Mozilla/5.0 (X11; Linux x86_64) AppleWebKit/537.36 (KHTML, like Gecko) HeadlessChrome/141.0.7390.37 Safari/537.36"
[2026-09-04T13:07:23.539Z]  "GET /js/pwa-detect.js" "Mozilla/5.0 (X11; Linux x86_64) AppleWebKit/537.36 (KHTML, like Gecko) HeadlessChrome/141.0.7390.37 Safari/537.36"
[2026-09-04T13:07:23.563Z]  "GET /js/supabase-loader.js" "Mozilla/5.0 (X11; Linux x86_64) AppleWebKit/537.36 (KHTML, like Gecko) HeadlessChrome/141.0.7390.37 Safari/537.36"
[2026-09-04T13:07:23.563Z]  "GET /js/map-loader.js" "Mozilla/5.0 (X11; Linux x86_64) AppleWebKit/537.36 (KHTML, like Gecko) HeadlessChrome/141.0.7390.37 Safari/537.36"
[2026-09-04T13:07:23.563Z]  "GET /js/idb-store.js" "Mozilla/5.0 (X11; Linux x86_64) AppleWebKit/537.36 (KHTML, like Gecko) HeadlessChrome/141.0.7390.37 Safari/537.36"
[2026-09-04T13:07:23.566Z]  "GET /js/first-run.js" "Mozilla/5.0 (X11; Linux x86_64) AppleWebKit/537.36 (KHTML, like Gecko) HeadlessChrome/141.0.7390.37 Safari/537.36"
[2026-09-04T13:07:23.566Z]  "GET /js/app-01-diag-seed.js" "Mozilla/5.0 (X11; Linux x86_64) AppleWebKit/537.36 (KHTML, like Gecko) HeadlessChrome/141.0.7390.37 Safari/537.36"
[2026-09-04T13:07:23.566Z]  "GET /js/app-02-state-utils.js" "Mozilla/5.0 (X11; Linux x86_64) AppleWebKit/537.36 (KHTML, like Gecko) HeadlessChrome/141.0.7390.37 Safari/537.36"
[2026-09-04T13:07:23.569Z]  "GET /js/app-03-posts-vlogs.js" "Mozilla/5.0 (X11; Linux x86_64) AppleWebKit/537.36 (KHTML, like Gecko) HeadlessChrome/141.0.7390.37 Safari/537.36"
[2026-09-04T13:07:23.594Z]  "GET /js/app-04-comments-shop.js" "Mozilla/5.0 (X11; Linux x86_64) AppleWebKit/537.36 (KHTML, like Gecko) HeadlessChrome/141.0.7390.37 Safari/537.36"
[2026-09-04T13:07:23.594Z]  "GET /js/app-05-config-profil.js" "Mozilla/5.0 (X11; Linux x86_64) AppleWebKit/537.36 (KHTML, like Gecko) HeadlessChrome/141.0.7390.37 Safari/537.36"
[2026-09-04T13:07:23.594Z]  "GET /js/app-06-reels-partage.js" "Mozilla/5.0 (X11; Linux x86_64) AppleWebKit/537.36 (KHTML, like Gecko) HeadlessChrome/141.0.7390.37 Safari/537.36"
[2026-09-04T13:07:23.594Z]  "GET /js/app-07-ia-explore-irl.js" "Mozilla/5.0 (X11; Linux x86_64) AppleWebKit/537.36 (KHTML, like Gecko) HeadlessChrome/141.0.7390.37 Safari/537.36"
[2026-09-04T13:07:23.595Z]  "GET /js/app-08-ui-modals-tour.js" "Mozilla/5.0 (X11; Linux x86_64) AppleWebKit/537.36 (KHTML, like Gecko) HeadlessChrome/141.0.7390.37 Safari/537.36"
[2026-09-04T13:07:23.597Z]  "GET /js/app-09-boot-pwa.js" "Mozilla/5.0 (X11; Linux x86_64) AppleWebKit/537.36 (KHTML, like Gecko) HeadlessChrome/141.0.7390.37 Safari/537.36"
[2026-09-04T13:07:23.613Z]  "GET /js/contextual-nav.js" "Mozilla/5.0 (X11; Linux x86_64) AppleWebKit/537.36 (KHTML, like Gecko) HeadlessChrome/141.0.7390.37 Safari/537.36"
[2026-09-04T13:07:23.613Z]  "GET /js/ui-v2-shell.js" "Mozilla/5.0 (X11; Linux x86_64) AppleWebKit/537.36 (KHTML, like Gecko) HeadlessChrome/141.0.7390.37 Safari/537.36"
[2026-09-04T13:07:23.626Z]  "GET /js/ui-v3-passerelle.js" "Mozilla/5.0 (X11; Linux x86_64) AppleWebKit/537.36 (KHTML, like Gecko) HeadlessChrome/141.0.7390.37 Safari/537.36"
[2026-09-04T13:07:23.629Z]  "GET /js/ui-v4b-fiche.js" "Mozilla/5.0 (X11; Linux x86_64) AppleWebKit/537.36 (KHTML, like Gecko) HeadlessChrome/141.0.7390.37 Safari/537.36"
[2026-09-04T13:07:23.633Z]  "GET /js/ui-v4a0-tete.js" "Mozilla/5.0 (X11; Linux x86_64) AppleWebKit/537.36 (KHTML, like Gecko) HeadlessChrome/141.0.7390.37 Safari/537.36"
[2026-09-04T13:07:23.642Z]  "GET /js/ui-v4a1-intentions.js" "Mozilla/5.0 (X11; Linux x86_64) AppleWebKit/537.36 (KHTML, like Gecko) HeadlessChrome/141.0.7390.37 Safari/537.36"
[2026-09-04T13:07:23.644Z]  "GET /js/ui-v4a2-cartes.js" "Mozilla/5.0 (X11; Linux x86_64) AppleWebKit/537.36 (KHTML, like Gecko) HeadlessChrome/141.0.7390.37 Safari/537.36"
[2026-09-04T13:07:23.650Z]  "GET /js/ui-v4a3-vue.js" "Mozilla/5.0 (X11; Linux x86_64) AppleWebKit/537.36 (KHTML, like Gecko) HeadlessChrome/141.0.7390.37 Safari/537.36"
[2026-09-04T13:07:23.650Z]  "GET /js/ui-v5-bobines.js" "Mozilla/5.0 (X11; Linux x86_64) AppleWebKit/537.36 (KHTML, like Gecko) HeadlessChrome/141.0.7390.37 Safari/537.36"
[2026-09-04T13:07:23.650Z]  "GET /js/ui-v4a4-outils.js" "Mozilla/5.0 (X11; Linux x86_64) AppleWebKit/537.36 (KHTML, like Gecko) HeadlessChrome/141.0.7390.37 Safari/537.36"
[2026-09-04T13:07:23.657Z]  "GET /js/ui-v4a5-filtres.js" "Mozilla/5.0 (X11; Linux x86_64) AppleWebKit/537.36 (KHTML, like Gecko) HeadlessChrome/141.0.7390.37 Safari/537.36"
[2026-09-04T13:07:23.657Z]  "GET /js/ui-v6-composer.js" "Mozilla/5.0 (X11; Linux x86_64) AppleWebKit/537.36 (KHTML, like Gecko) HeadlessChrome/141.0.7390.37 Safari/537.36"
[2026-09-04T13:07:23.679Z]  "GET /js/ui-v6a-messages.js" "Mozilla/5.0 (X11; Linux x86_64) AppleWebKit/537.36 (KHTML, like Gecko) HeadlessChrome/141.0.7390.37 Safari/537.36"
[2026-09-04T13:07:23.680Z]  "GET /js/ui-v6b-profil.js" "Mozilla/5.0 (X11; Linux x86_64) AppleWebKit/537.36 (KHTML, like Gecko) HeadlessChrome/141.0.7390.37 Safari/537.36"
[2026-09-04T13:07:23.680Z]  "GET /js/ui-v6c-proposer-irl.js" "Mozilla/5.0 (X11; Linux x86_64) AppleWebKit/537.36 (KHTML, like Gecko) HeadlessChrome/141.0.7390.37 Safari/537.36"
[2026-09-04T13:07:23.680Z]  "GET /js/ui-v7-lot.js" "Mozilla/5.0 (X11; Linux x86_64) AppleWebKit/537.36 (KHTML, like Gecko) HeadlessChrome/141.0.7390.37 Safari/537.36"
[2026-09-04T13:07:23.680Z]  "GET /js/passions-flat.js" "Mozilla/5.0 (X11; Linux x86_64) AppleWebKit/537.36 (KHTML, like Gecko) HeadlessChrome/141.0.7390.37 Safari/537.36"
[2026-09-04T13:07:23.683Z]  "GET /js/passion-selector.js" "Mozilla/5.0 (X11; Linux x86_64) AppleWebKit/537.36 (KHTML, like Gecko) HeadlessChrome/141.0.7390.37 Safari/537.36"
[2026-09-04T13:07:23.690Z]  "GET /js/passions-flat-ui.js" "Mozilla/5.0 (X11; Linux x86_64) AppleWebKit/537.36 (KHTML, like Gecko) HeadlessChrome/141.0.7390.37 Safari/537.36"
[2026-09-04T13:07:23.707Z]  "GET /js/pwa-landing.js" "Mozilla/5.0 (X11; Linux x86_64) AppleWebKit/537.36 (KHTML, like Gecko) HeadlessChrome/141.0.7390.37 Safari/537.36"
[2026-09-04T13:07:23.707Z]  "GET /js/emoji-misc.js" "Mozilla/5.0 (X11; Linux x86_64) AppleWebKit/537.36 (KHTML, like Gecko) HeadlessChrome/141.0.7390.37 Safari/537.36"
[2026-09-04T13:07:36.150Z]  "GET /index.html" "Mozilla/5.0 (X11; Linux x86_64) AppleWebKit/537.36 (KHTML, like Gecko) HeadlessChrome/141.0.7390.37 Safari/537.36"
[2026-09-04T13:07:36.203Z]  "GET /js/access-gate.js" "Mozilla/5.0 (X11; Linux x86_64) AppleWebKit/537.36 (KHTML, like Gecko) HeadlessChrome/141.0.7390.37 Safari/537.36"
[2026-09-04T13:07:36.203Z]  "GET /js/platform.js" "Mozilla/5.0 (X11; Linux x86_64) AppleWebKit/537.36 (KHTML, like Gecko) HeadlessChrome/141.0.7390.37 Safari/537.36"
[2026-09-04T13:07:36.204Z]  "GET /js/telemetry.js" "Mozilla/5.0 (X11; Linux x86_64) AppleWebKit/537.36 (KHTML, like Gecko) HeadlessChrome/141.0.7390.37 Safari/537.36"
[2026-09-04T13:07:36.204Z]  "GET /js/perf-ios.js" "Mozilla/5.0 (X11; Linux x86_64) AppleWebKit/537.36 (KHTML, like Gecko) HeadlessChrome/141.0.7390.37 Safari/537.36"
[2026-09-04T13:07:36.204Z]  "GET /styles.css" "Mozilla/5.0 (X11; Linux x86_64) AppleWebKit/537.36 (KHTML, like Gecko) HeadlessChrome/141.0.7390.37 Safari/537.36"
[2026-09-04T13:07:36.224Z]  "GET /js/pwa-detect.js" "Mozilla/5.0 (X11; Linux x86_64) AppleWebKit/537.36 (KHTML, like Gecko) HeadlessChrome/141.0.7390.37 Safari/537.36"
[2026-09-04T13:07:36.228Z]  "GET /js/supabase-loader.js" "Mozilla/5.0 (X11; Linux x86_64) AppleWebKit/537.36 (KHTML, like Gecko) HeadlessChrome/141.0.7390.37 Safari/537.36"
[2026-09-04T13:07:36.228Z]  "GET /js/map-loader.js" "Mozilla/5.0 (X11; Linux x86_64) AppleWebKit/537.36 (KHTML, like Gecko) HeadlessChrome/141.0.7390.37 Safari/537.36"
[2026-09-04T13:07:36.228Z]  "GET /js/idb-store.js" "Mozilla/5.0 (X11; Linux x86_64) AppleWebKit/537.36 (KHTML, like Gecko) HeadlessChrome/141.0.7390.37 Safari/537.36"
[2026-09-04T13:07:36.229Z]  "GET /js/first-run.js" "Mozilla/5.0 (X11; Linux x86_64) AppleWebKit/537.36 (KHTML, like Gecko) HeadlessChrome/141.0.7390.37 Safari/537.36"
[2026-09-04T13:07:36.279Z]  "GET /js/app-01-diag-seed.js" "Mozilla/5.0 (X11; Linux x86_64) AppleWebKit/537.36 (KHTML, like Gecko) HeadlessChrome/141.0.7390.37 Safari/537.36"
[2026-09-04T13:07:36.293Z]  "GET /js/app-02-state-utils.js" "Mozilla/5.0 (X11; Linux x86_64) AppleWebKit/537.36 (KHTML, like Gecko) HeadlessChrome/141.0.7390.37 Safari/537.36"
[2026-09-04T13:07:36.293Z]  "GET /js/app-03-posts-vlogs.js" "Mozilla/5.0 (X11; Linux x86_64) AppleWebKit/537.36 (KHTML, like Gecko) HeadlessChrome/141.0.7390.37 Safari/537.36"
[2026-09-04T13:07:36.294Z]  "GET /js/app-04-comments-shop.js" "Mozilla/5.0 (X11; Linux x86_64) AppleWebKit/537.36 (KHTML, like Gecko) HeadlessChrome/141.0.7390.37 Safari/537.36"
[2026-09-04T13:07:36.294Z]  "GET /js/app-05-config-profil.js" "Mozilla/5.0 (X11; Linux x86_64) AppleWebKit/537.36 (KHTML, like Gecko) HeadlessChrome/141.0.7390.37 Safari/537.36"
[2026-09-04T13:07:36.299Z]  "GET /js/app-06-reels-partage.js" "Mozilla/5.0 (X11; Linux x86_64) AppleWebKit/537.36 (KHTML, like Gecko) HeadlessChrome/141.0.7390.37 Safari/537.36"
[2026-09-04T13:07:36.338Z]  "GET /js/app-07-ia-explore-irl.js" "Mozilla/5.0 (X11; Linux x86_64) AppleWebKit/537.36 (KHTML, like Gecko) HeadlessChrome/141.0.7390.37 Safari/537.36"
[2026-09-04T13:07:36.338Z]  "GET /js/app-08-ui-modals-tour.js" "Mozilla/5.0 (X11; Linux x86_64) AppleWebKit/537.36 (KHTML, like Gecko) HeadlessChrome/141.0.7390.37 Safari/537.36"
[2026-09-04T13:07:36.358Z]  "GET /js/app-09-boot-pwa.js" "Mozilla/5.0 (X11; Linux x86_64) AppleWebKit/537.36 (KHTML, like Gecko) HeadlessChrome/141.0.7390.37 Safari/537.36"
[2026-09-04T13:07:36.358Z]  "GET /js/contextual-nav.js" "Mozilla/5.0 (X11; Linux x86_64) AppleWebKit/537.36 (KHTML, like Gecko) HeadlessChrome/141.0.7390.37 Safari/537.36"
[2026-09-04T13:07:36.358Z]  "GET /js/ui-v2-shell.js" "Mozilla/5.0 (X11; Linux x86_64) AppleWebKit/537.36 (KHTML, like Gecko) HeadlessChrome/141.0.7390.37 Safari/537.36"
[2026-09-04T13:07:36.382Z]  "GET /js/ui-v3-passerelle.js" "Mozilla/5.0 (X11; Linux x86_64) AppleWebKit/537.36 (KHTML, like Gecko) HeadlessChrome/141.0.7390.37 Safari/537.36"
[2026-09-04T13:07:36.403Z]  "GET /js/ui-v4b-fiche.js" "Mozilla/5.0 (X11; Linux x86_64) AppleWebKit/537.36 (KHTML, like Gecko) HeadlessChrome/141.0.7390.37 Safari/537.36"
[2026-09-04T13:07:36.404Z]  "GET /js/ui-v4a0-tete.js" "Mozilla/5.0 (X11; Linux x86_64) AppleWebKit/537.36 (KHTML, like Gecko) HeadlessChrome/141.0.7390.37 Safari/537.36"
[2026-09-04T13:07:36.404Z]  "GET /js/ui-v4a1-intentions.js" "Mozilla/5.0 (X11; Linux x86_64) AppleWebKit/537.36 (KHTML, like Gecko) HeadlessChrome/141.0.7390.37 Safari/537.36"
[2026-09-04T13:07:36.404Z]  "GET /js/ui-v4a2-cartes.js" "Mozilla/5.0 (X11; Linux x86_64) AppleWebKit/537.36 (KHTML, like Gecko) HeadlessChrome/141.0.7390.37 Safari/537.36"
[2026-09-04T13:07:36.410Z]  "GET /js/ui-v4a3-vue.js" "Mozilla/5.0 (X11; Linux x86_64) AppleWebKit/537.36 (KHTML, like Gecko) HeadlessChrome/141.0.7390.37 Safari/537.36"
[2026-09-04T13:07:36.410Z]  "GET /js/ui-v5-bobines.js" "Mozilla/5.0 (X11; Linux x86_64) AppleWebKit/537.36 (KHTML, like Gecko) HeadlessChrome/141.0.7390.37 Safari/537.36"
[2026-09-04T13:07:36.421Z]  "GET /js/ui-v4a4-outils.js" "Mozilla/5.0 (X11; Linux x86_64) AppleWebKit/537.36 (KHTML, like Gecko) HeadlessChrome/141.0.7390.37 Safari/537.36"
[2026-09-04T13:07:36.435Z]  "GET /js/ui-v4a5-filtres.js" "Mozilla/5.0 (X11; Linux x86_64) AppleWebKit/537.36 (KHTML, like Gecko) HeadlessChrome/141.0.7390.37 Safari/537.36"
[2026-09-04T13:07:36.435Z]  "GET /js/ui-v6-composer.js" "Mozilla/5.0 (X11; Linux x86_64) AppleWebKit/537.36 (KHTML, like Gecko) HeadlessChrome/141.0.7390.37 Safari/537.36"
[2026-09-04T13:07:36.437Z]  "GET /js/ui-v6a-messages.js" "Mozilla/5.0 (X11; Linux x86_64) AppleWebKit/537.36 (KHTML, like Gecko) HeadlessChrome/141.0.7390.37 Safari/537.36"
[2026-09-04T13:07:36.438Z]  "GET /js/ui-v6b-profil.js" "Mozilla/5.0 (X11; Linux x86_64) AppleWebKit/537.36 (KHTML, like Gecko) HeadlessChrome/141.0.7390.37 Safari/537.36"
[2026-09-04T13:07:36.439Z]  "GET /js/ui-v6c-proposer-irl.js" "Mozilla/5.0 (X11; Linux x86_64) AppleWebKit/537.36 (KHTML, like Gecko) HeadlessChrome/141.0.7390.37 Safari/537.36"
[2026-09-04T13:07:36.439Z]  "GET /js/ui-v7-lot.js" "Mozilla/5.0 (X11; Linux x86_64) AppleWebKit/537.36 (KHTML, like Gecko) HeadlessChrome/141.0.7390.37 Safari/537.36"
[2026-09-04T13:07:36.451Z]  "GET /js/passions-flat.js" "Mozilla/5.0 (X11; Linux x86_64) AppleWebKit/537.36 (KHTML, like Gecko) HeadlessChrome/141.0.7390.37 Safari/537.36"
[2026-09-04T13:07:36.452Z]  "GET /js/passion-selector.js" "Mozilla/5.0 (X11; Linux x86_64) AppleWebKit/537.36 (KHTML, like Gecko) HeadlessChrome/141.0.7390.37 Safari/537.36"
[2026-09-04T13:07:36.452Z]  "GET /js/passions-flat-ui.js" "Mozilla/5.0 (X11; Linux x86_64) AppleWebKit/537.36 (KHTML, like Gecko) HeadlessChrome/141.0.7390.37 Safari/537.36"
[2026-09-04T13:07:36.452Z]  "GET /js/pwa-landing.js" "Mozilla/5.0 (X11; Linux x86_64) AppleWebKit/537.36 (KHTML, like Gecko) HeadlessChrome/141.0.7390.37 Safari/537.36"
[2026-09-04T13:07:36.452Z]  "GET /js/emoji-misc.js" "Mozilla/5.0 (X11; Linux x86_64) AppleWebKit/537.36 (KHTML, like Gecko) HeadlessChrome/141.0.7390.37 Safari/537.36"
[2026-09-04T13:07:49.131Z]  "GET /sw.js" "Mozilla/5.0 (X11; Linux x86_64) AppleWebKit/537.36 (KHTML, like Gecko) HeadlessChrome/141.0.7390.37 Safari/537.36"
[2026-09-04T13:07:49.202Z]  "GET /index.html" "Mozilla/5.0 (X11; Linux x86_64) AppleWebKit/537.36 (KHTML, like Gecko) HeadlessChrome/141.0.7390.37 Safari/537.36"
[2026-09-04T13:07:49.204Z]  "GET /styles.css" "Mozilla/5.0 (X11; Linux x86_64) AppleWebKit/537.36 (KHTML, like Gecko) HeadlessChrome/141.0.7390.37 Safari/537.36"
[2026-09-04T13:07:49.208Z]  "GET /manifest.json" "Mozilla/5.0 (X11; Linux x86_64) AppleWebKit/537.36 (KHTML, like Gecko) HeadlessChrome/141.0.7390.37 Safari/537.36"
[2026-09-04T13:07:49.262Z]  "GET /icon-192.png" "Mozilla/5.0 (X11; Linux x86_64) AppleWebKit/537.36 (KHTML, like Gecko) HeadlessChrome/141.0.7390.37 Safari/537.36"
[2026-09-04T13:07:49.262Z]  "GET /icon-512.png" "Mozilla/5.0 (X11; Linux x86_64) AppleWebKit/537.36 (KHTML, like Gecko) HeadlessChrome/141.0.7390.37 Safari/537.36"
[2026-09-04T13:07:49.281Z]  "GET /sw.js" "Mozilla/5.0 (X11; Linux x86_64) AppleWebKit/537.36 (KHTML, like Gecko) HeadlessChrome/141.0.7390.37 Safari/537.36"
[2026-09-04T13:07:52.135Z]  "GET /index.html" "Mozilla/5.0 (X11; Linux x86_64) AppleWebKit/537.36 (KHTML, like Gecko) HeadlessChrome/141.0.7390.37 Safari/537.36"
[2026-09-04T13:07:52.164Z]  "GET /js/access-gate.js" "Mozilla/5.0 (X11; Linux x86_64) AppleWebKit/537.36 (KHTML, like Gecko) HeadlessChrome/141.0.7390.37 Safari/537.36"
[2026-09-04T13:07:52.165Z]  "GET /js/platform.js" "Mozilla/5.0 (X11; Linux x86_64) AppleWebKit/537.36 (KHTML, like Gecko) HeadlessChrome/141.0.7390.37 Safari/537.36"
[2026-09-04T13:07:52.165Z]  "GET /js/telemetry.js" "Mozilla/5.0 (X11; Linux x86_64) AppleWebKit/537.36 (KHTML, like Gecko) HeadlessChrome/141.0.7390.37 Safari/537.36"
[2026-09-04T13:07:52.167Z]  "GET /styles.css" "Mozilla/5.0 (X11; Linux x86_64) AppleWebKit/537.36 (KHTML, like Gecko) HeadlessChrome/141.0.7390.37 Safari/537.36"
[2026-09-04T13:07:52.169Z]  "GET /js/perf-ios.js" "Mozilla/5.0 (X11; Linux x86_64) AppleWebKit/537.36 (KHTML, like Gecko) HeadlessChrome/141.0.7390.37 Safari/537.36"
[2026-09-04T13:07:52.171Z]  "GET /js/pwa-detect.js" "Mozilla/5.0 (X11; Linux x86_64) AppleWebKit/537.36 (KHTML, like Gecko) HeadlessChrome/141.0.7390.37 Safari/537.36"
[2026-09-04T13:07:52.181Z]  "GET /js/supabase-loader.js" "Mozilla/5.0 (X11; Linux x86_64) AppleWebKit/537.36 (KHTML, like Gecko) HeadlessChrome/141.0.7390.37 Safari/537.36"
[2026-09-04T13:07:52.195Z]  "GET /js/map-loader.js" "Mozilla/5.0 (X11; Linux x86_64) AppleWebKit/537.36 (KHTML, like Gecko) HeadlessChrome/141.0.7390.37 Safari/537.36"
[2026-09-04T13:07:52.198Z]  "GET /js/idb-store.js" "Mozilla/5.0 (X11; Linux x86_64) AppleWebKit/537.36 (KHTML, like Gecko) HeadlessChrome/141.0.7390.37 Safari/537.36"
[2026-09-04T13:07:52.200Z]  "GET /js/first-run.js" "Mozilla/5.0 (X11; Linux x86_64) AppleWebKit/537.36 (KHTML, like Gecko) HeadlessChrome/141.0.7390.37 Safari/537.36"
[2026-09-04T13:07:52.209Z]  "GET /js/app-01-diag-seed.js" "Mozilla/5.0 (X11; Linux x86_64) AppleWebKit/537.36 (KHTML, like Gecko) HeadlessChrome/141.0.7390.37 Safari/537.36"
[2026-09-04T13:07:52.215Z]  "GET /js/app-02-state-utils.js" "Mozilla/5.0 (X11; Linux x86_64) AppleWebKit/537.36 (KHTML, like Gecko) HeadlessChrome/141.0.7390.37 Safari/537.36"
[2026-09-04T13:07:52.228Z]  "GET /js/app-03-posts-vlogs.js" "Mozilla/5.0 (X11; Linux x86_64) AppleWebKit/537.36 (KHTML, like Gecko) HeadlessChrome/141.0.7390.37 Safari/537.36"
[2026-09-04T13:07:52.242Z]  "GET /js/app-04-comments-shop.js" "Mozilla/5.0 (X11; Linux x86_64) AppleWebKit/537.36 (KHTML, like Gecko) HeadlessChrome/141.0.7390.37 Safari/537.36"
[2026-09-04T13:07:52.250Z]  "GET /js/app-05-config-profil.js" "Mozilla/5.0 (X11; Linux x86_64) AppleWebKit/537.36 (KHTML, like Gecko) HeadlessChrome/141.0.7390.37 Safari/537.36"
[2026-09-04T13:07:52.257Z]  "GET /js/app-06-reels-partage.js" "Mozilla/5.0 (X11; Linux x86_64) AppleWebKit/537.36 (KHTML, like Gecko) HeadlessChrome/141.0.7390.37 Safari/537.36"
[2026-09-04T13:07:52.258Z]  "GET /js/app-07-ia-explore-irl.js" "Mozilla/5.0 (X11; Linux x86_64) AppleWebKit/537.36 (KHTML, like Gecko) HeadlessChrome/141.0.7390.37 Safari/537.36"
[2026-09-04T13:07:52.258Z]  "GET /js/app-08-ui-modals-tour.js" "Mozilla/5.0 (X11; Linux x86_64) AppleWebKit/537.36 (KHTML, like Gecko) HeadlessChrome/141.0.7390.37 Safari/537.36"
[2026-09-04T13:07:52.258Z]  "GET /js/app-09-boot-pwa.js" "Mozilla/5.0 (X11; Linux x86_64) AppleWebKit/537.36 (KHTML, like Gecko) HeadlessChrome/141.0.7390.37 Safari/537.36"
[2026-09-04T13:07:52.258Z]  "GET /js/contextual-nav.js" "Mozilla/5.0 (X11; Linux x86_64) AppleWebKit/537.36 (KHTML, like Gecko) HeadlessChrome/141.0.7390.37 Safari/537.36"
[2026-09-04T13:07:52.268Z]  "GET /js/ui-v2-shell.js" "Mozilla/5.0 (X11; Linux x86_64) AppleWebKit/537.36 (KHTML, like Gecko) HeadlessChrome/141.0.7390.37 Safari/537.36"
[2026-09-04T13:07:52.299Z]  "GET /js/ui-v3-passerelle.js" "Mozilla/5.0 (X11; Linux x86_64) AppleWebKit/537.36 (KHTML, like Gecko) HeadlessChrome/141.0.7390.37 Safari/537.36"
[2026-09-04T13:07:52.300Z]  "GET /js/ui-v4b-fiche.js" "Mozilla/5.0 (X11; Linux x86_64) AppleWebKit/537.36 (KHTML, like Gecko) HeadlessChrome/141.0.7390.37 Safari/537.36"
[2026-09-04T13:07:52.300Z]  "GET /js/ui-v4a0-tete.js" "Mozilla/5.0 (X11; Linux x86_64) AppleWebKit/537.36 (KHTML, like Gecko) HeadlessChrome/141.0.7390.37 Safari/537.36"
[2026-09-04T13:07:52.300Z]  "GET /js/ui-v4a1-intentions.js" "Mozilla/5.0 (X11; Linux x86_64) AppleWebKit/537.36 (KHTML, like Gecko) HeadlessChrome/141.0.7390.37 Safari/537.36"
[2026-09-04T13:07:52.301Z]  "GET /js/ui-v4a2-cartes.js" "Mozilla/5.0 (X11; Linux x86_64) AppleWebKit/537.36 (KHTML, like Gecko) HeadlessChrome/141.0.7390.37 Safari/537.36"
[2026-09-04T13:07:52.301Z]  "GET /js/ui-v4a3-vue.js" "Mozilla/5.0 (X11; Linux x86_64) AppleWebKit/537.36 (KHTML, like Gecko) HeadlessChrome/141.0.7390.37 Safari/537.36"
[2026-09-04T13:07:52.317Z]  "GET /js/ui-v5-bobines.js" "Mozilla/5.0 (X11; Linux x86_64) AppleWebKit/537.36 (KHTML, like Gecko) HeadlessChrome/141.0.7390.37 Safari/537.36"
[2026-09-04T13:07:52.318Z]  "GET /js/ui-v4a4-outils.js" "Mozilla/5.0 (X11; Linux x86_64) AppleWebKit/537.36 (KHTML, like Gecko) HeadlessChrome/141.0.7390.37 Safari/537.36"
[2026-09-04T13:07:52.318Z]  "GET /js/ui-v4a5-filtres.js" "Mozilla/5.0 (X11; Linux x86_64) AppleWebKit/537.36 (KHTML, like Gecko) HeadlessChrome/141.0.7390.37 Safari/537.36"
[2026-09-04T13:07:52.319Z]  "GET /js/ui-v6-composer.js" "Mozilla/5.0 (X11; Linux x86_64) AppleWebKit/537.36 (KHTML, like Gecko) HeadlessChrome/141.0.7390.37 Safari/537.36"
[2026-09-04T13:07:52.319Z]  "GET /js/ui-v6a-messages.js" "Mozilla/5.0 (X11; Linux x86_64) AppleWebKit/537.36 (KHTML, like Gecko) HeadlessChrome/141.0.7390.37 Safari/537.36"
[2026-09-04T13:07:52.320Z]  "GET /js/ui-v6b-profil.js" "Mozilla/5.0 (X11; Linux x86_64) AppleWebKit/537.36 (KHTML, like Gecko) HeadlessChrome/141.0.7390.37 Safari/537.36"
[2026-09-04T13:07:52.343Z]  "GET /js/ui-v6c-proposer-irl.js" "Mozilla/5.0 (X11; Linux x86_64) AppleWebKit/537.36 (KHTML, like Gecko) HeadlessChrome/141.0.7390.37 Safari/537.36"
[2026-09-04T13:07:52.343Z]  "GET /js/ui-v7-lot.js" "Mozilla/5.0 (X11; Linux x86_64) AppleWebKit/537.36 (KHTML, like Gecko) HeadlessChrome/141.0.7390.37 Safari/537.36"
[2026-09-04T13:07:52.343Z]  "GET /js/passions-flat.js" "Mozilla/5.0 (X11; Linux x86_64) AppleWebKit/537.36 (KHTML, like Gecko) HeadlessChrome/141.0.7390.37 Safari/537.36"
[2026-09-04T13:07:52.344Z]  "GET /js/passion-selector.js" "Mozilla/5.0 (X11; Linux x86_64) AppleWebKit/537.36 (KHTML, like Gecko) HeadlessChrome/141.0.7390.37 Safari/537.36"
[2026-09-04T13:07:52.344Z]  "GET /js/passions-flat-ui.js" "Mozilla/5.0 (X11; Linux x86_64) AppleWebKit/537.36 (KHTML, like Gecko) HeadlessChrome/141.0.7390.37 Safari/537.36"
[2026-09-04T13:07:52.346Z]  "GET /js/pwa-landing.js" "Mozilla/5.0 (X11; Linux x86_64) AppleWebKit/537.36 (KHTML, like Gecko) HeadlessChrome/141.0.7390.37 Safari/537.36"
[2026-09-04T13:07:52.352Z]  "GET /js/emoji-misc.js" "Mozilla/5.0 (X11; Linux x86_64) AppleWebKit/537.36 (KHTML, like Gecko) HeadlessChrome/141.0.7390.37 Safari/537.36"
[2026-09-04T13:08:04.811Z]  "GET /sw.js" "Mozilla/5.0 (X11; Linux x86_64) AppleWebKit/537.36 (KHTML, like Gecko) HeadlessChrome/141.0.7390.37 Safari/537.36"
[2026-09-04T13:08:04.826Z]  "GET /index.html" "Mozilla/5.0 (X11; Linux x86_64) AppleWebKit/537.36 (KHTML, like Gecko) HeadlessChrome/141.0.7390.37 Safari/537.36"
[2026-09-04T13:08:04.826Z]  "GET /styles.css" "Mozilla/5.0 (X11; Linux x86_64) AppleWebKit/537.36 (KHTML, like Gecko) HeadlessChrome/141.0.7390.37 Safari/537.36"
[2026-09-04T13:08:04.827Z]  "GET /manifest.json" "Mozilla/5.0 (X11; Linux x86_64) AppleWebKit/537.36 (KHTML, like Gecko) HeadlessChrome/141.0.7390.37 Safari/537.36"
[2026-09-04T13:08:04.835Z]  "GET /icon-192.png" "Mozilla/5.0 (X11; Linux x86_64) AppleWebKit/537.36 (KHTML, like Gecko) HeadlessChrome/141.0.7390.37 Safari/537.36"
[2026-09-04T13:08:04.846Z]  "GET /icon-512.png" "Mozilla/5.0 (X11; Linux x86_64) AppleWebKit/537.36 (KHTML, like Gecko) HeadlessChrome/141.0.7390.37 Safari/537.36"
[2026-09-04T13:08:04.902Z]  "GET /sw.js" "Mozilla/5.0 (X11; Linux x86_64) AppleWebKit/537.36 (KHTML, like Gecko) HeadlessChrome/141.0.7390.37 Safari/537.36"
[2026-09-04T13:08:07.513Z]  "GET /index.html" "Mozilla/5.0 (X11; Linux x86_64) AppleWebKit/537.36 (KHTML, like Gecko) HeadlessChrome/141.0.7390.37 Safari/537.36"
[2026-09-04T13:08:07.547Z]  "GET /js/access-gate.js" "Mozilla/5.0 (X11; Linux x86_64) AppleWebKit/537.36 (KHTML, like Gecko) HeadlessChrome/141.0.7390.37 Safari/537.36"
[2026-09-04T13:08:07.568Z]  "GET /js/platform.js" "Mozilla/5.0 (X11; Linux x86_64) AppleWebKit/537.36 (KHTML, like Gecko) HeadlessChrome/141.0.7390.37 Safari/537.36"
[2026-09-04T13:08:07.569Z]  "GET /js/telemetry.js" "Mozilla/5.0 (X11; Linux x86_64) AppleWebKit/537.36 (KHTML, like Gecko) HeadlessChrome/141.0.7390.37 Safari/537.36"
[2026-09-04T13:08:07.569Z]  "GET /js/perf-ios.js" "Mozilla/5.0 (X11; Linux x86_64) AppleWebKit/537.36 (KHTML, like Gecko) HeadlessChrome/141.0.7390.37 Safari/537.36"
[2026-09-04T13:08:07.573Z]  "GET /js/pwa-detect.js" "Mozilla/5.0 (X11; Linux x86_64) AppleWebKit/537.36 (KHTML, like Gecko) HeadlessChrome/141.0.7390.37 Safari/537.36"
[2026-09-04T13:08:07.573Z]  "GET /styles.css" "Mozilla/5.0 (X11; Linux x86_64) AppleWebKit/537.36 (KHTML, like Gecko) HeadlessChrome/141.0.7390.37 Safari/537.36"
[2026-09-04T13:08:07.573Z]  "GET /js/supabase-loader.js" "Mozilla/5.0 (X11; Linux x86_64) AppleWebKit/537.36 (KHTML, like Gecko) HeadlessChrome/141.0.7390.37 Safari/537.36"
[2026-09-04T13:08:07.579Z]  "GET /js/map-loader.js" "Mozilla/5.0 (X11; Linux x86_64) AppleWebKit/537.36 (KHTML, like Gecko) HeadlessChrome/141.0.7390.37 Safari/537.36"
[2026-09-04T13:08:07.604Z]  "GET /js/idb-store.js" "Mozilla/5.0 (X11; Linux x86_64) AppleWebKit/537.36 (KHTML, like Gecko) HeadlessChrome/141.0.7390.37 Safari/537.36"
[2026-09-04T13:08:07.605Z]  "GET /js/first-run.js" "Mozilla/5.0 (X11; Linux x86_64) AppleWebKit/537.36 (KHTML, like Gecko) HeadlessChrome/141.0.7390.37 Safari/537.36"
[2026-09-04T13:08:07.605Z]  "GET /js/app-01-diag-seed.js" "Mozilla/5.0 (X11; Linux x86_64) AppleWebKit/537.36 (KHTML, like Gecko) HeadlessChrome/141.0.7390.37 Safari/537.36"
[2026-09-04T13:08:07.605Z]  "GET /js/app-02-state-utils.js" "Mozilla/5.0 (X11; Linux x86_64) AppleWebKit/537.36 (KHTML, like Gecko) HeadlessChrome/141.0.7390.37 Safari/537.36"
[2026-09-04T13:08:07.605Z]  "GET /js/app-03-posts-vlogs.js" "Mozilla/5.0 (X11; Linux x86_64) AppleWebKit/537.36 (KHTML, like Gecko) HeadlessChrome/141.0.7390.37 Safari/537.36"
[2026-09-04T13:08:07.605Z]  "GET /js/app-04-comments-shop.js" "Mozilla/5.0 (X11; Linux x86_64) AppleWebKit/537.36 (KHTML, like Gecko) HeadlessChrome/141.0.7390.37 Safari/537.36"
[2026-09-04T13:08:07.623Z]  "GET /js/app-05-config-profil.js" "Mozilla/5.0 (X11; Linux x86_64) AppleWebKit/537.36 (KHTML, like Gecko) HeadlessChrome/141.0.7390.37 Safari/537.36"
[2026-09-04T13:08:07.623Z]  "GET /js/app-06-reels-partage.js" "Mozilla/5.0 (X11; Linux x86_64) AppleWebKit/537.36 (KHTML, like Gecko) HeadlessChrome/141.0.7390.37 Safari/537.36"
[2026-09-04T13:08:07.623Z]  "GET /js/app-07-ia-explore-irl.js" "Mozilla/5.0 (X11; Linux x86_64) AppleWebKit/537.36 (KHTML, like Gecko) HeadlessChrome/141.0.7390.37 Safari/537.36"
[2026-09-04T13:08:07.623Z]  "GET /js/app-08-ui-modals-tour.js" "Mozilla/5.0 (X11; Linux x86_64) AppleWebKit/537.36 (KHTML, like Gecko) HeadlessChrome/141.0.7390.37 Safari/537.36"
[2026-09-04T13:08:07.624Z]  "GET /js/app-09-boot-pwa.js" "Mozilla/5.0 (X11; Linux x86_64) AppleWebKit/537.36 (KHTML, like Gecko) HeadlessChrome/141.0.7390.37 Safari/537.36"
[2026-09-04T13:08:07.624Z]  "GET /js/contextual-nav.js" "Mozilla/5.0 (X11; Linux x86_64) AppleWebKit/537.36 (KHTML, like Gecko) HeadlessChrome/141.0.7390.37 Safari/537.36"
[2026-09-04T13:08:07.652Z]  "GET /js/ui-v2-shell.js" "Mozilla/5.0 (X11; Linux x86_64) AppleWebKit/537.36 (KHTML, like Gecko) HeadlessChrome/141.0.7390.37 Safari/537.36"
[2026-09-04T13:08:07.663Z]  "GET /js/ui-v3-passerelle.js" "Mozilla/5.0 (X11; Linux x86_64) AppleWebKit/537.36 (KHTML, like Gecko) HeadlessChrome/141.0.7390.37 Safari/537.36"
[2026-09-04T13:08:07.663Z]  "GET /js/ui-v4b-fiche.js" "Mozilla/5.0 (X11; Linux x86_64) AppleWebKit/537.36 (KHTML, like Gecko) HeadlessChrome/141.0.7390.37 Safari/537.36"
[2026-09-04T13:08:07.668Z]  "GET /js/ui-v4a0-tete.js" "Mozilla/5.0 (X11; Linux x86_64) AppleWebKit/537.36 (KHTML, like Gecko) HeadlessChrome/141.0.7390.37 Safari/537.36"
[2026-09-04T13:08:07.670Z]  "GET /js/ui-v4a1-intentions.js" "Mozilla/5.0 (X11; Linux x86_64) AppleWebKit/537.36 (KHTML, like Gecko) HeadlessChrome/141.0.7390.37 Safari/537.36"
[2026-09-04T13:08:07.677Z]  "GET /js/ui-v4a2-cartes.js" "Mozilla/5.0 (X11; Linux x86_64) AppleWebKit/537.36 (KHTML, like Gecko) HeadlessChrome/141.0.7390.37 Safari/537.36"
[2026-09-04T13:08:07.678Z]  "GET /js/ui-v4a3-vue.js" "Mozilla/5.0 (X11; Linux x86_64) AppleWebKit/537.36 (KHTML, like Gecko) HeadlessChrome/141.0.7390.37 Safari/537.36"
[2026-09-04T13:08:07.678Z]  "GET /js/ui-v5-bobines.js" "Mozilla/5.0 (X11; Linux x86_64) AppleWebKit/537.36 (KHTML, like Gecko) HeadlessChrome/141.0.7390.37 Safari/537.36"
[2026-09-04T13:08:07.679Z]  "GET /js/ui-v4a4-outils.js" "Mozilla/5.0 (X11; Linux x86_64) AppleWebKit/537.36 (KHTML, like Gecko) HeadlessChrome/141.0.7390.37 Safari/537.36"
[2026-09-04T13:08:07.679Z]  "GET /js/ui-v4a5-filtres.js" "Mozilla/5.0 (X11; Linux x86_64) AppleWebKit/537.36 (KHTML, like Gecko) HeadlessChrome/141.0.7390.37 Safari/537.36"
[2026-09-04T13:08:07.707Z]  "GET /js/ui-v6-composer.js" "Mozilla/5.0 (X11; Linux x86_64) AppleWebKit/537.36 (KHTML, like Gecko) HeadlessChrome/141.0.7390.37 Safari/537.36"
[2026-09-04T13:08:07.710Z]  "GET /js/ui-v6a-messages.js" "Mozilla/5.0 (X11; Linux x86_64) AppleWebKit/537.36 (KHTML, like Gecko) HeadlessChrome/141.0.7390.37 Safari/537.36"
[2026-09-04T13:08:07.713Z]  "GET /js/ui-v6b-profil.js" "Mozilla/5.0 (X11; Linux x86_64) AppleWebKit/537.36 (KHTML, like Gecko) HeadlessChrome/141.0.7390.37 Safari/537.36"
[2026-09-04T13:08:07.720Z]  "GET /js/ui-v6c-proposer-irl.js" "Mozilla/5.0 (X11; Linux x86_64) AppleWebKit/537.36 (KHTML, like Gecko) HeadlessChrome/141.0.7390.37 Safari/537.36"
[2026-09-04T13:08:07.720Z]  "GET /js/ui-v7-lot.js" "Mozilla/5.0 (X11; Linux x86_64) AppleWebKit/537.36 (KHTML, like Gecko) HeadlessChrome/141.0.7390.37 Safari/537.36"
[2026-09-04T13:08:07.720Z]  "GET /js/passions-flat.js" "Mozilla/5.0 (X11; Linux x86_64) AppleWebKit/537.36 (KHTML, like Gecko) HeadlessChrome/141.0.7390.37 Safari/537.36"
[2026-09-04T13:08:07.721Z]  "GET /js/passion-selector.js" "Mozilla/5.0 (X11; Linux x86_64) AppleWebKit/537.36 (KHTML, like Gecko) HeadlessChrome/141.0.7390.37 Safari/537.36"
[2026-09-04T13:08:07.722Z]  "GET /js/passions-flat-ui.js" "Mozilla/5.0 (X11; Linux x86_64) AppleWebKit/537.36 (KHTML, like Gecko) HeadlessChrome/141.0.7390.37 Safari/537.36"
[2026-09-04T13:08:07.768Z]  "GET /js/pwa-landing.js" "Mozilla/5.0 (X11; Linux x86_64) AppleWebKit/537.36 (KHTML, like Gecko) HeadlessChrome/141.0.7390.37 Safari/537.36"
[2026-09-04T13:08:07.768Z]  "GET /js/emoji-misc.js" "Mozilla/5.0 (X11; Linux x86_64) AppleWebKit/537.36 (KHTML, like Gecko) HeadlessChrome/141.0.7390.37 Safari/537.36"
[2026-09-04T13:08:20.434Z]  "GET /sw.js" "Mozilla/5.0 (X11; Linux x86_64) AppleWebKit/537.36 (KHTML, like Gecko) HeadlessChrome/141.0.7390.37 Safari/537.36"
[2026-09-04T13:08:20.451Z]  "GET /index.html" "Mozilla/5.0 (X11; Linux x86_64) AppleWebKit/537.36 (KHTML, like Gecko) HeadlessChrome/141.0.7390.37 Safari/537.36"
[2026-09-04T13:08:20.460Z]  "GET /styles.css" "Mozilla/5.0 (X11; Linux x86_64) AppleWebKit/537.36 (KHTML, like Gecko) HeadlessChrome/141.0.7390.37 Safari/537.36"
[2026-09-04T13:08:20.462Z]  "GET /manifest.json" "Mozilla/5.0 (X11; Linux x86_64) AppleWebKit/537.36 (KHTML, like Gecko) HeadlessChrome/141.0.7390.37 Safari/537.36"
[2026-09-04T13:08:20.466Z]  "GET /icon-192.png" "Mozilla/5.0 (X11; Linux x86_64) AppleWebKit/537.36 (KHTML, like Gecko) HeadlessChrome/141.0.7390.37 Safari/537.36"
[2026-09-04T13:08:20.472Z]  "GET /icon-512.png" "Mozilla/5.0 (X11; Linux x86_64) AppleWebKit/537.36 (KHTML, like Gecko) HeadlessChrome/141.0.7390.37 Safari/537.36"
[2026-09-04T13:08:20.484Z]  "GET /sw.js" "Mozilla/5.0 (X11; Linux x86_64) AppleWebKit/537.36 (KHTML, like Gecko) HeadlessChrome/141.0.7390.37 Safari/537.36"
[2026-09-04T13:08:23.063Z]  "GET /index.html" "Mozilla/5.0 (X11; Linux x86_64) AppleWebKit/537.36 (KHTML, like Gecko) HeadlessChrome/141.0.7390.37 Safari/537.36"
[2026-09-04T13:08:23.089Z]  "GET /js/access-gate.js" "Mozilla/5.0 (X11; Linux x86_64) AppleWebKit/537.36 (KHTML, like Gecko) HeadlessChrome/141.0.7390.37 Safari/537.36"
[2026-09-04T13:08:23.102Z]  "GET /styles.css" "Mozilla/5.0 (X11; Linux x86_64) AppleWebKit/537.36 (KHTML, like Gecko) HeadlessChrome/141.0.7390.37 Safari/537.36"
[2026-09-04T13:08:23.106Z]  "GET /js/platform.js" "Mozilla/5.0 (X11; Linux x86_64) AppleWebKit/537.36 (KHTML, like Gecko) HeadlessChrome/141.0.7390.37 Safari/537.36"
[2026-09-04T13:08:23.109Z]  "GET /js/telemetry.js" "Mozilla/5.0 (X11; Linux x86_64) AppleWebKit/537.36 (KHTML, like Gecko) HeadlessChrome/141.0.7390.37 Safari/537.36"
[2026-09-04T13:08:23.109Z]  "GET /js/perf-ios.js" "Mozilla/5.0 (X11; Linux x86_64) AppleWebKit/537.36 (KHTML, like Gecko) HeadlessChrome/141.0.7390.37 Safari/537.36"
[2026-09-04T13:08:23.109Z]  "GET /js/pwa-detect.js" "Mozilla/5.0 (X11; Linux x86_64) AppleWebKit/537.36 (KHTML, like Gecko) HeadlessChrome/141.0.7390.37 Safari/537.36"
[2026-09-04T13:08:23.110Z]  "GET /js/supabase-loader.js" "Mozilla/5.0 (X11; Linux x86_64) AppleWebKit/537.36 (KHTML, like Gecko) HeadlessChrome/141.0.7390.37 Safari/537.36"
[2026-09-04T13:08:23.110Z]  "GET /js/map-loader.js" "Mozilla/5.0 (X11; Linux x86_64) AppleWebKit/537.36 (KHTML, like Gecko) HeadlessChrome/141.0.7390.37 Safari/537.36"
[2026-09-04T13:08:23.121Z]  "GET /js/idb-store.js" "Mozilla/5.0 (X11; Linux x86_64) AppleWebKit/537.36 (KHTML, like Gecko) HeadlessChrome/141.0.7390.37 Safari/537.36"
[2026-09-04T13:08:23.133Z]  "GET /js/first-run.js" "Mozilla/5.0 (X11; Linux x86_64) AppleWebKit/537.36 (KHTML, like Gecko) HeadlessChrome/141.0.7390.37 Safari/537.36"
[2026-09-04T13:08:23.133Z]  "GET /js/app-01-diag-seed.js" "Mozilla/5.0 (X11; Linux x86_64) AppleWebKit/537.36 (KHTML, like Gecko) HeadlessChrome/141.0.7390.37 Safari/537.36"
[2026-09-04T13:08:23.134Z]  "GET /js/app-02-state-utils.js" "Mozilla/5.0 (X11; Linux x86_64) AppleWebKit/537.36 (KHTML, like Gecko) HeadlessChrome/141.0.7390.37 Safari/537.36"
[2026-09-04T13:08:23.134Z]  "GET /js/app-03-posts-vlogs.js" "Mozilla/5.0 (X11; Linux x86_64) AppleWebKit/537.36 (KHTML, like Gecko) HeadlessChrome/141.0.7390.37 Safari/537.36"
[2026-09-04T13:08:23.135Z]  "GET /js/app-04-comments-shop.js" "Mozilla/5.0 (X11; Linux x86_64) AppleWebKit/537.36 (KHTML, like Gecko) HeadlessChrome/141.0.7390.37 Safari/537.36"
[2026-09-04T13:08:23.135Z]  "GET /js/app-05-config-profil.js" "Mozilla/5.0 (X11; Linux x86_64) AppleWebKit/537.36 (KHTML, like Gecko) HeadlessChrome/141.0.7390.37 Safari/537.36"
[2026-09-04T13:08:23.147Z]  "GET /js/app-06-reels-partage.js" "Mozilla/5.0 (X11; Linux x86_64) AppleWebKit/537.36 (KHTML, like Gecko) HeadlessChrome/141.0.7390.37 Safari/537.36"
[2026-09-04T13:08:23.152Z]  "GET /js/app-07-ia-explore-irl.js" "Mozilla/5.0 (X11; Linux x86_64) AppleWebKit/537.36 (KHTML, like Gecko) HeadlessChrome/141.0.7390.37 Safari/537.36"
[2026-09-04T13:08:23.152Z]  "GET /js/app-08-ui-modals-tour.js" "Mozilla/5.0 (X11; Linux x86_64) AppleWebKit/537.36 (KHTML, like Gecko) HeadlessChrome/141.0.7390.37 Safari/537.36"
[2026-09-04T13:08:23.156Z]  "GET /js/app-09-boot-pwa.js" "Mozilla/5.0 (X11; Linux x86_64) AppleWebKit/537.36 (KHTML, like Gecko) HeadlessChrome/141.0.7390.37 Safari/537.36"
[2026-09-04T13:08:23.156Z]  "GET /js/contextual-nav.js" "Mozilla/5.0 (X11; Linux x86_64) AppleWebKit/537.36 (KHTML, like Gecko) HeadlessChrome/141.0.7390.37 Safari/537.36"
[2026-09-04T13:08:23.156Z]  "GET /js/ui-v2-shell.js" "Mozilla/5.0 (X11; Linux x86_64) AppleWebKit/537.36 (KHTML, like Gecko) HeadlessChrome/141.0.7390.37 Safari/537.36"
[2026-09-04T13:08:23.157Z]  "GET /js/ui-v3-passerelle.js" "Mozilla/5.0 (X11; Linux x86_64) AppleWebKit/537.36 (KHTML, like Gecko) HeadlessChrome/141.0.7390.37 Safari/537.36"
[2026-09-04T13:08:23.172Z]  "GET /js/ui-v4b-fiche.js" "Mozilla/5.0 (X11; Linux x86_64) AppleWebKit/537.36 (KHTML, like Gecko) HeadlessChrome/141.0.7390.37 Safari/537.36"
[2026-09-04T13:08:23.173Z]  "GET /js/ui-v4a0-tete.js" "Mozilla/5.0 (X11; Linux x86_64) AppleWebKit/537.36 (KHTML, like Gecko) HeadlessChrome/141.0.7390.37 Safari/537.36"
[2026-09-04T13:08:23.177Z]  "GET /js/ui-v4a1-intentions.js" "Mozilla/5.0 (X11; Linux x86_64) AppleWebKit/537.36 (KHTML, like Gecko) HeadlessChrome/141.0.7390.37 Safari/537.36"
[2026-09-04T13:08:23.180Z]  "GET /js/ui-v4a2-cartes.js" "Mozilla/5.0 (X11; Linux x86_64) AppleWebKit/537.36 (KHTML, like Gecko) HeadlessChrome/141.0.7390.37 Safari/537.36"
[2026-09-04T13:08:23.188Z]  "GET /js/ui-v4a3-vue.js" "Mozilla/5.0 (X11; Linux x86_64) AppleWebKit/537.36 (KHTML, like Gecko) HeadlessChrome/141.0.7390.37 Safari/537.36"
[2026-09-04T13:08:23.188Z]  "GET /js/ui-v5-bobines.js" "Mozilla/5.0 (X11; Linux x86_64) AppleWebKit/537.36 (KHTML, like Gecko) HeadlessChrome/141.0.7390.37 Safari/537.36"
[2026-09-04T13:08:23.188Z]  "GET /js/ui-v4a4-outils.js" "Mozilla/5.0 (X11; Linux x86_64) AppleWebKit/537.36 (KHTML, like Gecko) HeadlessChrome/141.0.7390.37 Safari/537.36"
[2026-09-04T13:08:23.189Z]  "GET /js/ui-v4a5-filtres.js" "Mozilla/5.0 (X11; Linux x86_64) AppleWebKit/537.36 (KHTML, like Gecko) HeadlessChrome/141.0.7390.37 Safari/537.36"
[2026-09-04T13:08:23.189Z]  "GET /js/ui-v6-composer.js" "Mozilla/5.0 (X11; Linux x86_64) AppleWebKit/537.36 (KHTML, like Gecko) HeadlessChrome/141.0.7390.37 Safari/537.36"
[2026-09-04T13:08:23.189Z]  "GET /js/ui-v6a-messages.js" "Mozilla/5.0 (X11; Linux x86_64) AppleWebKit/537.36 (KHTML, like Gecko) HeadlessChrome/141.0.7390.37 Safari/537.36"
[2026-09-04T13:08:23.202Z]  "GET /js/ui-v6b-profil.js" "Mozilla/5.0 (X11; Linux x86_64) AppleWebKit/537.36 (KHTML, like Gecko) HeadlessChrome/141.0.7390.37 Safari/537.36"
[2026-09-04T13:08:23.204Z]  "GET /js/ui-v6c-proposer-irl.js" "Mozilla/5.0 (X11; Linux x86_64) AppleWebKit/537.36 (KHTML, like Gecko) HeadlessChrome/141.0.7390.37 Safari/537.36"
[2026-09-04T13:08:23.204Z]  "GET /js/ui-v7-lot.js" "Mozilla/5.0 (X11; Linux x86_64) AppleWebKit/537.36 (KHTML, like Gecko) HeadlessChrome/141.0.7390.37 Safari/537.36"
[2026-09-04T13:08:23.204Z]  "GET /js/passions-flat.js" "Mozilla/5.0 (X11; Linux x86_64) AppleWebKit/537.36 (KHTML, like Gecko) HeadlessChrome/141.0.7390.37 Safari/537.36"
[2026-09-04T13:08:23.204Z]  "GET /js/passion-selector.js" "Mozilla/5.0 (X11; Linux x86_64) AppleWebKit/537.36 (KHTML, like Gecko) HeadlessChrome/141.0.7390.37 Safari/537.36"
[2026-09-04T13:08:23.206Z]  "GET /js/passions-flat-ui.js" "Mozilla/5.0 (X11; Linux x86_64) AppleWebKit/537.36 (KHTML, like Gecko) HeadlessChrome/141.0.7390.37 Safari/537.36"
[2026-09-04T13:08:23.208Z]  "GET /js/pwa-landing.js" "Mozilla/5.0 (X11; Linux x86_64) AppleWebKit/537.36 (KHTML, like Gecko) HeadlessChrome/141.0.7390.37 Safari/537.36"
[2026-09-04T13:08:23.216Z]  "GET /js/emoji-misc.js" "Mozilla/5.0 (X11; Linux x86_64) AppleWebKit/537.36 (KHTML, like Gecko) HeadlessChrome/141.0.7390.37 Safari/537.36"
[2026-09-04T13:08:35.773Z]  "GET /sw.js" "Mozilla/5.0 (X11; Linux x86_64) AppleWebKit/537.36 (KHTML, like Gecko) HeadlessChrome/141.0.7390.37 Safari/537.36"
[2026-09-04T13:08:35.790Z]  "GET /index.html" "Mozilla/5.0 (X11; Linux x86_64) AppleWebKit/537.36 (KHTML, like Gecko) HeadlessChrome/141.0.7390.37 Safari/537.36"
[2026-09-04T13:08:35.790Z]  "GET /styles.css" "Mozilla/5.0 (X11; Linux x86_64) AppleWebKit/537.36 (KHTML, like Gecko) HeadlessChrome/141.0.7390.37 Safari/537.36"
[2026-09-04T13:08:35.796Z]  "GET /manifest.json" "Mozilla/5.0 (X11; Linux x86_64) AppleWebKit/537.36 (KHTML, like Gecko) HeadlessChrome/141.0.7390.37 Safari/537.36"
[2026-09-04T13:08:35.797Z]  "GET /icon-192.png" "Mozilla/5.0 (X11; Linux x86_64) AppleWebKit/537.36 (KHTML, like Gecko) HeadlessChrome/141.0.7390.37 Safari/537.36"
[2026-09-04T13:08:35.801Z]  "GET /icon-512.png" "Mozilla/5.0 (X11; Linux x86_64) AppleWebKit/537.36 (KHTML, like Gecko) HeadlessChrome/141.0.7390.37 Safari/537.36"
[2026-09-04T13:08:35.813Z]  "GET /sw.js" "Mozilla/5.0 (X11; Linux x86_64) AppleWebKit/537.36 (KHTML, like Gecko) HeadlessChrome/141.0.7390.37 Safari/537.36"
[2026-09-04T13:08:38.375Z]  "GET /index.html" "Mozilla/5.0 (X11; Linux x86_64) AppleWebKit/537.36 (KHTML, like Gecko) HeadlessChrome/141.0.7390.37 Safari/537.36"
[2026-09-04T13:08:38.384Z]  "GET /js/access-gate.js" "Mozilla/5.0 (X11; Linux x86_64) AppleWebKit/537.36 (KHTML, like Gecko) HeadlessChrome/141.0.7390.37 Safari/537.36"
[2026-09-04T13:08:38.398Z]  "GET /js/platform.js" "Mozilla/5.0 (X11; Linux x86_64) AppleWebKit/537.36 (KHTML, like Gecko) HeadlessChrome/141.0.7390.37 Safari/537.36"
[2026-09-04T13:08:38.401Z]  "GET /styles.css" "Mozilla/5.0 (X11; Linux x86_64) AppleWebKit/537.36 (KHTML, like Gecko) HeadlessChrome/141.0.7390.37 Safari/537.36"
[2026-09-04T13:08:38.402Z]  "GET /js/telemetry.js" "Mozilla/5.0 (X11; Linux x86_64) AppleWebKit/537.36 (KHTML, like Gecko) HeadlessChrome/141.0.7390.37 Safari/537.36"
[2026-09-04T13:08:38.402Z]  "GET /js/perf-ios.js" "Mozilla/5.0 (X11; Linux x86_64) AppleWebKit/537.36 (KHTML, like Gecko) HeadlessChrome/141.0.7390.37 Safari/537.36"
[2026-09-04T13:08:38.402Z]  "GET /js/pwa-detect.js" "Mozilla/5.0 (X11; Linux x86_64) AppleWebKit/537.36 (KHTML, like Gecko) HeadlessChrome/141.0.7390.37 Safari/537.36"
[2026-09-04T13:08:38.403Z]  "GET /js/supabase-loader.js" "Mozilla/5.0 (X11; Linux x86_64) AppleWebKit/537.36 (KHTML, like Gecko) HeadlessChrome/141.0.7390.37 Safari/537.36"
[2026-09-04T13:08:38.403Z]  "GET /js/map-loader.js" "Mozilla/5.0 (X11; Linux x86_64) AppleWebKit/537.36 (KHTML, like Gecko) HeadlessChrome/141.0.7390.37 Safari/537.36"
[2026-09-04T13:08:38.415Z]  "GET /js/idb-store.js" "Mozilla/5.0 (X11; Linux x86_64) AppleWebKit/537.36 (KHTML, like Gecko) HeadlessChrome/141.0.7390.37 Safari/537.36"
[2026-09-04T13:08:38.416Z]  "GET /js/first-run.js" "Mozilla/5.0 (X11; Linux x86_64) AppleWebKit/537.36 (KHTML, like Gecko) HeadlessChrome/141.0.7390.37 Safari/537.36"
[2026-09-04T13:08:38.416Z]  "GET /js/app-01-diag-seed.js" "Mozilla/5.0 (X11; Linux x86_64) AppleWebKit/537.36 (KHTML, like Gecko) HeadlessChrome/141.0.7390.37 Safari/537.36"
[2026-09-04T13:08:38.416Z]  "GET /js/app-02-state-utils.js" "Mozilla/5.0 (X11; Linux x86_64) AppleWebKit/537.36 (KHTML, like Gecko) HeadlessChrome/141.0.7390.37 Safari/537.36"
[2026-09-04T13:08:38.416Z]  "GET /js/app-03-posts-vlogs.js" "Mozilla/5.0 (X11; Linux x86_64) AppleWebKit/537.36 (KHTML, like Gecko) HeadlessChrome/141.0.7390.37 Safari/537.36"
[2026-09-04T13:08:38.416Z]  "GET /js/app-04-comments-shop.js" "Mozilla/5.0 (X11; Linux x86_64) AppleWebKit/537.36 (KHTML, like Gecko) HeadlessChrome/141.0.7390.37 Safari/537.36"
[2026-09-04T13:08:38.431Z]  "GET /js/app-05-config-profil.js" "Mozilla/5.0 (X11; Linux x86_64) AppleWebKit/537.36 (KHTML, like Gecko) HeadlessChrome/141.0.7390.37 Safari/537.36"
[2026-09-04T13:08:38.434Z]  "GET /js/app-06-reels-partage.js" "Mozilla/5.0 (X11; Linux x86_64) AppleWebKit/537.36 (KHTML, like Gecko) HeadlessChrome/141.0.7390.37 Safari/537.36"
[2026-09-04T13:08:38.437Z]  "GET /js/app-07-ia-explore-irl.js" "Mozilla/5.0 (X11; Linux x86_64) AppleWebKit/537.36 (KHTML, like Gecko) HeadlessChrome/141.0.7390.37 Safari/537.36"
[2026-09-04T13:08:38.441Z]  "GET /js/app-08-ui-modals-tour.js" "Mozilla/5.0 (X11; Linux x86_64) AppleWebKit/537.36 (KHTML, like Gecko) HeadlessChrome/141.0.7390.37 Safari/537.36"
[2026-09-04T13:08:38.444Z]  "GET /js/app-09-boot-pwa.js" "Mozilla/5.0 (X11; Linux x86_64) AppleWebKit/537.36 (KHTML, like Gecko) HeadlessChrome/141.0.7390.37 Safari/537.36"
[2026-09-04T13:08:38.444Z]  "GET /js/contextual-nav.js" "Mozilla/5.0 (X11; Linux x86_64) AppleWebKit/537.36 (KHTML, like Gecko) HeadlessChrome/141.0.7390.37 Safari/537.36"
[2026-09-04T13:08:38.445Z]  "GET /js/ui-v2-shell.js" "Mozilla/5.0 (X11; Linux x86_64) AppleWebKit/537.36 (KHTML, like Gecko) HeadlessChrome/141.0.7390.37 Safari/537.36"
[2026-09-04T13:08:38.449Z]  "GET /js/ui-v3-passerelle.js" "Mozilla/5.0 (X11; Linux x86_64) AppleWebKit/537.36 (KHTML, like Gecko) HeadlessChrome/141.0.7390.37 Safari/537.36"
[2026-09-04T13:08:38.453Z]  "GET /js/ui-v4b-fiche.js" "Mozilla/5.0 (X11; Linux x86_64) AppleWebKit/537.36 (KHTML, like Gecko) HeadlessChrome/141.0.7390.37 Safari/537.36"
[2026-09-04T13:08:38.453Z]  "GET /js/ui-v4a0-tete.js" "Mozilla/5.0 (X11; Linux x86_64) AppleWebKit/537.36 (KHTML, like Gecko) HeadlessChrome/141.0.7390.37 Safari/537.36"
[2026-09-04T13:08:38.454Z]  "GET /js/ui-v4a1-intentions.js" "Mozilla/5.0 (X11; Linux x86_64) AppleWebKit/537.36 (KHTML, like Gecko) HeadlessChrome/141.0.7390.37 Safari/537.36"
[2026-09-04T13:08:38.454Z]  "GET /js/ui-v4a2-cartes.js" "Mozilla/5.0 (X11; Linux x86_64) AppleWebKit/537.36 (KHTML, like Gecko) HeadlessChrome/141.0.7390.37 Safari/537.36"
[2026-09-04T13:08:38.454Z]  "GET /js/ui-v4a3-vue.js" "Mozilla/5.0 (X11; Linux x86_64) AppleWebKit/537.36 (KHTML, like Gecko) HeadlessChrome/141.0.7390.37 Safari/537.36"
[2026-09-04T13:08:38.454Z]  "GET /js/ui-v5-bobines.js" "Mozilla/5.0 (X11; Linux x86_64) AppleWebKit/537.36 (KHTML, like Gecko) HeadlessChrome/141.0.7390.37 Safari/537.36"
[2026-09-04T13:08:38.465Z]  "GET /js/ui-v4a4-outils.js" "Mozilla/5.0 (X11; Linux x86_64) AppleWebKit/537.36 (KHTML, like Gecko) HeadlessChrome/141.0.7390.37 Safari/537.36"
[2026-09-04T13:08:38.465Z]  "GET /js/ui-v4a5-filtres.js" "Mozilla/5.0 (X11; Linux x86_64) AppleWebKit/537.36 (KHTML, like Gecko) HeadlessChrome/141.0.7390.37 Safari/537.36"
[2026-09-04T13:08:38.466Z]  "GET /js/ui-v6-composer.js" "Mozilla/5.0 (X11; Linux x86_64) AppleWebKit/537.36 (KHTML, like Gecko) HeadlessChrome/141.0.7390.37 Safari/537.36"
[2026-09-04T13:08:38.466Z]  "GET /js/ui-v6a-messages.js" "Mozilla/5.0 (X11; Linux x86_64) AppleWebKit/537.36 (KHTML, like Gecko) HeadlessChrome/141.0.7390.37 Safari/537.36"
[2026-09-04T13:08:38.466Z]  "GET /js/ui-v6b-profil.js" "Mozilla/5.0 (X11; Linux x86_64) AppleWebKit/537.36 (KHTML, like Gecko) HeadlessChrome/141.0.7390.37 Safari/537.36"
[2026-09-04T13:08:38.466Z]  "GET /js/ui-v6c-proposer-irl.js" "Mozilla/5.0 (X11; Linux x86_64) AppleWebKit/537.36 (KHTML, like Gecko) HeadlessChrome/141.0.7390.37 Safari/537.36"
[2026-09-04T13:08:38.482Z]  "GET /js/ui-v7-lot.js" "Mozilla/5.0 (X11; Linux x86_64) AppleWebKit/537.36 (KHTML, like Gecko) HeadlessChrome/141.0.7390.37 Safari/537.36"
[2026-09-04T13:08:38.482Z]  "GET /js/passions-flat.js" "Mozilla/5.0 (X11; Linux x86_64) AppleWebKit/537.36 (KHTML, like Gecko) HeadlessChrome/141.0.7390.37 Safari/537.36"
[2026-09-04T13:08:38.482Z]  "GET /js/passion-selector.js" "Mozilla/5.0 (X11; Linux x86_64) AppleWebKit/537.36 (KHTML, like Gecko) HeadlessChrome/141.0.7390.37 Safari/537.36"
[2026-09-04T13:08:38.483Z]  "GET /js/passions-flat-ui.js" "Mozilla/5.0 (X11; Linux x86_64) AppleWebKit/537.36 (KHTML, like Gecko) HeadlessChrome/141.0.7390.37 Safari/537.36"
[2026-09-04T13:08:38.483Z]  "GET /js/pwa-landing.js" "Mozilla/5.0 (X11; Linux x86_64) AppleWebKit/537.36 (KHTML, like Gecko) HeadlessChrome/141.0.7390.37 Safari/537.36"
[2026-09-04T13:08:38.483Z]  "GET /js/emoji-misc.js" "Mozilla/5.0 (X11; Linux x86_64) AppleWebKit/537.36 (KHTML, like Gecko) HeadlessChrome/141.0.7390.37 Safari/537.36"
[2026-09-04T13:08:39.823Z]  "GET /index.html" "Mozilla/5.0 (X11; Linux x86_64) AppleWebKit/537.36 (KHTML, like Gecko) HeadlessChrome/141.0.7390.37 Safari/537.36"
[2026-09-04T13:08:39.835Z]  "GET /js/access-gate.js" "Mozilla/5.0 (X11; Linux x86_64) AppleWebKit/537.36 (KHTML, like Gecko) HeadlessChrome/141.0.7390.37 Safari/537.36"
[2026-09-04T13:08:39.836Z]  "GET /js/platform.js" "Mozilla/5.0 (X11; Linux x86_64) AppleWebKit/537.36 (KHTML, like Gecko) HeadlessChrome/141.0.7390.37 Safari/537.36"
[2026-09-04T13:08:39.855Z]  "GET /styles.css" "Mozilla/5.0 (X11; Linux x86_64) AppleWebKit/537.36 (KHTML, like Gecko) HeadlessChrome/141.0.7390.37 Safari/537.36"
[2026-09-04T13:08:39.855Z]  "GET /js/telemetry.js" "Mozilla/5.0 (X11; Linux x86_64) AppleWebKit/537.36 (KHTML, like Gecko) HeadlessChrome/141.0.7390.37 Safari/537.36"
[2026-09-04T13:08:39.855Z]  "GET /js/supabase-loader.js" "Mozilla/5.0 (X11; Linux x86_64) AppleWebKit/537.36 (KHTML, like Gecko) HeadlessChrome/141.0.7390.37 Safari/537.36"
[2026-09-04T13:08:39.855Z]  "GET /js/map-loader.js" "Mozilla/5.0 (X11; Linux x86_64) AppleWebKit/537.36 (KHTML, like Gecko) HeadlessChrome/141.0.7390.37 Safari/537.36"
[2026-09-04T13:08:39.859Z]  "GET /js/perf-ios.js" "Mozilla/5.0 (X11; Linux x86_64) AppleWebKit/537.36 (KHTML, like Gecko) HeadlessChrome/141.0.7390.37 Safari/537.36"
[2026-09-04T13:08:39.859Z]  "GET /js/idb-store.js" "Mozilla/5.0 (X11; Linux x86_64) AppleWebKit/537.36 (KHTML, like Gecko) HeadlessChrome/141.0.7390.37 Safari/537.36"
[2026-09-04T13:08:39.859Z]  "GET /js/pwa-detect.js" "Mozilla/5.0 (X11; Linux x86_64) AppleWebKit/537.36 (KHTML, like Gecko) HeadlessChrome/141.0.7390.37 Safari/537.36"
[2026-09-04T13:08:39.867Z]  "GET /js/first-run.js" "Mozilla/5.0 (X11; Linux x86_64) AppleWebKit/537.36 (KHTML, like Gecko) HeadlessChrome/141.0.7390.37 Safari/537.36"
[2026-09-04T13:08:39.867Z]  "GET /js/app-01-diag-seed.js" "Mozilla/5.0 (X11; Linux x86_64) AppleWebKit/537.36 (KHTML, like Gecko) HeadlessChrome/141.0.7390.37 Safari/537.36"
[2026-09-04T13:08:39.867Z]  "GET /js/app-02-state-utils.js" "Mozilla/5.0 (X11; Linux x86_64) AppleWebKit/537.36 (KHTML, like Gecko) HeadlessChrome/141.0.7390.37 Safari/537.36"
[2026-09-04T13:08:39.868Z]  "GET /js/app-03-posts-vlogs.js" "Mozilla/5.0 (X11; Linux x86_64) AppleWebKit/537.36 (KHTML, like Gecko) HeadlessChrome/141.0.7390.37 Safari/537.36"
[2026-09-04T13:08:39.868Z]  "GET /js/app-04-comments-shop.js" "Mozilla/5.0 (X11; Linux x86_64) AppleWebKit/537.36 (KHTML, like Gecko) HeadlessChrome/141.0.7390.37 Safari/537.36"
[2026-09-04T13:08:39.868Z]  "GET /js/app-05-config-profil.js" "Mozilla/5.0 (X11; Linux x86_64) AppleWebKit/537.36 (KHTML, like Gecko) HeadlessChrome/141.0.7390.37 Safari/537.36"
[2026-09-04T13:08:39.880Z]  "GET /js/app-06-reels-partage.js" "Mozilla/5.0 (X11; Linux x86_64) AppleWebKit/537.36 (KHTML, like Gecko) HeadlessChrome/141.0.7390.37 Safari/537.36"
[2026-09-04T13:08:39.880Z]  "GET /js/app-07-ia-explore-irl.js" "Mozilla/5.0 (X11; Linux x86_64) AppleWebKit/537.36 (KHTML, like Gecko) HeadlessChrome/141.0.7390.37 Safari/537.36"
[2026-09-04T13:08:39.880Z]  "GET /js/app-08-ui-modals-tour.js" "Mozilla/5.0 (X11; Linux x86_64) AppleWebKit/537.36 (KHTML, like Gecko) HeadlessChrome/141.0.7390.37 Safari/537.36"
[2026-09-04T13:08:39.880Z]  "GET /js/app-09-boot-pwa.js" "Mozilla/5.0 (X11; Linux x86_64) AppleWebKit/537.36 (KHTML, like Gecko) HeadlessChrome/141.0.7390.37 Safari/537.36"
[2026-09-04T13:08:39.880Z]  "GET /js/contextual-nav.js" "Mozilla/5.0 (X11; Linux x86_64) AppleWebKit/537.36 (KHTML, like Gecko) HeadlessChrome/141.0.7390.37 Safari/537.36"
[2026-09-04T13:08:39.881Z]  "GET /js/ui-v2-shell.js" "Mozilla/5.0 (X11; Linux x86_64) AppleWebKit/537.36 (KHTML, like Gecko) HeadlessChrome/141.0.7390.37 Safari/537.36"
[2026-09-04T13:08:39.884Z]  "GET /js/ui-v3-passerelle.js" "Mozilla/5.0 (X11; Linux x86_64) AppleWebKit/537.36 (KHTML, like Gecko) HeadlessChrome/141.0.7390.37 Safari/537.36"
[2026-09-04T13:08:39.893Z]  "GET /js/ui-v4b-fiche.js" "Mozilla/5.0 (X11; Linux x86_64) AppleWebKit/537.36 (KHTML, like Gecko) HeadlessChrome/141.0.7390.37 Safari/537.36"
[2026-09-04T13:08:39.893Z]  "GET /js/ui-v4a0-tete.js" "Mozilla/5.0 (X11; Linux x86_64) AppleWebKit/537.36 (KHTML, like Gecko) HeadlessChrome/141.0.7390.37 Safari/537.36"
[2026-09-04T13:08:39.893Z]  "GET /js/ui-v4a1-intentions.js" "Mozilla/5.0 (X11; Linux x86_64) AppleWebKit/537.36 (KHTML, like Gecko) HeadlessChrome/141.0.7390.37 Safari/537.36"
[2026-09-04T13:08:39.893Z]  "GET /js/ui-v4a2-cartes.js" "Mozilla/5.0 (X11; Linux x86_64) AppleWebKit/537.36 (KHTML, like Gecko) HeadlessChrome/141.0.7390.37 Safari/537.36"
[2026-09-04T13:08:39.893Z]  "GET /js/ui-v4a3-vue.js" "Mozilla/5.0 (X11; Linux x86_64) AppleWebKit/537.36 (KHTML, like Gecko) HeadlessChrome/141.0.7390.37 Safari/537.36"
[2026-09-04T13:08:39.896Z]  "GET /js/ui-v5-bobines.js" "Mozilla/5.0 (X11; Linux x86_64) AppleWebKit/537.36 (KHTML, like Gecko) HeadlessChrome/141.0.7390.37 Safari/537.36"
[2026-09-04T13:08:39.903Z]  "GET /js/ui-v4a4-outils.js" "Mozilla/5.0 (X11; Linux x86_64) AppleWebKit/537.36 (KHTML, like Gecko) HeadlessChrome/141.0.7390.37 Safari/537.36"
[2026-09-04T13:08:39.903Z]  "GET /js/ui-v4a5-filtres.js" "Mozilla/5.0 (X11; Linux x86_64) AppleWebKit/537.36 (KHTML, like Gecko) HeadlessChrome/141.0.7390.37 Safari/537.36"
[2026-09-04T13:08:39.903Z]  "GET /js/ui-v6-composer.js" "Mozilla/5.0 (X11; Linux x86_64) AppleWebKit/537.36 (KHTML, like Gecko) HeadlessChrome/141.0.7390.37 Safari/537.36"
[2026-09-04T13:08:39.903Z]  "GET /js/ui-v6a-messages.js" "Mozilla/5.0 (X11; Linux x86_64) AppleWebKit/537.36 (KHTML, like Gecko) HeadlessChrome/141.0.7390.37 Safari/537.36"
[2026-09-04T13:08:39.903Z]  "GET /js/ui-v6b-profil.js" "Mozilla/5.0 (X11; Linux x86_64) AppleWebKit/537.36 (KHTML, like Gecko) HeadlessChrome/141.0.7390.37 Safari/537.36"
[2026-09-04T13:08:39.912Z]  "GET /js/ui-v6c-proposer-irl.js" "Mozilla/5.0 (X11; Linux x86_64) AppleWebKit/537.36 (KHTML, like Gecko) HeadlessChrome/141.0.7390.37 Safari/537.36"
[2026-09-04T13:08:39.916Z]  "GET /js/ui-v7-lot.js" "Mozilla/5.0 (X11; Linux x86_64) AppleWebKit/537.36 (KHTML, like Gecko) HeadlessChrome/141.0.7390.37 Safari/537.36"
[2026-09-04T13:08:39.917Z]  "GET /js/passions-flat.js" "Mozilla/5.0 (X11; Linux x86_64) AppleWebKit/537.36 (KHTML, like Gecko) HeadlessChrome/141.0.7390.37 Safari/537.36"
[2026-09-04T13:08:39.917Z]  "GET /js/passion-selector.js" "Mozilla/5.0 (X11; Linux x86_64) AppleWebKit/537.36 (KHTML, like Gecko) HeadlessChrome/141.0.7390.37 Safari/537.36"
[2026-09-04T13:08:39.917Z]  "GET /js/passions-flat-ui.js" "Mozilla/5.0 (X11; Linux x86_64) AppleWebKit/537.36 (KHTML, like Gecko) HeadlessChrome/141.0.7390.37 Safari/537.36"
[2026-09-04T13:08:39.917Z]  "GET /js/pwa-landing.js" "Mozilla/5.0 (X11; Linux x86_64) AppleWebKit/537.36 (KHTML, like Gecko) HeadlessChrome/141.0.7390.37 Safari/537.36"
[2026-09-04T13:08:39.917Z]  "GET /js/emoji-misc.js" "Mozilla/5.0 (X11; Linux x86_64) AppleWebKit/537.36 (KHTML, like Gecko) HeadlessChrome/141.0.7390.37 Safari/537.36"
[2026-09-04T13:08:52.827Z]  "GET /sw.js" "Mozilla/5.0 (X11; Linux x86_64) AppleWebKit/537.36 (KHTML, like Gecko) HeadlessChrome/141.0.7390.37 Safari/537.36"
[2026-09-04T13:08:52.860Z]  "GET /index.html" "Mozilla/5.0 (X11; Linux x86_64) AppleWebKit/537.36 (KHTML, like Gecko) HeadlessChrome/141.0.7390.37 Safari/537.36"
[2026-09-04T13:08:52.861Z]  "GET /styles.css" "Mozilla/5.0 (X11; Linux x86_64) AppleWebKit/537.36 (KHTML, like Gecko) HeadlessChrome/141.0.7390.37 Safari/537.36"
[2026-09-04T13:08:52.862Z]  "GET /manifest.json" "Mozilla/5.0 (X11; Linux x86_64) AppleWebKit/537.36 (KHTML, like Gecko) HeadlessChrome/141.0.7390.37 Safari/537.36"
[2026-09-04T13:08:52.866Z]  "GET /icon-192.png" "Mozilla/5.0 (X11; Linux x86_64) AppleWebKit/537.36 (KHTML, like Gecko) HeadlessChrome/141.0.7390.37 Safari/537.36"
[2026-09-04T13:08:52.874Z]  "GET /icon-512.png" "Mozilla/5.0 (X11; Linux x86_64) AppleWebKit/537.36 (KHTML, like Gecko) HeadlessChrome/141.0.7390.37 Safari/537.36"
[2026-09-04T13:08:52.904Z]  "GET /sw.js" "Mozilla/5.0 (X11; Linux x86_64) AppleWebKit/537.36 (KHTML, like Gecko) HeadlessChrome/141.0.7390.37 Safari/537.36"
[2026-09-04T13:08:54.030Z]  "GET /index.html" "Mozilla/5.0 (X11; Linux x86_64) AppleWebKit/537.36 (KHTML, like Gecko) HeadlessChrome/141.0.7390.37 Safari/537.36"
[2026-09-04T13:08:54.063Z]  "GET /js/access-gate.js" "Mozilla/5.0 (X11; Linux x86_64) AppleWebKit/537.36 (KHTML, like Gecko) HeadlessChrome/141.0.7390.37 Safari/537.36"
[2026-09-04T13:08:54.064Z]  "GET /js/platform.js" "Mozilla/5.0 (X11; Linux x86_64) AppleWebKit/537.36 (KHTML, like Gecko) HeadlessChrome/141.0.7390.37 Safari/537.36"
[2026-09-04T13:08:54.067Z]  "GET /js/telemetry.js" "Mozilla/5.0 (X11; Linux x86_64) AppleWebKit/537.36 (KHTML, like Gecko) HeadlessChrome/141.0.7390.37 Safari/537.36"
[2026-09-04T13:08:54.068Z]  "GET /js/perf-ios.js" "Mozilla/5.0 (X11; Linux x86_64) AppleWebKit/537.36 (KHTML, like Gecko) HeadlessChrome/141.0.7390.37 Safari/537.36"
[2026-09-04T13:08:54.068Z]  "GET /js/pwa-detect.js" "Mozilla/5.0 (X11; Linux x86_64) AppleWebKit/537.36 (KHTML, like Gecko) HeadlessChrome/141.0.7390.37 Safari/537.36"
[2026-09-04T13:08:54.069Z]  "GET /styles.css" "Mozilla/5.0 (X11; Linux x86_64) AppleWebKit/537.36 (KHTML, like Gecko) HeadlessChrome/141.0.7390.37 Safari/537.36"
[2026-09-04T13:08:54.097Z]  "GET /js/supabase-loader.js" "Mozilla/5.0 (X11; Linux x86_64) AppleWebKit/537.36 (KHTML, like Gecko) HeadlessChrome/141.0.7390.37 Safari/537.36"
[2026-09-04T13:08:54.097Z]  "GET /js/map-loader.js" "Mozilla/5.0 (X11; Linux x86_64) AppleWebKit/537.36 (KHTML, like Gecko) HeadlessChrome/141.0.7390.37 Safari/537.36"
[2026-09-04T13:08:54.098Z]  "GET /js/idb-store.js" "Mozilla/5.0 (X11; Linux x86_64) AppleWebKit/537.36 (KHTML, like Gecko) HeadlessChrome/141.0.7390.37 Safari/537.36"
[2026-09-04T13:08:54.098Z]  "GET /js/first-run.js" "Mozilla/5.0 (X11; Linux x86_64) AppleWebKit/537.36 (KHTML, like Gecko) HeadlessChrome/141.0.7390.37 Safari/537.36"
[2026-09-04T13:08:54.098Z]  "GET /js/app-01-diag-seed.js" "Mozilla/5.0 (X11; Linux x86_64) AppleWebKit/537.36 (KHTML, like Gecko) HeadlessChrome/141.0.7390.37 Safari/537.36"
[2026-09-04T13:08:54.119Z]  "GET /js/app-02-state-utils.js" "Mozilla/5.0 (X11; Linux x86_64) AppleWebKit/537.36 (KHTML, like Gecko) HeadlessChrome/141.0.7390.37 Safari/537.36"
[2026-09-04T13:08:54.141Z]  "GET /js/app-03-posts-vlogs.js" "Mozilla/5.0 (X11; Linux x86_64) AppleWebKit/537.36 (KHTML, like Gecko) HeadlessChrome/141.0.7390.37 Safari/537.36"
[2026-09-04T13:08:54.164Z]  "GET /js/app-04-comments-shop.js" "Mozilla/5.0 (X11; Linux x86_64) AppleWebKit/537.36 (KHTML, like Gecko) HeadlessChrome/141.0.7390.37 Safari/537.36"
[2026-09-04T13:08:54.164Z]  "GET /js/app-05-config-profil.js" "Mozilla/5.0 (X11; Linux x86_64) AppleWebKit/537.36 (KHTML, like Gecko) HeadlessChrome/141.0.7390.37 Safari/537.36"
[2026-09-04T13:08:54.165Z]  "GET /js/app-06-reels-partage.js" "Mozilla/5.0 (X11; Linux x86_64) AppleWebKit/537.36 (KHTML, like Gecko) HeadlessChrome/141.0.7390.37 Safari/537.36"
[2026-09-04T13:08:54.165Z]  "GET /js/app-07-ia-explore-irl.js" "Mozilla/5.0 (X11; Linux x86_64) AppleWebKit/537.36 (KHTML, like Gecko) HeadlessChrome/141.0.7390.37 Safari/537.36"
[2026-09-04T13:08:54.165Z]  "GET /js/app-08-ui-modals-tour.js" "Mozilla/5.0 (X11; Linux x86_64) AppleWebKit/537.36 (KHTML, like Gecko) HeadlessChrome/141.0.7390.37 Safari/537.36"
[2026-09-04T13:08:54.165Z]  "GET /js/app-09-boot-pwa.js" "Mozilla/5.0 (X11; Linux x86_64) AppleWebKit/537.36 (KHTML, like Gecko) HeadlessChrome/141.0.7390.37 Safari/537.36"
[2026-09-04T13:08:54.194Z]  "GET /js/contextual-nav.js" "Mozilla/5.0 (X11; Linux x86_64) AppleWebKit/537.36 (KHTML, like Gecko) HeadlessChrome/141.0.7390.37 Safari/537.36"
[2026-09-04T13:08:54.216Z]  "GET /js/ui-v2-shell.js" "Mozilla/5.0 (X11; Linux x86_64) AppleWebKit/537.36 (KHTML, like Gecko) HeadlessChrome/141.0.7390.37 Safari/537.36"
[2026-09-04T13:08:54.222Z]  "GET /js/ui-v3-passerelle.js" "Mozilla/5.0 (X11; Linux x86_64) AppleWebKit/537.36 (KHTML, like Gecko) HeadlessChrome/141.0.7390.37 Safari/537.36"
[2026-09-04T13:08:54.230Z]  "GET /js/ui-v4b-fiche.js" "Mozilla/5.0 (X11; Linux x86_64) AppleWebKit/537.36 (KHTML, like Gecko) HeadlessChrome/141.0.7390.37 Safari/537.36"
[2026-09-04T13:08:54.236Z]  "GET /js/ui-v4a0-tete.js" "Mozilla/5.0 (X11; Linux x86_64) AppleWebKit/537.36 (KHTML, like Gecko) HeadlessChrome/141.0.7390.37 Safari/537.36"
[2026-09-04T13:08:54.240Z]  "GET /js/ui-v4a1-intentions.js" "Mozilla/5.0 (X11; Linux x86_64) AppleWebKit/537.36 (KHTML, like Gecko) HeadlessChrome/141.0.7390.37 Safari/537.36"
[2026-09-04T13:08:54.247Z]  "GET /js/ui-v4a2-cartes.js" "Mozilla/5.0 (X11; Linux x86_64) AppleWebKit/537.36 (KHTML, like Gecko) HeadlessChrome/141.0.7390.37 Safari/537.36"
[2026-09-04T13:08:54.254Z]  "GET /js/ui-v4a3-vue.js" "Mozilla/5.0 (X11; Linux x86_64) AppleWebKit/537.36 (KHTML, like Gecko) HeadlessChrome/141.0.7390.37 Safari/537.36"
[2026-09-04T13:08:54.257Z]  "GET /js/ui-v5-bobines.js" "Mozilla/5.0 (X11; Linux x86_64) AppleWebKit/537.36 (KHTML, like Gecko) HeadlessChrome/141.0.7390.37 Safari/537.36"
[2026-09-04T13:08:54.260Z]  "GET /js/ui-v4a4-outils.js" "Mozilla/5.0 (X11; Linux x86_64) AppleWebKit/537.36 (KHTML, like Gecko) HeadlessChrome/141.0.7390.37 Safari/537.36"
[2026-09-04T13:08:54.265Z]  "GET /js/ui-v4a5-filtres.js" "Mozilla/5.0 (X11; Linux x86_64) AppleWebKit/537.36 (KHTML, like Gecko) HeadlessChrome/141.0.7390.37 Safari/537.36"
[2026-09-04T13:08:54.268Z]  "GET /js/ui-v6-composer.js" "Mozilla/5.0 (X11; Linux x86_64) AppleWebKit/537.36 (KHTML, like Gecko) HeadlessChrome/141.0.7390.37 Safari/537.36"
[2026-09-04T13:08:54.276Z]  "GET /js/ui-v6a-messages.js" "Mozilla/5.0 (X11; Linux x86_64) AppleWebKit/537.36 (KHTML, like Gecko) HeadlessChrome/141.0.7390.37 Safari/537.36"
[2026-09-04T13:08:54.282Z]  "GET /js/ui-v6b-profil.js" "Mozilla/5.0 (X11; Linux x86_64) AppleWebKit/537.36 (KHTML, like Gecko) HeadlessChrome/141.0.7390.37 Safari/537.36"
[2026-09-04T13:08:54.285Z]  "GET /js/ui-v6c-proposer-irl.js" "Mozilla/5.0 (X11; Linux x86_64) AppleWebKit/537.36 (KHTML, like Gecko) HeadlessChrome/141.0.7390.37 Safari/537.36"
[2026-09-04T13:08:54.311Z]  "GET /js/ui-v7-lot.js" "Mozilla/5.0 (X11; Linux x86_64) AppleWebKit/537.36 (KHTML, like Gecko) HeadlessChrome/141.0.7390.37 Safari/537.36"
[2026-09-04T13:08:54.312Z]  "GET /js/passions-flat.js" "Mozilla/5.0 (X11; Linux x86_64) AppleWebKit/537.36 (KHTML, like Gecko) HeadlessChrome/141.0.7390.37 Safari/537.36"
[2026-09-04T13:08:54.312Z]  "GET /js/passion-selector.js" "Mozilla/5.0 (X11; Linux x86_64) AppleWebKit/537.36 (KHTML, like Gecko) HeadlessChrome/141.0.7390.37 Safari/537.36"
[2026-09-04T13:08:54.312Z]  "GET /js/passions-flat-ui.js" "Mozilla/5.0 (X11; Linux x86_64) AppleWebKit/537.36 (KHTML, like Gecko) HeadlessChrome/141.0.7390.37 Safari/537.36"
[2026-09-04T13:08:54.312Z]  "GET /js/pwa-landing.js" "Mozilla/5.0 (X11; Linux x86_64) AppleWebKit/537.36 (KHTML, like Gecko) HeadlessChrome/141.0.7390.37 Safari/537.36"
[2026-09-04T13:08:54.312Z]  "GET /js/emoji-misc.js" "Mozilla/5.0 (X11; Linux x86_64) AppleWebKit/537.36 (KHTML, like Gecko) HeadlessChrome/141.0.7390.37 Safari/537.36"
[2026-09-04T13:09:06.920Z]  "GET /sw.js" "Mozilla/5.0 (X11; Linux x86_64) AppleWebKit/537.36 (KHTML, like Gecko) HeadlessChrome/141.0.7390.37 Safari/537.36"
[2026-09-04T13:09:06.939Z]  "GET /index.html" "Mozilla/5.0 (X11; Linux x86_64) AppleWebKit/537.36 (KHTML, like Gecko) HeadlessChrome/141.0.7390.37 Safari/537.36"
[2026-09-04T13:09:06.945Z]  "GET /styles.css" "Mozilla/5.0 (X11; Linux x86_64) AppleWebKit/537.36 (KHTML, like Gecko) HeadlessChrome/141.0.7390.37 Safari/537.36"
[2026-09-04T13:09:06.945Z]  "GET /manifest.json" "Mozilla/5.0 (X11; Linux x86_64) AppleWebKit/537.36 (KHTML, like Gecko) HeadlessChrome/141.0.7390.37 Safari/537.36"
[2026-09-04T13:09:06.952Z]  "GET /icon-192.png" "Mozilla/5.0 (X11; Linux x86_64) AppleWebKit/537.36 (KHTML, like Gecko) HeadlessChrome/141.0.7390.37 Safari/537.36"
[2026-09-04T13:09:06.961Z]  "GET /icon-512.png" "Mozilla/5.0 (X11; Linux x86_64) AppleWebKit/537.36 (KHTML, like Gecko) HeadlessChrome/141.0.7390.37 Safari/537.36"
[2026-09-04T13:09:06.982Z]  "GET /sw.js" "Mozilla/5.0 (X11; Linux x86_64) AppleWebKit/537.36 (KHTML, like Gecko) HeadlessChrome/141.0.7390.37 Safari/537.36"
[2026-09-04T13:09:08.153Z]  "GET /index.html" "Mozilla/5.0 (X11; Linux x86_64) AppleWebKit/537.36 (KHTML, like Gecko) HeadlessChrome/141.0.7390.37 Safari/537.36"
[2026-09-04T13:09:08.161Z]  "GET /js/access-gate.js" "Mozilla/5.0 (X11; Linux x86_64) AppleWebKit/537.36 (KHTML, like Gecko) HeadlessChrome/141.0.7390.37 Safari/537.36"
[2026-09-04T13:09:08.175Z]  "GET /styles.css" "Mozilla/5.0 (X11; Linux x86_64) AppleWebKit/537.36 (KHTML, like Gecko) HeadlessChrome/141.0.7390.37 Safari/537.36"
[2026-09-04T13:09:08.176Z]  "GET /js/platform.js" "Mozilla/5.0 (X11; Linux x86_64) AppleWebKit/537.36 (KHTML, like Gecko) HeadlessChrome/141.0.7390.37 Safari/537.36"
[2026-09-04T13:09:08.176Z]  "GET /js/telemetry.js" "Mozilla/5.0 (X11; Linux x86_64) AppleWebKit/537.36 (KHTML, like Gecko) HeadlessChrome/141.0.7390.37 Safari/537.36"
[2026-09-04T13:09:08.177Z]  "GET /js/perf-ios.js" "Mozilla/5.0 (X11; Linux x86_64) AppleWebKit/537.36 (KHTML, like Gecko) HeadlessChrome/141.0.7390.37 Safari/537.36"
[2026-09-04T13:09:08.177Z]  "GET /js/pwa-detect.js" "Mozilla/5.0 (X11; Linux x86_64) AppleWebKit/537.36 (KHTML, like Gecko) HeadlessChrome/141.0.7390.37 Safari/537.36"
[2026-09-04T13:09:08.177Z]  "GET /js/supabase-loader.js" "Mozilla/5.0 (X11; Linux x86_64) AppleWebKit/537.36 (KHTML, like Gecko) HeadlessChrome/141.0.7390.37 Safari/537.36"
[2026-09-04T13:09:08.185Z]  "GET /js/map-loader.js" "Mozilla/5.0 (X11; Linux x86_64) AppleWebKit/537.36 (KHTML, like Gecko) HeadlessChrome/141.0.7390.37 Safari/537.36"
[2026-09-04T13:09:08.186Z]  "GET /js/idb-store.js" "Mozilla/5.0 (X11; Linux x86_64) AppleWebKit/537.36 (KHTML, like Gecko) HeadlessChrome/141.0.7390.37 Safari/537.36"
[2026-09-04T13:09:08.186Z]  "GET /js/first-run.js" "Mozilla/5.0 (X11; Linux x86_64) AppleWebKit/537.36 (KHTML, like Gecko) HeadlessChrome/141.0.7390.37 Safari/537.36"
[2026-09-04T13:09:08.186Z]  "GET /js/app-01-diag-seed.js" "Mozilla/5.0 (X11; Linux x86_64) AppleWebKit/537.36 (KHTML, like Gecko) HeadlessChrome/141.0.7390.37 Safari/537.36"
[2026-09-04T13:09:08.186Z]  "GET /js/app-02-state-utils.js" "Mozilla/5.0 (X11; Linux x86_64) AppleWebKit/537.36 (KHTML, like Gecko) HeadlessChrome/141.0.7390.37 Safari/537.36"
[2026-09-04T13:09:08.193Z]  "GET /js/app-03-posts-vlogs.js" "Mozilla/5.0 (X11; Linux x86_64) AppleWebKit/537.36 (KHTML, like Gecko) HeadlessChrome/141.0.7390.37 Safari/537.36"
[2026-09-04T13:09:08.196Z]  "GET /js/app-04-comments-shop.js" "Mozilla/5.0 (X11; Linux x86_64) AppleWebKit/537.36 (KHTML, like Gecko) HeadlessChrome/141.0.7390.37 Safari/537.36"
[2026-09-04T13:09:08.196Z]  "GET /js/app-05-config-profil.js" "Mozilla/5.0 (X11; Linux x86_64) AppleWebKit/537.36 (KHTML, like Gecko) HeadlessChrome/141.0.7390.37 Safari/537.36"
[2026-09-04T13:09:08.197Z]  "GET /js/app-06-reels-partage.js" "Mozilla/5.0 (X11; Linux x86_64) AppleWebKit/537.36 (KHTML, like Gecko) HeadlessChrome/141.0.7390.37 Safari/537.36"
[2026-09-04T13:09:08.197Z]  "GET /js/app-07-ia-explore-irl.js" "Mozilla/5.0 (X11; Linux x86_64) AppleWebKit/537.36 (KHTML, like Gecko) HeadlessChrome/141.0.7390.37 Safari/537.36"
[2026-09-04T13:09:08.197Z]  "GET /js/app-08-ui-modals-tour.js" "Mozilla/5.0 (X11; Linux x86_64) AppleWebKit/537.36 (KHTML, like Gecko) HeadlessChrome/141.0.7390.37 Safari/537.36"
[2026-09-04T13:09:08.197Z]  "GET /js/app-09-boot-pwa.js" "Mozilla/5.0 (X11; Linux x86_64) AppleWebKit/537.36 (KHTML, like Gecko) HeadlessChrome/141.0.7390.37 Safari/537.36"
[2026-09-04T13:09:08.211Z]  "GET /js/contextual-nav.js" "Mozilla/5.0 (X11; Linux x86_64) AppleWebKit/537.36 (KHTML, like Gecko) HeadlessChrome/141.0.7390.37 Safari/537.36"
[2026-09-04T13:09:08.211Z]  "GET /js/ui-v2-shell.js" "Mozilla/5.0 (X11; Linux x86_64) AppleWebKit/537.36 (KHTML, like Gecko) HeadlessChrome/141.0.7390.37 Safari/537.36"
[2026-09-04T13:09:08.214Z]  "GET /js/ui-v3-passerelle.js" "Mozilla/5.0 (X11; Linux x86_64) AppleWebKit/537.36 (KHTML, like Gecko) HeadlessChrome/141.0.7390.37 Safari/537.36"
[2026-09-04T13:09:08.214Z]  "GET /js/ui-v4b-fiche.js" "Mozilla/5.0 (X11; Linux x86_64) AppleWebKit/537.36 (KHTML, like Gecko) HeadlessChrome/141.0.7390.37 Safari/537.36"
[2026-09-04T13:09:08.215Z]  "GET /js/ui-v4a0-tete.js" "Mozilla/5.0 (X11; Linux x86_64) AppleWebKit/537.36 (KHTML, like Gecko) HeadlessChrome/141.0.7390.37 Safari/537.36"
[2026-09-04T13:09:08.215Z]  "GET /js/ui-v4a1-intentions.js" "Mozilla/5.0 (X11; Linux x86_64) AppleWebKit/537.36 (KHTML, like Gecko) HeadlessChrome/141.0.7390.37 Safari/537.36"
[2026-09-04T13:09:08.224Z]  "GET /js/ui-v4a2-cartes.js" "Mozilla/5.0 (X11; Linux x86_64) AppleWebKit/537.36 (KHTML, like Gecko) HeadlessChrome/141.0.7390.37 Safari/537.36"
[2026-09-04T13:09:08.226Z]  "GET /js/ui-v4a3-vue.js" "Mozilla/5.0 (X11; Linux x86_64) AppleWebKit/537.36 (KHTML, like Gecko) HeadlessChrome/141.0.7390.37 Safari/537.36"
[2026-09-04T13:09:08.226Z]  "GET /js/ui-v5-bobines.js" "Mozilla/5.0 (X11; Linux x86_64) AppleWebKit/537.36 (KHTML, like Gecko) HeadlessChrome/141.0.7390.37 Safari/537.36"
[2026-09-04T13:09:08.226Z]  "GET /js/ui-v4a4-outils.js" "Mozilla/5.0 (X11; Linux x86_64) AppleWebKit/537.36 (KHTML, like Gecko) HeadlessChrome/141.0.7390.37 Safari/537.36"
[2026-09-04T13:09:08.227Z]  "GET /js/ui-v4a5-filtres.js" "Mozilla/5.0 (X11; Linux x86_64) AppleWebKit/537.36 (KHTML, like Gecko) HeadlessChrome/141.0.7390.37 Safari/537.36"
[2026-09-04T13:09:08.227Z]  "GET /js/ui-v6-composer.js" "Mozilla/5.0 (X11; Linux x86_64) AppleWebKit/537.36 (KHTML, like Gecko) HeadlessChrome/141.0.7390.37 Safari/537.36"
[2026-09-04T13:09:08.230Z]  "GET /js/ui-v6a-messages.js" "Mozilla/5.0 (X11; Linux x86_64) AppleWebKit/537.36 (KHTML, like Gecko) HeadlessChrome/141.0.7390.37 Safari/537.36"
[2026-09-04T13:09:08.244Z]  "GET /js/ui-v6b-profil.js" "Mozilla/5.0 (X11; Linux x86_64) AppleWebKit/537.36 (KHTML, like Gecko) HeadlessChrome/141.0.7390.37 Safari/537.36"
[2026-09-04T13:09:08.245Z]  "GET /js/ui-v6c-proposer-irl.js" "Mozilla/5.0 (X11; Linux x86_64) AppleWebKit/537.36 (KHTML, like Gecko) HeadlessChrome/141.0.7390.37 Safari/537.36"
[2026-09-04T13:09:08.245Z]  "GET /js/ui-v7-lot.js" "Mozilla/5.0 (X11; Linux x86_64) AppleWebKit/537.36 (KHTML, like Gecko) HeadlessChrome/141.0.7390.37 Safari/537.36"
[2026-09-04T13:09:08.246Z]  "GET /js/passions-flat.js" "Mozilla/5.0 (X11; Linux x86_64) AppleWebKit/537.36 (KHTML, like Gecko) HeadlessChrome/141.0.7390.37 Safari/537.36"
[2026-09-04T13:09:08.250Z]  "GET /js/passion-selector.js" "Mozilla/5.0 (X11; Linux x86_64) AppleWebKit/537.36 (KHTML, like Gecko) HeadlessChrome/141.0.7390.37 Safari/537.36"
[2026-09-04T13:09:08.251Z]  "GET /js/passions-flat-ui.js" "Mozilla/5.0 (X11; Linux x86_64) AppleWebKit/537.36 (KHTML, like Gecko) HeadlessChrome/141.0.7390.37 Safari/537.36"
[2026-09-04T13:09:08.256Z]  "GET /js/pwa-landing.js" "Mozilla/5.0 (X11; Linux x86_64) AppleWebKit/537.36 (KHTML, like Gecko) HeadlessChrome/141.0.7390.37 Safari/537.36"
[2026-09-04T13:09:08.258Z]  "GET /js/emoji-misc.js" "Mozilla/5.0 (X11; Linux x86_64) AppleWebKit/537.36 (KHTML, like Gecko) HeadlessChrome/141.0.7390.37 Safari/537.36"
[2026-09-04T13:09:20.824Z]  "GET /sw.js" "Mozilla/5.0 (X11; Linux x86_64) AppleWebKit/537.36 (KHTML, like Gecko) HeadlessChrome/141.0.7390.37 Safari/537.36"
[2026-09-04T13:09:20.853Z]  "GET /index.html" "Mozilla/5.0 (X11; Linux x86_64) AppleWebKit/537.36 (KHTML, like Gecko) HeadlessChrome/141.0.7390.37 Safari/537.36"
[2026-09-04T13:09:20.853Z]  "GET /styles.css" "Mozilla/5.0 (X11; Linux x86_64) AppleWebKit/537.36 (KHTML, like Gecko) HeadlessChrome/141.0.7390.37 Safari/537.36"
[2026-09-04T13:09:20.857Z]  "GET /manifest.json" "Mozilla/5.0 (X11; Linux x86_64) AppleWebKit/537.36 (KHTML, like Gecko) HeadlessChrome/141.0.7390.37 Safari/537.36"
[2026-09-04T13:09:20.861Z]  "GET /icon-192.png" "Mozilla/5.0 (X11; Linux x86_64) AppleWebKit/537.36 (KHTML, like Gecko) HeadlessChrome/141.0.7390.37 Safari/537.36"
[2026-09-04T13:09:20.864Z]  "GET /icon-512.png" "Mozilla/5.0 (X11; Linux x86_64) AppleWebKit/537.36 (KHTML, like Gecko) HeadlessChrome/141.0.7390.37 Safari/537.36"
[2026-09-04T13:09:20.888Z]  "GET /sw.js" "Mozilla/5.0 (X11; Linux x86_64) AppleWebKit/537.36 (KHTML, like Gecko) HeadlessChrome/141.0.7390.37 Safari/537.36"
[2026-09-04T13:09:21.835Z]  "GET /index.html" "Mozilla/5.0 (X11; Linux x86_64) AppleWebKit/537.36 (KHTML, like Gecko) HeadlessChrome/141.0.7390.37 Safari/537.36"
[2026-09-04T13:09:21.842Z]  "GET /js/access-gate.js" "Mozilla/5.0 (X11; Linux x86_64) AppleWebKit/537.36 (KHTML, like Gecko) HeadlessChrome/141.0.7390.37 Safari/537.36"
[2026-09-04T13:09:21.850Z]  "GET /js/platform.js" "Mozilla/5.0 (X11; Linux x86_64) AppleWebKit/537.36 (KHTML, like Gecko) HeadlessChrome/141.0.7390.37 Safari/537.36"
[2026-09-04T13:09:21.852Z]  "GET /js/telemetry.js" "Mozilla/5.0 (X11; Linux x86_64) AppleWebKit/537.36 (KHTML, like Gecko) HeadlessChrome/141.0.7390.37 Safari/537.36"
[2026-09-04T13:09:21.852Z]  "GET /js/perf-ios.js" "Mozilla/5.0 (X11; Linux x86_64) AppleWebKit/537.36 (KHTML, like Gecko) HeadlessChrome/141.0.7390.37 Safari/537.36"
[2026-09-04T13:09:21.853Z]  "GET /js/pwa-detect.js" "Mozilla/5.0 (X11; Linux x86_64) AppleWebKit/537.36 (KHTML, like Gecko) HeadlessChrome/141.0.7390.37 Safari/537.36"
[2026-09-04T13:09:21.855Z]  "GET /styles.css" "Mozilla/5.0 (X11; Linux x86_64) AppleWebKit/537.36 (KHTML, like Gecko) HeadlessChrome/141.0.7390.37 Safari/537.36"
[2026-09-04T13:09:21.856Z]  "GET /js/supabase-loader.js" "Mozilla/5.0 (X11; Linux x86_64) AppleWebKit/537.36 (KHTML, like Gecko) HeadlessChrome/141.0.7390.37 Safari/537.36"
[2026-09-04T13:09:21.864Z]  "GET /js/map-loader.js" "Mozilla/5.0 (X11; Linux x86_64) AppleWebKit/537.36 (KHTML, like Gecko) HeadlessChrome/141.0.7390.37 Safari/537.36"
[2026-09-04T13:09:21.864Z]  "GET /js/idb-store.js" "Mozilla/5.0 (X11; Linux x86_64) AppleWebKit/537.36 (KHTML, like Gecko) HeadlessChrome/141.0.7390.37 Safari/537.36"
[2026-09-04T13:09:21.864Z]  "GET /js/first-run.js" "Mozilla/5.0 (X11; Linux x86_64) AppleWebKit/537.36 (KHTML, like Gecko) HeadlessChrome/141.0.7390.37 Safari/537.36"
[2026-09-04T13:09:21.866Z]  "GET /js/app-01-diag-seed.js" "Mozilla/5.0 (X11; Linux x86_64) AppleWebKit/537.36 (KHTML, like Gecko) HeadlessChrome/141.0.7390.37 Safari/537.36"
[2026-09-04T13:09:21.866Z]  "GET /js/app-02-state-utils.js" "Mozilla/5.0 (X11; Linux x86_64) AppleWebKit/537.36 (KHTML, like Gecko) HeadlessChrome/141.0.7390.37 Safari/537.36"
[2026-09-04T13:09:21.866Z]  "GET /js/app-03-posts-vlogs.js" "Mozilla/5.0 (X11; Linux x86_64) AppleWebKit/537.36 (KHTML, like Gecko) HeadlessChrome/141.0.7390.37 Safari/537.36"
[2026-09-04T13:09:21.875Z]  "GET /js/app-04-comments-shop.js" "Mozilla/5.0 (X11; Linux x86_64) AppleWebKit/537.36 (KHTML, like Gecko) HeadlessChrome/141.0.7390.37 Safari/537.36"
[2026-09-04T13:09:21.883Z]  "GET /js/app-05-config-profil.js" "Mozilla/5.0 (X11; Linux x86_64) AppleWebKit/537.36 (KHTML, like Gecko) HeadlessChrome/141.0.7390.37 Safari/537.36"
[2026-09-04T13:09:21.886Z]  "GET /js/app-06-reels-partage.js" "Mozilla/5.0 (X11; Linux x86_64) AppleWebKit/537.36 (KHTML, like Gecko) HeadlessChrome/141.0.7390.37 Safari/537.36"
[2026-09-04T13:09:21.887Z]  "GET /js/app-07-ia-explore-irl.js" "Mozilla/5.0 (X11; Linux x86_64) AppleWebKit/537.36 (KHTML, like Gecko) HeadlessChrome/141.0.7390.37 Safari/537.36"
[2026-09-04T13:09:21.890Z]  "GET /js/app-08-ui-modals-tour.js" "Mozilla/5.0 (X11; Linux x86_64) AppleWebKit/537.36 (KHTML, like Gecko) HeadlessChrome/141.0.7390.37 Safari/537.36"
[2026-09-04T13:09:21.892Z]  "GET /js/app-09-boot-pwa.js" "Mozilla/5.0 (X11; Linux x86_64) AppleWebKit/537.36 (KHTML, like Gecko) HeadlessChrome/141.0.7390.37 Safari/537.36"
[2026-09-04T13:09:21.894Z]  "GET /js/contextual-nav.js" "Mozilla/5.0 (X11; Linux x86_64) AppleWebKit/537.36 (KHTML, like Gecko) HeadlessChrome/141.0.7390.37 Safari/537.36"
[2026-09-04T13:09:21.895Z]  "GET /js/ui-v2-shell.js" "Mozilla/5.0 (X11; Linux x86_64) AppleWebKit/537.36 (KHTML, like Gecko) HeadlessChrome/141.0.7390.37 Safari/537.36"
[2026-09-04T13:09:21.900Z]  "GET /js/ui-v3-passerelle.js" "Mozilla/5.0 (X11; Linux x86_64) AppleWebKit/537.36 (KHTML, like Gecko) HeadlessChrome/141.0.7390.37 Safari/537.36"
[2026-09-04T13:09:21.903Z]  "GET /js/ui-v4b-fiche.js" "Mozilla/5.0 (X11; Linux x86_64) AppleWebKit/537.36 (KHTML, like Gecko) HeadlessChrome/141.0.7390.37 Safari/537.36"
[2026-09-04T13:09:21.910Z]  "GET /js/ui-v4a0-tete.js" "Mozilla/5.0 (X11; Linux x86_64) AppleWebKit/537.36 (KHTML, like Gecko) HeadlessChrome/141.0.7390.37 Safari/537.36"
[2026-09-04T13:09:21.910Z]  "GET /js/ui-v4a1-intentions.js" "Mozilla/5.0 (X11; Linux x86_64) AppleWebKit/537.36 (KHTML, like Gecko) HeadlessChrome/141.0.7390.37 Safari/537.36"
[2026-09-04T13:09:21.910Z]  "GET /js/ui-v4a2-cartes.js" "Mozilla/5.0 (X11; Linux x86_64) AppleWebKit/537.36 (KHTML, like Gecko) HeadlessChrome/141.0.7390.37 Safari/537.36"
[2026-09-04T13:09:21.910Z]  "GET /js/ui-v4a3-vue.js" "Mozilla/5.0 (X11; Linux x86_64) AppleWebKit/537.36 (KHTML, like Gecko) HeadlessChrome/141.0.7390.37 Safari/537.36"
[2026-09-04T13:09:21.911Z]  "GET /js/ui-v5-bobines.js" "Mozilla/5.0 (X11; Linux x86_64) AppleWebKit/537.36 (KHTML, like Gecko) HeadlessChrome/141.0.7390.37 Safari/537.36"
[2026-09-04T13:09:21.911Z]  "GET /js/ui-v4a4-outils.js" "Mozilla/5.0 (X11; Linux x86_64) AppleWebKit/537.36 (KHTML, like Gecko) HeadlessChrome/141.0.7390.37 Safari/537.36"
[2026-09-04T13:09:21.920Z]  "GET /js/ui-v4a5-filtres.js" "Mozilla/5.0 (X11; Linux x86_64) AppleWebKit/537.36 (KHTML, like Gecko) HeadlessChrome/141.0.7390.37 Safari/537.36"
[2026-09-04T13:09:21.922Z]  "GET /js/ui-v6-composer.js" "Mozilla/5.0 (X11; Linux x86_64) AppleWebKit/537.36 (KHTML, like Gecko) HeadlessChrome/141.0.7390.37 Safari/537.36"
[2026-09-04T13:09:21.923Z]  "GET /js/ui-v6a-messages.js" "Mozilla/5.0 (X11; Linux x86_64) AppleWebKit/537.36 (KHTML, like Gecko) HeadlessChrome/141.0.7390.37 Safari/537.36"
[2026-09-04T13:09:21.924Z]  "GET /js/ui-v6b-profil.js" "Mozilla/5.0 (X11; Linux x86_64) AppleWebKit/537.36 (KHTML, like Gecko) HeadlessChrome/141.0.7390.37 Safari/537.36"
[2026-09-04T13:09:21.924Z]  "GET /js/ui-v6c-proposer-irl.js" "Mozilla/5.0 (X11; Linux x86_64) AppleWebKit/537.36 (KHTML, like Gecko) HeadlessChrome/141.0.7390.37 Safari/537.36"
[2026-09-04T13:09:21.925Z]  "GET /js/ui-v7-lot.js" "Mozilla/5.0 (X11; Linux x86_64) AppleWebKit/537.36 (KHTML, like Gecko) HeadlessChrome/141.0.7390.37 Safari/537.36"
[2026-09-04T13:09:21.926Z]  "GET /js/passions-flat.js" "Mozilla/5.0 (X11; Linux x86_64) AppleWebKit/537.36 (KHTML, like Gecko) HeadlessChrome/141.0.7390.37 Safari/537.36"
[2026-09-04T13:09:21.927Z]  "GET /js/passion-selector.js" "Mozilla/5.0 (X11; Linux x86_64) AppleWebKit/537.36 (KHTML, like Gecko) HeadlessChrome/141.0.7390.37 Safari/537.36"
[2026-09-04T13:09:21.932Z]  "GET /js/passions-flat-ui.js" "Mozilla/5.0 (X11; Linux x86_64) AppleWebKit/537.36 (KHTML, like Gecko) HeadlessChrome/141.0.7390.37 Safari/537.36"
[2026-09-04T13:09:21.934Z]  "GET /js/pwa-landing.js" "Mozilla/5.0 (X11; Linux x86_64) AppleWebKit/537.36 (KHTML, like Gecko) HeadlessChrome/141.0.7390.37 Safari/537.36"
[2026-09-04T13:09:21.937Z]  "GET /js/emoji-misc.js" "Mozilla/5.0 (X11; Linux x86_64) AppleWebKit/537.36 (KHTML, like Gecko) HeadlessChrome/141.0.7390.37 Safari/537.36"
[2026-09-04T13:09:34.758Z]  "GET /sw.js" "Mozilla/5.0 (X11; Linux x86_64) AppleWebKit/537.36 (KHTML, like Gecko) HeadlessChrome/141.0.7390.37 Safari/537.36"
[2026-09-04T13:09:34.779Z]  "GET /index.html" "Mozilla/5.0 (X11; Linux x86_64) AppleWebKit/537.36 (KHTML, like Gecko) HeadlessChrome/141.0.7390.37 Safari/537.36"
[2026-09-04T13:09:34.780Z]  "GET /styles.css" "Mozilla/5.0 (X11; Linux x86_64) AppleWebKit/537.36 (KHTML, like Gecko) HeadlessChrome/141.0.7390.37 Safari/537.36"
[2026-09-04T13:09:34.781Z]  "GET /manifest.json" "Mozilla/5.0 (X11; Linux x86_64) AppleWebKit/537.36 (KHTML, like Gecko) HeadlessChrome/141.0.7390.37 Safari/537.36"
[2026-09-04T13:09:34.789Z]  "GET /icon-192.png" "Mozilla/5.0 (X11; Linux x86_64) AppleWebKit/537.36 (KHTML, like Gecko) HeadlessChrome/141.0.7390.37 Safari/537.36"
[2026-09-04T13:09:34.793Z]  "GET /icon-512.png" "Mozilla/5.0 (X11; Linux x86_64) AppleWebKit/537.36 (KHTML, like Gecko) HeadlessChrome/141.0.7390.37 Safari/537.36"
[2026-09-04T13:09:34.810Z]  "GET /sw.js" "Mozilla/5.0 (X11; Linux x86_64) AppleWebKit/537.36 (KHTML, like Gecko) HeadlessChrome/141.0.7390.37 Safari/537.36"
[2026-09-04T13:09:35.797Z]  "GET /index.html" "Mozilla/5.0 (X11; Linux x86_64) AppleWebKit/537.36 (KHTML, like Gecko) HeadlessChrome/141.0.7390.37 Safari/537.36"
[2026-09-04T13:09:35.805Z]  "GET /js/access-gate.js" "Mozilla/5.0 (X11; Linux x86_64) AppleWebKit/537.36 (KHTML, like Gecko) HeadlessChrome/141.0.7390.37 Safari/537.36"
[2026-09-04T13:09:35.815Z]  "GET /js/platform.js" "Mozilla/5.0 (X11; Linux x86_64) AppleWebKit/537.36 (KHTML, like Gecko) HeadlessChrome/141.0.7390.37 Safari/537.36"
[2026-09-04T13:09:35.818Z]  "GET /js/telemetry.js" "Mozilla/5.0 (X11; Linux x86_64) AppleWebKit/537.36 (KHTML, like Gecko) HeadlessChrome/141.0.7390.37 Safari/537.36"
[2026-09-04T13:09:35.819Z]  "GET /js/perf-ios.js" "Mozilla/5.0 (X11; Linux x86_64) AppleWebKit/537.36 (KHTML, like Gecko) HeadlessChrome/141.0.7390.37 Safari/537.36"
[2026-09-04T13:09:35.819Z]  "GET /styles.css" "Mozilla/5.0 (X11; Linux x86_64) AppleWebKit/537.36 (KHTML, like Gecko) HeadlessChrome/141.0.7390.37 Safari/537.36"
[2026-09-04T13:09:35.820Z]  "GET /js/pwa-detect.js" "Mozilla/5.0 (X11; Linux x86_64) AppleWebKit/537.36 (KHTML, like Gecko) HeadlessChrome/141.0.7390.37 Safari/537.36"
[2026-09-04T13:09:35.821Z]  "GET /js/supabase-loader.js" "Mozilla/5.0 (X11; Linux x86_64) AppleWebKit/537.36 (KHTML, like Gecko) HeadlessChrome/141.0.7390.37 Safari/537.36"
[2026-09-04T13:09:35.821Z]  "GET /js/map-loader.js" "Mozilla/5.0 (X11; Linux x86_64) AppleWebKit/537.36 (KHTML, like Gecko) HeadlessChrome/141.0.7390.37 Safari/537.36"
[2026-09-04T13:09:35.828Z]  "GET /js/idb-store.js" "Mozilla/5.0 (X11; Linux x86_64) AppleWebKit/537.36 (KHTML, like Gecko) HeadlessChrome/141.0.7390.37 Safari/537.36"
[2026-09-04T13:09:35.830Z]  "GET /js/first-run.js" "Mozilla/5.0 (X11; Linux x86_64) AppleWebKit/537.36 (KHTML, like Gecko) HeadlessChrome/141.0.7390.37 Safari/537.36"
[2026-09-04T13:09:35.831Z]  "GET /js/app-01-diag-seed.js" "Mozilla/5.0 (X11; Linux x86_64) AppleWebKit/537.36 (KHTML, like Gecko) HeadlessChrome/141.0.7390.37 Safari/537.36"
[2026-09-04T13:09:35.831Z]  "GET /js/app-02-state-utils.js" "Mozilla/5.0 (X11; Linux x86_64) AppleWebKit/537.36 (KHTML, like Gecko) HeadlessChrome/141.0.7390.37 Safari/537.36"
[2026-09-04T13:09:35.831Z]  "GET /js/app-03-posts-vlogs.js" "Mozilla/5.0 (X11; Linux x86_64) AppleWebKit/537.36 (KHTML, like Gecko) HeadlessChrome/141.0.7390.37 Safari/537.36"
[2026-09-04T13:09:35.834Z]  "GET /js/app-04-comments-shop.js" "Mozilla/5.0 (X11; Linux x86_64) AppleWebKit/537.36 (KHTML, like Gecko) HeadlessChrome/141.0.7390.37 Safari/537.36"
[2026-09-04T13:09:35.835Z]  "GET /js/app-05-config-profil.js" "Mozilla/5.0 (X11; Linux x86_64) AppleWebKit/537.36 (KHTML, like Gecko) HeadlessChrome/141.0.7390.37 Safari/537.36"
[2026-09-04T13:09:35.841Z]  "GET /js/app-06-reels-partage.js" "Mozilla/5.0 (X11; Linux x86_64) AppleWebKit/537.36 (KHTML, like Gecko) HeadlessChrome/141.0.7390.37 Safari/537.36"
[2026-09-04T13:09:35.842Z]  "GET /js/app-07-ia-explore-irl.js" "Mozilla/5.0 (X11; Linux x86_64) AppleWebKit/537.36 (KHTML, like Gecko) HeadlessChrome/141.0.7390.37 Safari/537.36"
[2026-09-04T13:09:35.846Z]  "GET /js/app-08-ui-modals-tour.js" "Mozilla/5.0 (X11; Linux x86_64) AppleWebKit/537.36 (KHTML, like Gecko) HeadlessChrome/141.0.7390.37 Safari/537.36"
[2026-09-04T13:09:35.846Z]  "GET /js/app-09-boot-pwa.js" "Mozilla/5.0 (X11; Linux x86_64) AppleWebKit/537.36 (KHTML, like Gecko) HeadlessChrome/141.0.7390.37 Safari/537.36"
[2026-09-04T13:09:35.847Z]  "GET /js/contextual-nav.js" "Mozilla/5.0 (X11; Linux x86_64) AppleWebKit/537.36 (KHTML, like Gecko) HeadlessChrome/141.0.7390.37 Safari/537.36"
[2026-09-04T13:09:35.851Z]  "GET /js/ui-v2-shell.js" "Mozilla/5.0 (X11; Linux x86_64) AppleWebKit/537.36 (KHTML, like Gecko) HeadlessChrome/141.0.7390.37 Safari/537.36"
[2026-09-04T13:09:35.855Z]  "GET /js/ui-v3-passerelle.js" "Mozilla/5.0 (X11; Linux x86_64) AppleWebKit/537.36 (KHTML, like Gecko) HeadlessChrome/141.0.7390.37 Safari/537.36"
[2026-09-04T13:09:35.857Z]  "GET /js/ui-v4b-fiche.js" "Mozilla/5.0 (X11; Linux x86_64) AppleWebKit/537.36 (KHTML, like Gecko) HeadlessChrome/141.0.7390.37 Safari/537.36"
[2026-09-04T13:09:35.858Z]  "GET /js/ui-v4a0-tete.js" "Mozilla/5.0 (X11; Linux x86_64) AppleWebKit/537.36 (KHTML, like Gecko) HeadlessChrome/141.0.7390.37 Safari/537.36"
[2026-09-04T13:09:35.859Z]  "GET /js/ui-v4a1-intentions.js" "Mozilla/5.0 (X11; Linux x86_64) AppleWebKit/537.36 (KHTML, like Gecko) HeadlessChrome/141.0.7390.37 Safari/537.36"
[2026-09-04T13:09:35.859Z]  "GET /js/ui-v4a2-cartes.js" "Mozilla/5.0 (X11; Linux x86_64) AppleWebKit/537.36 (KHTML, like Gecko) HeadlessChrome/141.0.7390.37 Safari/537.36"
[2026-09-04T13:09:35.861Z]  "GET /js/ui-v4a3-vue.js" "Mozilla/5.0 (X11; Linux x86_64) AppleWebKit/537.36 (KHTML, like Gecko) HeadlessChrome/141.0.7390.37 Safari/537.36"
[2026-09-04T13:09:35.861Z]  "GET /js/ui-v5-bobines.js" "Mozilla/5.0 (X11; Linux x86_64) AppleWebKit/537.36 (KHTML, like Gecko) HeadlessChrome/141.0.7390.37 Safari/537.36"
[2026-09-04T13:09:35.870Z]  "GET /js/ui-v4a4-outils.js" "Mozilla/5.0 (X11; Linux x86_64) AppleWebKit/537.36 (KHTML, like Gecko) HeadlessChrome/141.0.7390.37 Safari/537.36"
[2026-09-04T13:09:35.873Z]  "GET /js/ui-v4a5-filtres.js" "Mozilla/5.0 (X11; Linux x86_64) AppleWebKit/537.36 (KHTML, like Gecko) HeadlessChrome/141.0.7390.37 Safari/537.36"
[2026-09-04T13:09:35.874Z]  "GET /js/ui-v6-composer.js" "Mozilla/5.0 (X11; Linux x86_64) AppleWebKit/537.36 (KHTML, like Gecko) HeadlessChrome/141.0.7390.37 Safari/537.36"
[2026-09-04T13:09:35.874Z]  "GET /js/ui-v6a-messages.js" "Mozilla/5.0 (X11; Linux x86_64) AppleWebKit/537.36 (KHTML, like Gecko) HeadlessChrome/141.0.7390.37 Safari/537.36"
[2026-09-04T13:09:35.874Z]  "GET /js/ui-v6b-profil.js" "Mozilla/5.0 (X11; Linux x86_64) AppleWebKit/537.36 (KHTML, like Gecko) HeadlessChrome/141.0.7390.37 Safari/537.36"
[2026-09-04T13:09:35.874Z]  "GET /js/ui-v6c-proposer-irl.js" "Mozilla/5.0 (X11; Linux x86_64) AppleWebKit/537.36 (KHTML, like Gecko) HeadlessChrome/141.0.7390.37 Safari/537.36"
[2026-09-04T13:09:35.874Z]  "GET /js/ui-v7-lot.js" "Mozilla/5.0 (X11; Linux x86_64) AppleWebKit/537.36 (KHTML, like Gecko) HeadlessChrome/141.0.7390.37 Safari/537.36"
[2026-09-04T13:09:35.884Z]  "GET /js/passions-flat.js" "Mozilla/5.0 (X11; Linux x86_64) AppleWebKit/537.36 (KHTML, like Gecko) HeadlessChrome/141.0.7390.37 Safari/537.36"
[2026-09-04T13:09:35.886Z]  "GET /js/passion-selector.js" "Mozilla/5.0 (X11; Linux x86_64) AppleWebKit/537.36 (KHTML, like Gecko) HeadlessChrome/141.0.7390.37 Safari/537.36"
[2026-09-04T13:09:35.887Z]  "GET /js/passions-flat-ui.js" "Mozilla/5.0 (X11; Linux x86_64) AppleWebKit/537.36 (KHTML, like Gecko) HeadlessChrome/141.0.7390.37 Safari/537.36"
[2026-09-04T13:09:35.888Z]  "GET /js/pwa-landing.js" "Mozilla/5.0 (X11; Linux x86_64) AppleWebKit/537.36 (KHTML, like Gecko) HeadlessChrome/141.0.7390.37 Safari/537.36"
[2026-09-04T13:09:35.888Z]  "GET /js/emoji-misc.js" "Mozilla/5.0 (X11; Linux x86_64) AppleWebKit/537.36 (KHTML, like Gecko) HeadlessChrome/141.0.7390.37 Safari/537.36"
[2026-09-04T13:09:48.482Z]  "GET /sw.js" "Mozilla/5.0 (X11; Linux x86_64) AppleWebKit/537.36 (KHTML, like Gecko) HeadlessChrome/141.0.7390.37 Safari/537.36"
[2026-09-04T13:09:48.507Z]  "GET /index.html" "Mozilla/5.0 (X11; Linux x86_64) AppleWebKit/537.36 (KHTML, like Gecko) HeadlessChrome/141.0.7390.37 Safari/537.36"
[2026-09-04T13:09:48.508Z]  "GET /styles.css" "Mozilla/5.0 (X11; Linux x86_64) AppleWebKit/537.36 (KHTML, like Gecko) HeadlessChrome/141.0.7390.37 Safari/537.36"
[2026-09-04T13:09:48.517Z]  "GET /manifest.json" "Mozilla/5.0 (X11; Linux x86_64) AppleWebKit/537.36 (KHTML, like Gecko) HeadlessChrome/141.0.7390.37 Safari/537.36"
[2026-09-04T13:09:48.517Z]  "GET /icon-192.png" "Mozilla/5.0 (X11; Linux x86_64) AppleWebKit/537.36 (KHTML, like Gecko) HeadlessChrome/141.0.7390.37 Safari/537.36"
[2026-09-04T13:09:48.522Z]  "GET /icon-512.png" "Mozilla/5.0 (X11; Linux x86_64) AppleWebKit/537.36 (KHTML, like Gecko) HeadlessChrome/141.0.7390.37 Safari/537.36"
[2026-09-04T13:09:48.541Z]  "GET /sw.js" "Mozilla/5.0 (X11; Linux x86_64) AppleWebKit/537.36 (KHTML, like Gecko) HeadlessChrome/141.0.7390.37 Safari/537.36"
[2026-09-04T13:09:49.413Z]  "GET /index.html" "Mozilla/5.0 (X11; Linux x86_64) AppleWebKit/537.36 (KHTML, like Gecko) HeadlessChrome/141.0.7390.37 Safari/537.36"
[2026-09-04T13:09:49.424Z]  "GET /js/access-gate.js" "Mozilla/5.0 (X11; Linux x86_64) AppleWebKit/537.36 (KHTML, like Gecko) HeadlessChrome/141.0.7390.37 Safari/537.36"
[2026-09-04T13:09:49.435Z]  "GET /js/platform.js" "Mozilla/5.0 (X11; Linux x86_64) AppleWebKit/537.36 (KHTML, like Gecko) HeadlessChrome/141.0.7390.37 Safari/537.36"
[2026-09-04T13:09:49.438Z]  "GET /js/telemetry.js" "Mozilla/5.0 (X11; Linux x86_64) AppleWebKit/537.36 (KHTML, like Gecko) HeadlessChrome/141.0.7390.37 Safari/537.36"
[2026-09-04T13:09:49.440Z]  "GET /js/perf-ios.js" "Mozilla/5.0 (X11; Linux x86_64) AppleWebKit/537.36 (KHTML, like Gecko) HeadlessChrome/141.0.7390.37 Safari/537.36"
[2026-09-04T13:09:49.442Z]  "GET /js/pwa-detect.js" "Mozilla/5.0 (X11; Linux x86_64) AppleWebKit/537.36 (KHTML, like Gecko) HeadlessChrome/141.0.7390.37 Safari/537.36"
[2026-09-04T13:09:49.444Z]  "GET /styles.css" "Mozilla/5.0 (X11; Linux x86_64) AppleWebKit/537.36 (KHTML, like Gecko) HeadlessChrome/141.0.7390.37 Safari/537.36"
[2026-09-04T13:09:49.445Z]  "GET /js/supabase-loader.js" "Mozilla/5.0 (X11; Linux x86_64) AppleWebKit/537.36 (KHTML, like Gecko) HeadlessChrome/141.0.7390.37 Safari/537.36"
[2026-09-04T13:09:49.446Z]  "GET /js/map-loader.js" "Mozilla/5.0 (X11; Linux x86_64) AppleWebKit/537.36 (KHTML, like Gecko) HeadlessChrome/141.0.7390.37 Safari/537.36"
[2026-09-04T13:09:49.446Z]  "GET /js/idb-store.js" "Mozilla/5.0 (X11; Linux x86_64) AppleWebKit/537.36 (KHTML, like Gecko) HeadlessChrome/141.0.7390.37 Safari/537.36"
[2026-09-04T13:09:49.451Z]  "GET /js/first-run.js" "Mozilla/5.0 (X11; Linux x86_64) AppleWebKit/537.36 (KHTML, like Gecko) HeadlessChrome/141.0.7390.37 Safari/537.36"
[2026-09-04T13:09:49.452Z]  "GET /js/app-01-diag-seed.js" "Mozilla/5.0 (X11; Linux x86_64) AppleWebKit/537.36 (KHTML, like Gecko) HeadlessChrome/141.0.7390.37 Safari/537.36"
[2026-09-04T13:09:49.452Z]  "GET /js/app-02-state-utils.js" "Mozilla/5.0 (X11; Linux x86_64) AppleWebKit/537.36 (KHTML, like Gecko) HeadlessChrome/141.0.7390.37 Safari/537.36"
[2026-09-04T13:09:49.452Z]  "GET /js/app-03-posts-vlogs.js" "Mozilla/5.0 (X11; Linux x86_64) AppleWebKit/537.36 (KHTML, like Gecko) HeadlessChrome/141.0.7390.37 Safari/537.36"
[2026-09-04T13:09:49.465Z]  "GET /js/app-04-comments-shop.js" "Mozilla/5.0 (X11; Linux x86_64) AppleWebKit/537.36 (KHTML, like Gecko) HeadlessChrome/141.0.7390.37 Safari/537.36"
[2026-09-04T13:09:49.467Z]  "GET /js/app-05-config-profil.js" "Mozilla/5.0 (X11; Linux x86_64) AppleWebKit/537.36 (KHTML, like Gecko) HeadlessChrome/141.0.7390.37 Safari/537.36"
[2026-09-04T13:09:49.471Z]  "GET /js/app-06-reels-partage.js" "Mozilla/5.0 (X11; Linux x86_64) AppleWebKit/537.36 (KHTML, like Gecko) HeadlessChrome/141.0.7390.37 Safari/537.36"
[2026-09-04T13:09:49.471Z]  "GET /js/app-07-ia-explore-irl.js" "Mozilla/5.0 (X11; Linux x86_64) AppleWebKit/537.36 (KHTML, like Gecko) HeadlessChrome/141.0.7390.37 Safari/537.36"
[2026-09-04T13:09:49.473Z]  "GET /js/app-08-ui-modals-tour.js" "Mozilla/5.0 (X11; Linux x86_64) AppleWebKit/537.36 (KHTML, like Gecko) HeadlessChrome/141.0.7390.37 Safari/537.36"
[2026-09-04T13:09:49.475Z]  "GET /js/app-09-boot-pwa.js" "Mozilla/5.0 (X11; Linux x86_64) AppleWebKit/537.36 (KHTML, like Gecko) HeadlessChrome/141.0.7390.37 Safari/537.36"
[2026-09-04T13:09:49.479Z]  "GET /js/contextual-nav.js" "Mozilla/5.0 (X11; Linux x86_64) AppleWebKit/537.36 (KHTML, like Gecko) HeadlessChrome/141.0.7390.37 Safari/537.36"
[2026-09-04T13:09:49.481Z]  "GET /js/ui-v2-shell.js" "Mozilla/5.0 (X11; Linux x86_64) AppleWebKit/537.36 (KHTML, like Gecko) HeadlessChrome/141.0.7390.37 Safari/537.36"
[2026-09-04T13:09:49.484Z]  "GET /js/ui-v3-passerelle.js" "Mozilla/5.0 (X11; Linux x86_64) AppleWebKit/537.36 (KHTML, like Gecko) HeadlessChrome/141.0.7390.37 Safari/537.36"
[2026-09-04T13:09:49.485Z]  "GET /js/ui-v4b-fiche.js" "Mozilla/5.0 (X11; Linux x86_64) AppleWebKit/537.36 (KHTML, like Gecko) HeadlessChrome/141.0.7390.37 Safari/537.36"
[2026-09-04T13:09:49.485Z]  "GET /js/ui-v4a0-tete.js" "Mozilla/5.0 (X11; Linux x86_64) AppleWebKit/537.36 (KHTML, like Gecko) HeadlessChrome/141.0.7390.37 Safari/537.36"
[2026-09-04T13:09:49.489Z]  "GET /js/ui-v4a1-intentions.js" "Mozilla/5.0 (X11; Linux x86_64) AppleWebKit/537.36 (KHTML, like Gecko) HeadlessChrome/141.0.7390.37 Safari/537.36"
[2026-09-04T13:09:49.491Z]  "GET /js/ui-v4a2-cartes.js" "Mozilla/5.0 (X11; Linux x86_64) AppleWebKit/537.36 (KHTML, like Gecko) HeadlessChrome/141.0.7390.37 Safari/537.36"
[2026-09-04T13:09:49.493Z]  "GET /js/ui-v4a3-vue.js" "Mozilla/5.0 (X11; Linux x86_64) AppleWebKit/537.36 (KHTML, like Gecko) HeadlessChrome/141.0.7390.37 Safari/537.36"
[2026-09-04T13:09:49.497Z]  "GET /js/ui-v5-bobines.js" "Mozilla/5.0 (X11; Linux x86_64) AppleWebKit/537.36 (KHTML, like Gecko) HeadlessChrome/141.0.7390.37 Safari/537.36"
[2026-09-04T13:09:49.497Z]  "GET /js/ui-v4a4-outils.js" "Mozilla/5.0 (X11; Linux x86_64) AppleWebKit/537.36 (KHTML, like Gecko) HeadlessChrome/141.0.7390.37 Safari/537.36"
[2026-09-04T13:09:49.498Z]  "GET /js/ui-v4a5-filtres.js" "Mozilla/5.0 (X11; Linux x86_64) AppleWebKit/537.36 (KHTML, like Gecko) HeadlessChrome/141.0.7390.37 Safari/537.36"
[2026-09-04T13:09:49.498Z]  "GET /js/ui-v6-composer.js" "Mozilla/5.0 (X11; Linux x86_64) AppleWebKit/537.36 (KHTML, like Gecko) HeadlessChrome/141.0.7390.37 Safari/537.36"
[2026-09-04T13:09:49.498Z]  "GET /js/ui-v6a-messages.js" "Mozilla/5.0 (X11; Linux x86_64) AppleWebKit/537.36 (KHTML, like Gecko) HeadlessChrome/141.0.7390.37 Safari/537.36"
[2026-09-04T13:09:49.498Z]  "GET /js/ui-v6b-profil.js" "Mozilla/5.0 (X11; Linux x86_64) AppleWebKit/537.36 (KHTML, like Gecko) HeadlessChrome/141.0.7390.37 Safari/537.36"
[2026-09-04T13:09:49.521Z]  "GET /js/ui-v6c-proposer-irl.js" "Mozilla/5.0 (X11; Linux x86_64) AppleWebKit/537.36 (KHTML, like Gecko) HeadlessChrome/141.0.7390.37 Safari/537.36"
[2026-09-04T13:09:49.521Z]  "GET /js/ui-v7-lot.js" "Mozilla/5.0 (X11; Linux x86_64) AppleWebKit/537.36 (KHTML, like Gecko) HeadlessChrome/141.0.7390.37 Safari/537.36"
[2026-09-04T13:09:49.521Z]  "GET /js/passions-flat.js" "Mozilla/5.0 (X11; Linux x86_64) AppleWebKit/537.36 (KHTML, like Gecko) HeadlessChrome/141.0.7390.37 Safari/537.36"
[2026-09-04T13:09:49.522Z]  "GET /js/passion-selector.js" "Mozilla/5.0 (X11; Linux x86_64) AppleWebKit/537.36 (KHTML, like Gecko) HeadlessChrome/141.0.7390.37 Safari/537.36"
[2026-09-04T13:09:49.524Z]  "GET /js/passions-flat-ui.js" "Mozilla/5.0 (X11; Linux x86_64) AppleWebKit/537.36 (KHTML, like Gecko) HeadlessChrome/141.0.7390.37 Safari/537.36"
[2026-09-04T13:09:49.524Z]  "GET /js/pwa-landing.js" "Mozilla/5.0 (X11; Linux x86_64) AppleWebKit/537.36 (KHTML, like Gecko) HeadlessChrome/141.0.7390.37 Safari/537.36"
[2026-09-04T13:09:49.531Z]  "GET /js/emoji-misc.js" "Mozilla/5.0 (X11; Linux x86_64) AppleWebKit/537.36 (KHTML, like Gecko) HeadlessChrome/141.0.7390.37 Safari/537.36"
[2026-09-04T13:10:02.461Z]  "GET /sw.js" "Mozilla/5.0 (X11; Linux x86_64) AppleWebKit/537.36 (KHTML, like Gecko) HeadlessChrome/141.0.7390.37 Safari/537.36"
[2026-09-04T13:10:02.479Z]  "GET /index.html" "Mozilla/5.0 (X11; Linux x86_64) AppleWebKit/537.36 (KHTML, like Gecko) HeadlessChrome/141.0.7390.37 Safari/537.36"
[2026-09-04T13:10:02.480Z]  "GET /styles.css" "Mozilla/5.0 (X11; Linux x86_64) AppleWebKit/537.36 (KHTML, like Gecko) HeadlessChrome/141.0.7390.37 Safari/537.36"
[2026-09-04T13:10:02.480Z]  "GET /manifest.json" "Mozilla/5.0 (X11; Linux x86_64) AppleWebKit/537.36 (KHTML, like Gecko) HeadlessChrome/141.0.7390.37 Safari/537.36"
[2026-09-04T13:10:02.492Z]  "GET /icon-192.png" "Mozilla/5.0 (X11; Linux x86_64) AppleWebKit/537.36 (KHTML, like Gecko) HeadlessChrome/141.0.7390.37 Safari/537.36"
[2026-09-04T13:10:02.495Z]  "GET /icon-512.png" "Mozilla/5.0 (X11; Linux x86_64) AppleWebKit/537.36 (KHTML, like Gecko) HeadlessChrome/141.0.7390.37 Safari/537.36"
[2026-09-04T13:10:02.508Z]  "GET /sw.js" "Mozilla/5.0 (X11; Linux x86_64) AppleWebKit/537.36 (KHTML, like Gecko) HeadlessChrome/141.0.7390.37 Safari/537.36"
[2026-09-04T13:10:03.538Z]  "GET /index.html" "Mozilla/5.0 (X11; Linux x86_64) AppleWebKit/537.36 (KHTML, like Gecko) HeadlessChrome/141.0.7390.37 Safari/537.36"
[2026-09-04T13:10:03.594Z]  "GET /js/access-gate.js" "Mozilla/5.0 (X11; Linux x86_64) AppleWebKit/537.36 (KHTML, like Gecko) HeadlessChrome/141.0.7390.37 Safari/537.36"
[2026-09-04T13:10:03.596Z]  "GET /js/platform.js" "Mozilla/5.0 (X11; Linux x86_64) AppleWebKit/537.36 (KHTML, like Gecko) HeadlessChrome/141.0.7390.37 Safari/537.36"
[2026-09-04T13:10:03.612Z]  "GET /js/map-loader.js" "Mozilla/5.0 (X11; Linux x86_64) AppleWebKit/537.36 (KHTML, like Gecko) HeadlessChrome/141.0.7390.37 Safari/537.36"
[2026-09-04T13:10:03.612Z]  "GET /js/telemetry.js" "Mozilla/5.0 (X11; Linux x86_64) AppleWebKit/537.36 (KHTML, like Gecko) HeadlessChrome/141.0.7390.37 Safari/537.36"
[2026-09-04T13:10:03.617Z]  "GET /js/idb-store.js" "Mozilla/5.0 (X11; Linux x86_64) AppleWebKit/537.36 (KHTML, like Gecko) HeadlessChrome/141.0.7390.37 Safari/537.36"
[2026-09-04T13:10:03.619Z]  "GET /js/perf-ios.js" "Mozilla/5.0 (X11; Linux x86_64) AppleWebKit/537.36 (KHTML, like Gecko) HeadlessChrome/141.0.7390.37 Safari/537.36"
[2026-09-04T13:10:03.625Z]  "GET /js/first-run.js" "Mozilla/5.0 (X11; Linux x86_64) AppleWebKit/537.36 (KHTML, like Gecko) HeadlessChrome/141.0.7390.37 Safari/537.36"
[2026-09-04T13:10:03.625Z]  "GET /js/pwa-detect.js" "Mozilla/5.0 (X11; Linux x86_64) AppleWebKit/537.36 (KHTML, like Gecko) HeadlessChrome/141.0.7390.37 Safari/537.36"
[2026-09-04T13:10:03.635Z]  "GET /js/app-01-diag-seed.js" "Mozilla/5.0 (X11; Linux x86_64) AppleWebKit/537.36 (KHTML, like Gecko) HeadlessChrome/141.0.7390.37 Safari/537.36"
[2026-09-04T13:10:03.636Z]  "GET /styles.css" "Mozilla/5.0 (X11; Linux x86_64) AppleWebKit/537.36 (KHTML, like Gecko) HeadlessChrome/141.0.7390.37 Safari/537.36"
[2026-09-04T13:10:03.636Z]  "GET /js/app-02-state-utils.js" "Mozilla/5.0 (X11; Linux x86_64) AppleWebKit/537.36 (KHTML, like Gecko) HeadlessChrome/141.0.7390.37 Safari/537.36"
[2026-09-04T13:10:03.699Z]  "GET /js/app-03-posts-vlogs.js" "Mozilla/5.0 (X11; Linux x86_64) AppleWebKit/537.36 (KHTML, like Gecko) HeadlessChrome/141.0.7390.37 Safari/537.36"
[2026-09-04T13:10:03.702Z]  "GET /js/app-04-comments-shop.js" "Mozilla/5.0 (X11; Linux x86_64) AppleWebKit/537.36 (KHTML, like Gecko) HeadlessChrome/141.0.7390.37 Safari/537.36"
[2026-09-04T13:10:03.707Z]  "GET /js/app-05-config-profil.js" "Mozilla/5.0 (X11; Linux x86_64) AppleWebKit/537.36 (KHTML, like Gecko) HeadlessChrome/141.0.7390.37 Safari/537.36"
[2026-09-04T13:10:03.708Z]  "GET /js/app-06-reels-partage.js" "Mozilla/5.0 (X11; Linux x86_64) AppleWebKit/537.36 (KHTML, like Gecko) HeadlessChrome/141.0.7390.37 Safari/537.36"
[2026-09-04T13:10:03.713Z]  "GET /js/app-07-ia-explore-irl.js" "Mozilla/5.0 (X11; Linux x86_64) AppleWebKit/537.36 (KHTML, like Gecko) HeadlessChrome/141.0.7390.37 Safari/537.36"
[2026-09-04T13:10:03.715Z]  "GET /js/app-08-ui-modals-tour.js" "Mozilla/5.0 (X11; Linux x86_64) AppleWebKit/537.36 (KHTML, like Gecko) HeadlessChrome/141.0.7390.37 Safari/537.36"
[2026-09-04T13:10:03.724Z]  "GET /js/app-09-boot-pwa.js" "Mozilla/5.0 (X11; Linux x86_64) AppleWebKit/537.36 (KHTML, like Gecko) HeadlessChrome/141.0.7390.37 Safari/537.36"
[2026-09-04T13:10:03.731Z]  "GET /js/contextual-nav.js" "Mozilla/5.0 (X11; Linux x86_64) AppleWebKit/537.36 (KHTML, like Gecko) HeadlessChrome/141.0.7390.37 Safari/537.36"
[2026-09-04T13:10:03.732Z]  "GET /js/ui-v2-shell.js" "Mozilla/5.0 (X11; Linux x86_64) AppleWebKit/537.36 (KHTML, like Gecko) HeadlessChrome/141.0.7390.37 Safari/537.36"
[2026-09-04T13:10:03.738Z]  "GET /js/ui-v3-passerelle.js" "Mozilla/5.0 (X11; Linux x86_64) AppleWebKit/537.36 (KHTML, like Gecko) HeadlessChrome/141.0.7390.37 Safari/537.36"
[2026-09-04T13:10:03.744Z]  "GET /js/ui-v4b-fiche.js" "Mozilla/5.0 (X11; Linux x86_64) AppleWebKit/537.36 (KHTML, like Gecko) HeadlessChrome/141.0.7390.37 Safari/537.36"
[2026-09-04T13:10:03.746Z]  "GET /js/ui-v4a0-tete.js" "Mozilla/5.0 (X11; Linux x86_64) AppleWebKit/537.36 (KHTML, like Gecko) HeadlessChrome/141.0.7390.37 Safari/537.36"
[2026-09-04T13:10:03.752Z]  "GET /js/ui-v4a1-intentions.js" "Mozilla/5.0 (X11; Linux x86_64) AppleWebKit/537.36 (KHTML, like Gecko) HeadlessChrome/141.0.7390.37 Safari/537.36"
[2026-09-04T13:10:03.752Z]  "GET /js/ui-v4a2-cartes.js" "Mozilla/5.0 (X11; Linux x86_64) AppleWebKit/537.36 (KHTML, like Gecko) HeadlessChrome/141.0.7390.37 Safari/537.36"
[2026-09-04T13:10:03.753Z]  "GET /js/ui-v4a3-vue.js" "Mozilla/5.0 (X11; Linux x86_64) AppleWebKit/537.36 (KHTML, like Gecko) HeadlessChrome/141.0.7390.37 Safari/537.36"
[2026-09-04T13:10:03.754Z]  "GET /js/ui-v5-bobines.js" "Mozilla/5.0 (X11; Linux x86_64) AppleWebKit/537.36 (KHTML, like Gecko) HeadlessChrome/141.0.7390.37 Safari/537.36"
[2026-09-04T13:10:03.755Z]  "GET /js/ui-v4a4-outils.js" "Mozilla/5.0 (X11; Linux x86_64) AppleWebKit/537.36 (KHTML, like Gecko) HeadlessChrome/141.0.7390.37 Safari/537.36"
[2026-09-04T13:10:03.755Z]  "GET /js/ui-v4a5-filtres.js" "Mozilla/5.0 (X11; Linux x86_64) AppleWebKit/537.36 (KHTML, like Gecko) HeadlessChrome/141.0.7390.37 Safari/537.36"
[2026-09-04T13:10:03.768Z]  "GET /js/ui-v6-composer.js" "Mozilla/5.0 (X11; Linux x86_64) AppleWebKit/537.36 (KHTML, like Gecko) HeadlessChrome/141.0.7390.37 Safari/537.36"
[2026-09-04T13:10:03.769Z]  "GET /js/ui-v6a-messages.js" "Mozilla/5.0 (X11; Linux x86_64) AppleWebKit/537.36 (KHTML, like Gecko) HeadlessChrome/141.0.7390.37 Safari/537.36"
[2026-09-04T13:10:03.769Z]  "GET /js/ui-v6b-profil.js" "Mozilla/5.0 (X11; Linux x86_64) AppleWebKit/537.36 (KHTML, like Gecko) HeadlessChrome/141.0.7390.37 Safari/537.36"
[2026-09-04T13:10:03.769Z]  "GET /js/ui-v6c-proposer-irl.js" "Mozilla/5.0 (X11; Linux x86_64) AppleWebKit/537.36 (KHTML, like Gecko) HeadlessChrome/141.0.7390.37 Safari/537.36"
[2026-09-04T13:10:03.769Z]  "GET /js/ui-v7-lot.js" "Mozilla/5.0 (X11; Linux x86_64) AppleWebKit/537.36 (KHTML, like Gecko) HeadlessChrome/141.0.7390.37 Safari/537.36"
[2026-09-04T13:10:03.769Z]  "GET /js/passions-flat.js" "Mozilla/5.0 (X11; Linux x86_64) AppleWebKit/537.36 (KHTML, like Gecko) HeadlessChrome/141.0.7390.37 Safari/537.36"
[2026-09-04T13:10:03.786Z]  "GET /js/passion-selector.js" "Mozilla/5.0 (X11; Linux x86_64) AppleWebKit/537.36 (KHTML, like Gecko) HeadlessChrome/141.0.7390.37 Safari/537.36"
[2026-09-04T13:10:03.789Z]  "GET /js/passions-flat-ui.js" "Mozilla/5.0 (X11; Linux x86_64) AppleWebKit/537.36 (KHTML, like Gecko) HeadlessChrome/141.0.7390.37 Safari/537.36"
[2026-09-04T13:10:03.792Z]  "GET /js/pwa-landing.js" "Mozilla/5.0 (X11; Linux x86_64) AppleWebKit/537.36 (KHTML, like Gecko) HeadlessChrome/141.0.7390.37 Safari/537.36"
[2026-09-04T13:10:03.793Z]  "GET /js/emoji-misc.js" "Mozilla/5.0 (X11; Linux x86_64) AppleWebKit/537.36 (KHTML, like Gecko) HeadlessChrome/141.0.7390.37 Safari/537.36"
[2026-09-04T13:10:16.270Z]  "GET /sw.js" "Mozilla/5.0 (X11; Linux x86_64) AppleWebKit/537.36 (KHTML, like Gecko) HeadlessChrome/141.0.7390.37 Safari/537.36"
[2026-09-04T13:10:16.304Z]  "GET /index.html" "Mozilla/5.0 (X11; Linux x86_64) AppleWebKit/537.36 (KHTML, like Gecko) HeadlessChrome/141.0.7390.37 Safari/537.36"
[2026-09-04T13:10:16.305Z]  "GET /styles.css" "Mozilla/5.0 (X11; Linux x86_64) AppleWebKit/537.36 (KHTML, like Gecko) HeadlessChrome/141.0.7390.37 Safari/537.36"
[2026-09-04T13:10:16.305Z]  "GET /manifest.json" "Mozilla/5.0 (X11; Linux x86_64) AppleWebKit/537.36 (KHTML, like Gecko) HeadlessChrome/141.0.7390.37 Safari/537.36"
[2026-09-04T13:10:16.323Z]  "GET /icon-192.png" "Mozilla/5.0 (X11; Linux x86_64) AppleWebKit/537.36 (KHTML, like Gecko) HeadlessChrome/141.0.7390.37 Safari/537.36"
[2026-09-04T13:10:16.327Z]  "GET /icon-512.png" "Mozilla/5.0 (X11; Linux x86_64) AppleWebKit/537.36 (KHTML, like Gecko) HeadlessChrome/141.0.7390.37 Safari/537.36"
[2026-09-04T13:10:16.346Z]  "GET /sw.js" "Mozilla/5.0 (X11; Linux x86_64) AppleWebKit/537.36 (KHTML, like Gecko) HeadlessChrome/141.0.7390.37 Safari/537.36"
[2026-09-04T13:10:20.181Z]  "GET /index.html" "Mozilla/5.0 (X11; Linux x86_64) AppleWebKit/537.36 (KHTML, like Gecko) HeadlessChrome/141.0.7390.37 Safari/537.36"
[2026-09-04T13:10:20.216Z]  "GET /js/access-gate.js" "Mozilla/5.0 (X11; Linux x86_64) AppleWebKit/537.36 (KHTML, like Gecko) HeadlessChrome/141.0.7390.37 Safari/537.36"
[2026-09-04T13:10:20.221Z]  "GET /js/platform.js" "Mozilla/5.0 (X11; Linux x86_64) AppleWebKit/537.36 (KHTML, like Gecko) HeadlessChrome/141.0.7390.37 Safari/537.36"
[2026-09-04T13:10:20.222Z]  "GET /js/telemetry.js" "Mozilla/5.0 (X11; Linux x86_64) AppleWebKit/537.36 (KHTML, like Gecko) HeadlessChrome/141.0.7390.37 Safari/537.36"
[2026-09-04T13:10:20.222Z]  "GET /js/perf-ios.js" "Mozilla/5.0 (X11; Linux x86_64) AppleWebKit/537.36 (KHTML, like Gecko) HeadlessChrome/141.0.7390.37 Safari/537.36"
[2026-09-04T13:10:20.222Z]  "GET /js/pwa-detect.js" "Mozilla/5.0 (X11; Linux x86_64) AppleWebKit/537.36 (KHTML, like Gecko) HeadlessChrome/141.0.7390.37 Safari/537.36"
[2026-09-04T13:10:20.222Z]  "GET /styles.css" "Mozilla/5.0 (X11; Linux x86_64) AppleWebKit/537.36 (KHTML, like Gecko) HeadlessChrome/141.0.7390.37 Safari/537.36"
[2026-09-04T13:10:20.222Z]  "GET /js/map-loader.js" "Mozilla/5.0 (X11; Linux x86_64) AppleWebKit/537.36 (KHTML, like Gecko) HeadlessChrome/141.0.7390.37 Safari/537.36"
[2026-09-04T13:10:20.249Z]  "GET /js/idb-store.js" "Mozilla/5.0 (X11; Linux x86_64) AppleWebKit/537.36 (KHTML, like Gecko) HeadlessChrome/141.0.7390.37 Safari/537.36"
[2026-09-04T13:10:20.280Z]  "GET /js/first-run.js" "Mozilla/5.0 (X11; Linux x86_64) AppleWebKit/537.36 (KHTML, like Gecko) HeadlessChrome/141.0.7390.37 Safari/537.36"
[2026-09-04T13:10:20.286Z]  "GET /js/app-01-diag-seed.js" "Mozilla/5.0 (X11; Linux x86_64) AppleWebKit/537.36 (KHTML, like Gecko) HeadlessChrome/141.0.7390.37 Safari/537.36"
[2026-09-04T13:10:20.287Z]  "GET /js/app-02-state-utils.js" "Mozilla/5.0 (X11; Linux x86_64) AppleWebKit/537.36 (KHTML, like Gecko) HeadlessChrome/141.0.7390.37 Safari/537.36"
[2026-09-04T13:10:20.288Z]  "GET /js/app-03-posts-vlogs.js" "Mozilla/5.0 (X11; Linux x86_64) AppleWebKit/537.36 (KHTML, like Gecko) HeadlessChrome/141.0.7390.37 Safari/537.36"
[2026-09-04T13:10:20.300Z]  "GET /js/app-04-comments-shop.js" "Mozilla/5.0 (X11; Linux x86_64) AppleWebKit/537.36 (KHTML, like Gecko) HeadlessChrome/141.0.7390.37 Safari/537.36"
[2026-09-04T13:10:20.302Z]  "GET /js/app-05-config-profil.js" "Mozilla/5.0 (X11; Linux x86_64) AppleWebKit/537.36 (KHTML, like Gecko) HeadlessChrome/141.0.7390.37 Safari/537.36"
[2026-09-04T13:10:20.330Z]  "GET /js/app-06-reels-partage.js" "Mozilla/5.0 (X11; Linux x86_64) AppleWebKit/537.36 (KHTML, like Gecko) HeadlessChrome/141.0.7390.37 Safari/537.36"
[2026-09-04T13:10:20.330Z]  "GET /js/app-07-ia-explore-irl.js" "Mozilla/5.0 (X11; Linux x86_64) AppleWebKit/537.36 (KHTML, like Gecko) HeadlessChrome/141.0.7390.37 Safari/537.36"
[2026-09-04T13:10:20.339Z]  "GET /js/app-08-ui-modals-tour.js" "Mozilla/5.0 (X11; Linux x86_64) AppleWebKit/537.36 (KHTML, like Gecko) HeadlessChrome/141.0.7390.37 Safari/537.36"
[2026-09-04T13:10:20.352Z]  "GET /js/app-09-boot-pwa.js" "Mozilla/5.0 (X11; Linux x86_64) AppleWebKit/537.36 (KHTML, like Gecko) HeadlessChrome/141.0.7390.37 Safari/537.36"
[2026-09-04T13:10:20.352Z]  "GET /js/contextual-nav.js" "Mozilla/5.0 (X11; Linux x86_64) AppleWebKit/537.36 (KHTML, like Gecko) HeadlessChrome/141.0.7390.37 Safari/537.36"
[2026-09-04T13:10:20.352Z]  "GET /js/ui-v2-shell.js" "Mozilla/5.0 (X11; Linux x86_64) AppleWebKit/537.36 (KHTML, like Gecko) HeadlessChrome/141.0.7390.37 Safari/537.36"
[2026-09-04T13:10:20.353Z]  "GET /js/ui-v3-passerelle.js" "Mozilla/5.0 (X11; Linux x86_64) AppleWebKit/537.36 (KHTML, like Gecko) HeadlessChrome/141.0.7390.37 Safari/537.36"
[2026-09-04T13:10:20.353Z]  "GET /js/ui-v4b-fiche.js" "Mozilla/5.0 (X11; Linux x86_64) AppleWebKit/537.36 (KHTML, like Gecko) HeadlessChrome/141.0.7390.37 Safari/537.36"
[2026-09-04T13:10:20.354Z]  "GET /js/ui-v4a0-tete.js" "Mozilla/5.0 (X11; Linux x86_64) AppleWebKit/537.36 (KHTML, like Gecko) HeadlessChrome/141.0.7390.37 Safari/537.36"
[2026-09-04T13:10:20.361Z]  "GET /js/ui-v4a1-intentions.js" "Mozilla/5.0 (X11; Linux x86_64) AppleWebKit/537.36 (KHTML, like Gecko) HeadlessChrome/141.0.7390.37 Safari/537.36"
[2026-09-04T13:10:20.381Z]  "GET /js/ui-v4a2-cartes.js" "Mozilla/5.0 (X11; Linux x86_64) AppleWebKit/537.36 (KHTML, like Gecko) HeadlessChrome/141.0.7390.37 Safari/537.36"
[2026-09-04T13:10:20.382Z]  "GET /js/ui-v4a3-vue.js" "Mozilla/5.0 (X11; Linux x86_64) AppleWebKit/537.36 (KHTML, like Gecko) HeadlessChrome/141.0.7390.37 Safari/537.36"
[2026-09-04T13:10:20.383Z]  "GET /js/ui-v5-bobines.js" "Mozilla/5.0 (X11; Linux x86_64) AppleWebKit/537.36 (KHTML, like Gecko) HeadlessChrome/141.0.7390.37 Safari/537.36"
[2026-09-04T13:10:20.383Z]  "GET /js/ui-v4a4-outils.js" "Mozilla/5.0 (X11; Linux x86_64) AppleWebKit/537.36 (KHTML, like Gecko) HeadlessChrome/141.0.7390.37 Safari/537.36"
[2026-09-04T13:10:20.383Z]  "GET /js/ui-v4a5-filtres.js" "Mozilla/5.0 (X11; Linux x86_64) AppleWebKit/537.36 (KHTML, like Gecko) HeadlessChrome/141.0.7390.37 Safari/537.36"
[2026-09-04T13:10:20.399Z]  "GET /js/ui-v6-composer.js" "Mozilla/5.0 (X11; Linux x86_64) AppleWebKit/537.36 (KHTML, like Gecko) HeadlessChrome/141.0.7390.37 Safari/537.36"
[2026-09-04T13:10:20.399Z]  "GET /js/ui-v6a-messages.js" "Mozilla/5.0 (X11; Linux x86_64) AppleWebKit/537.36 (KHTML, like Gecko) HeadlessChrome/141.0.7390.37 Safari/537.36"
[2026-09-04T13:10:20.399Z]  "GET /js/ui-v6b-profil.js" "Mozilla/5.0 (X11; Linux x86_64) AppleWebKit/537.36 (KHTML, like Gecko) HeadlessChrome/141.0.7390.37 Safari/537.36"
[2026-09-04T13:10:20.401Z]  "GET /js/ui-v6c-proposer-irl.js" "Mozilla/5.0 (X11; Linux x86_64) AppleWebKit/537.36 (KHTML, like Gecko) HeadlessChrome/141.0.7390.37 Safari/537.36"
[2026-09-04T13:10:20.402Z]  "GET /js/ui-v7-lot.js" "Mozilla/5.0 (X11; Linux x86_64) AppleWebKit/537.36 (KHTML, like Gecko) HeadlessChrome/141.0.7390.37 Safari/537.36"
[2026-09-04T13:10:20.402Z]  "GET /js/passions-flat.js" "Mozilla/5.0 (X11; Linux x86_64) AppleWebKit/537.36 (KHTML, like Gecko) HeadlessChrome/141.0.7390.37 Safari/537.36"
[2026-09-04T13:10:20.407Z]  "GET /js/passion-selector.js" "Mozilla/5.0 (X11; Linux x86_64) AppleWebKit/537.36 (KHTML, like Gecko) HeadlessChrome/141.0.7390.37 Safari/537.36"
[2026-09-04T13:10:20.414Z]  "GET /js/passions-flat-ui.js" "Mozilla/5.0 (X11; Linux x86_64) AppleWebKit/537.36 (KHTML, like Gecko) HeadlessChrome/141.0.7390.37 Safari/537.36"
[2026-09-04T13:10:20.421Z]  "GET /js/pwa-landing.js" "Mozilla/5.0 (X11; Linux x86_64) AppleWebKit/537.36 (KHTML, like Gecko) HeadlessChrome/141.0.7390.37 Safari/537.36"
[2026-09-04T13:10:20.421Z]  "GET /js/emoji-misc.js" "Mozilla/5.0 (X11; Linux x86_64) AppleWebKit/537.36 (KHTML, like Gecko) HeadlessChrome/141.0.7390.37 Safari/537.36"
[2026-09-04T13:10:32.940Z]  "GET /sw.js" "Mozilla/5.0 (X11; Linux x86_64) AppleWebKit/537.36 (KHTML, like Gecko) HeadlessChrome/141.0.7390.37 Safari/537.36"
[2026-09-04T13:10:32.973Z]  "GET /index.html" "Mozilla/5.0 (X11; Linux x86_64) AppleWebKit/537.36 (KHTML, like Gecko) HeadlessChrome/141.0.7390.37 Safari/537.36"
[2026-09-04T13:10:32.973Z]  "GET /styles.css" "Mozilla/5.0 (X11; Linux x86_64) AppleWebKit/537.36 (KHTML, like Gecko) HeadlessChrome/141.0.7390.37 Safari/537.36"
[2026-09-04T13:10:32.974Z]  "GET /manifest.json" "Mozilla/5.0 (X11; Linux x86_64) AppleWebKit/537.36 (KHTML, like Gecko) HeadlessChrome/141.0.7390.37 Safari/537.36"
[2026-09-04T13:10:32.988Z]  "GET /icon-192.png" "Mozilla/5.0 (X11; Linux x86_64) AppleWebKit/537.36 (KHTML, like Gecko) HeadlessChrome/141.0.7390.37 Safari/537.36"
[2026-09-04T13:10:32.988Z]  "GET /icon-512.png" "Mozilla/5.0 (X11; Linux x86_64) AppleWebKit/537.36 (KHTML, like Gecko) HeadlessChrome/141.0.7390.37 Safari/537.36"
[2026-09-04T13:10:33.035Z]  "GET /sw.js" "Mozilla/5.0 (X11; Linux x86_64) AppleWebKit/537.36 (KHTML, like Gecko) HeadlessChrome/141.0.7390.37 Safari/537.36"
[2026-09-04T13:10:37.383Z]  "GET /index.html" "Mozilla/5.0 (X11; Linux x86_64) AppleWebKit/537.36 (KHTML, like Gecko) HeadlessChrome/141.0.7390.37 Safari/537.36"
[2026-09-04T13:10:37.406Z]  "GET /js/access-gate.js" "Mozilla/5.0 (X11; Linux x86_64) AppleWebKit/537.36 (KHTML, like Gecko) HeadlessChrome/141.0.7390.37 Safari/537.36"
[2026-09-04T13:10:37.409Z]  "GET /js/platform.js" "Mozilla/5.0 (X11; Linux x86_64) AppleWebKit/537.36 (KHTML, like Gecko) HeadlessChrome/141.0.7390.37 Safari/537.36"
[2026-09-04T13:10:37.409Z]  "GET /js/telemetry.js" "Mozilla/5.0 (X11; Linux x86_64) AppleWebKit/537.36 (KHTML, like Gecko) HeadlessChrome/141.0.7390.37 Safari/537.36"
[2026-09-04T13:10:37.409Z]  "GET /js/perf-ios.js" "Mozilla/5.0 (X11; Linux x86_64) AppleWebKit/537.36 (KHTML, like Gecko) HeadlessChrome/141.0.7390.37 Safari/537.36"
[2026-09-04T13:10:37.410Z]  "GET /js/pwa-detect.js" "Mozilla/5.0 (X11; Linux x86_64) AppleWebKit/537.36 (KHTML, like Gecko) HeadlessChrome/141.0.7390.37 Safari/537.36"
[2026-09-04T13:10:37.444Z]  "GET /js/map-loader.js" "Mozilla/5.0 (X11; Linux x86_64) AppleWebKit/537.36 (KHTML, like Gecko) HeadlessChrome/141.0.7390.37 Safari/537.36"
[2026-09-04T13:10:37.449Z]  "GET /styles.css" "Mozilla/5.0 (X11; Linux x86_64) AppleWebKit/537.36 (KHTML, like Gecko) HeadlessChrome/141.0.7390.37 Safari/537.36"
[2026-09-04T13:10:37.455Z]  "GET /js/idb-store.js" "Mozilla/5.0 (X11; Linux x86_64) AppleWebKit/537.36 (KHTML, like Gecko) HeadlessChrome/141.0.7390.37 Safari/537.36"
[2026-09-04T13:10:37.456Z]  "GET /js/first-run.js" "Mozilla/5.0 (X11; Linux x86_64) AppleWebKit/537.36 (KHTML, like Gecko) HeadlessChrome/141.0.7390.37 Safari/537.36"
[2026-09-04T13:10:37.456Z]  "GET /js/app-01-diag-seed.js" "Mozilla/5.0 (X11; Linux x86_64) AppleWebKit/537.36 (KHTML, like Gecko) HeadlessChrome/141.0.7390.37 Safari/537.36"
[2026-09-04T13:10:37.457Z]  "GET /js/app-02-state-utils.js" "Mozilla/5.0 (X11; Linux x86_64) AppleWebKit/537.36 (KHTML, like Gecko) HeadlessChrome/141.0.7390.37 Safari/537.36"
[2026-09-04T13:10:37.458Z]  "GET /js/app-03-posts-vlogs.js" "Mozilla/5.0 (X11; Linux x86_64) AppleWebKit/537.36 (KHTML, like Gecko) HeadlessChrome/141.0.7390.37 Safari/537.36"
[2026-09-04T13:10:37.465Z]  "GET /js/app-04-comments-shop.js" "Mozilla/5.0 (X11; Linux x86_64) AppleWebKit/537.36 (KHTML, like Gecko) HeadlessChrome/141.0.7390.37 Safari/537.36"
[2026-09-04T13:10:37.468Z]  "GET /js/app-05-config-profil.js" "Mozilla/5.0 (X11; Linux x86_64) AppleWebKit/537.36 (KHTML, like Gecko) HeadlessChrome/141.0.7390.37 Safari/537.36"
[2026-09-04T13:10:37.471Z]  "GET /js/app-06-reels-partage.js" "Mozilla/5.0 (X11; Linux x86_64) AppleWebKit/537.36 (KHTML, like Gecko) HeadlessChrome/141.0.7390.37 Safari/537.36"
[2026-09-04T13:10:37.475Z]  "GET /js/app-07-ia-explore-irl.js" "Mozilla/5.0 (X11; Linux x86_64) AppleWebKit/537.36 (KHTML, like Gecko) HeadlessChrome/141.0.7390.37 Safari/537.36"
[2026-09-04T13:10:37.475Z]  "GET /js/app-08-ui-modals-tour.js" "Mozilla/5.0 (X11; Linux x86_64) AppleWebKit/537.36 (KHTML, like Gecko) HeadlessChrome/141.0.7390.37 Safari/537.36"
[2026-09-04T13:10:37.484Z]  "GET /js/app-09-boot-pwa.js" "Mozilla/5.0 (X11; Linux x86_64) AppleWebKit/537.36 (KHTML, like Gecko) HeadlessChrome/141.0.7390.37 Safari/537.36"
[2026-09-04T13:10:37.485Z]  "GET /js/contextual-nav.js" "Mozilla/5.0 (X11; Linux x86_64) AppleWebKit/537.36 (KHTML, like Gecko) HeadlessChrome/141.0.7390.37 Safari/537.36"
[2026-09-04T13:10:37.485Z]  "GET /js/ui-v2-shell.js" "Mozilla/5.0 (X11; Linux x86_64) AppleWebKit/537.36 (KHTML, like Gecko) HeadlessChrome/141.0.7390.37 Safari/537.36"
[2026-09-04T13:10:37.485Z]  "GET /js/ui-v3-passerelle.js" "Mozilla/5.0 (X11; Linux x86_64) AppleWebKit/537.36 (KHTML, like Gecko) HeadlessChrome/141.0.7390.37 Safari/537.36"
[2026-09-04T13:10:37.485Z]  "GET /js/ui-v4b-fiche.js" "Mozilla/5.0 (X11; Linux x86_64) AppleWebKit/537.36 (KHTML, like Gecko) HeadlessChrome/141.0.7390.37 Safari/537.36"
[2026-09-04T13:10:37.489Z]  "GET /js/ui-v4a0-tete.js" "Mozilla/5.0 (X11; Linux x86_64) AppleWebKit/537.36 (KHTML, like Gecko) HeadlessChrome/141.0.7390.37 Safari/537.36"
[2026-09-04T13:10:37.496Z]  "GET /js/ui-v4a1-intentions.js" "Mozilla/5.0 (X11; Linux x86_64) AppleWebKit/537.36 (KHTML, like Gecko) HeadlessChrome/141.0.7390.37 Safari/537.36"
[2026-09-04T13:10:37.496Z]  "GET /js/ui-v4a2-cartes.js" "Mozilla/5.0 (X11; Linux x86_64) AppleWebKit/537.36 (KHTML, like Gecko) HeadlessChrome/141.0.7390.37 Safari/537.36"
[2026-09-04T13:10:37.497Z]  "GET /js/ui-v4a3-vue.js" "Mozilla/5.0 (X11; Linux x86_64) AppleWebKit/537.36 (KHTML, like Gecko) HeadlessChrome/141.0.7390.37 Safari/537.36"
[2026-09-04T13:10:37.508Z]  "GET /js/ui-v5-bobines.js" "Mozilla/5.0 (X11; Linux x86_64) AppleWebKit/537.36 (KHTML, like Gecko) HeadlessChrome/141.0.7390.37 Safari/537.36"
[2026-09-04T13:10:37.510Z]  "GET /js/ui-v4a4-outils.js" "Mozilla/5.0 (X11; Linux x86_64) AppleWebKit/537.36 (KHTML, like Gecko) HeadlessChrome/141.0.7390.37 Safari/537.36"
[2026-09-04T13:10:37.510Z]  "GET /js/ui-v4a5-filtres.js" "Mozilla/5.0 (X11; Linux x86_64) AppleWebKit/537.36 (KHTML, like Gecko) HeadlessChrome/141.0.7390.37 Safari/537.36"
[2026-09-04T13:10:37.510Z]  "GET /js/ui-v6-composer.js" "Mozilla/5.0 (X11; Linux x86_64) AppleWebKit/537.36 (KHTML, like Gecko) HeadlessChrome/141.0.7390.37 Safari/537.36"
[2026-09-04T13:10:37.510Z]  "GET /js/ui-v6a-messages.js" "Mozilla/5.0 (X11; Linux x86_64) AppleWebKit/537.36 (KHTML, like Gecko) HeadlessChrome/141.0.7390.37 Safari/537.36"
[2026-09-04T13:10:37.511Z]  "GET /js/ui-v6b-profil.js" "Mozilla/5.0 (X11; Linux x86_64) AppleWebKit/537.36 (KHTML, like Gecko) HeadlessChrome/141.0.7390.37 Safari/537.36"
[2026-09-04T13:10:37.526Z]  "GET /js/ui-v6c-proposer-irl.js" "Mozilla/5.0 (X11; Linux x86_64) AppleWebKit/537.36 (KHTML, like Gecko) HeadlessChrome/141.0.7390.37 Safari/537.36"
[2026-09-04T13:10:37.527Z]  "GET /js/ui-v7-lot.js" "Mozilla/5.0 (X11; Linux x86_64) AppleWebKit/537.36 (KHTML, like Gecko) HeadlessChrome/141.0.7390.37 Safari/537.36"
[2026-09-04T13:10:37.527Z]  "GET /js/passions-flat.js" "Mozilla/5.0 (X11; Linux x86_64) AppleWebKit/537.36 (KHTML, like Gecko) HeadlessChrome/141.0.7390.37 Safari/537.36"
[2026-09-04T13:10:37.528Z]  "GET /js/passion-selector.js" "Mozilla/5.0 (X11; Linux x86_64) AppleWebKit/537.36 (KHTML, like Gecko) HeadlessChrome/141.0.7390.37 Safari/537.36"
[2026-09-04T13:10:37.532Z]  "GET /js/passions-flat-ui.js" "Mozilla/5.0 (X11; Linux x86_64) AppleWebKit/537.36 (KHTML, like Gecko) HeadlessChrome/141.0.7390.37 Safari/537.36"
[2026-09-04T13:10:37.534Z]  "GET /js/pwa-landing.js" "Mozilla/5.0 (X11; Linux x86_64) AppleWebKit/537.36 (KHTML, like Gecko) HeadlessChrome/141.0.7390.37 Safari/537.36"
[2026-09-04T13:10:37.541Z]  "GET /js/emoji-misc.js" "Mozilla/5.0 (X11; Linux x86_64) AppleWebKit/537.36 (KHTML, like Gecko) HeadlessChrome/141.0.7390.37 Safari/537.36"
[2026-09-04T13:10:48.029Z]  "GET /index.html" "Mozilla/5.0 (X11; Linux x86_64) AppleWebKit/537.36 (KHTML, like Gecko) HeadlessChrome/141.0.7390.37 Safari/537.36"
[2026-09-04T13:10:48.051Z]  "GET /js/access-gate.js" "Mozilla/5.0 (X11; Linux x86_64) AppleWebKit/537.36 (KHTML, like Gecko) HeadlessChrome/141.0.7390.37 Safari/537.36"
[2026-09-04T13:10:48.060Z]  "GET /js/platform.js" "Mozilla/5.0 (X11; Linux x86_64) AppleWebKit/537.36 (KHTML, like Gecko) HeadlessChrome/141.0.7390.37 Safari/537.36"
[2026-09-04T13:10:48.061Z]  "GET /js/telemetry.js" "Mozilla/5.0 (X11; Linux x86_64) AppleWebKit/537.36 (KHTML, like Gecko) HeadlessChrome/141.0.7390.37 Safari/537.36"
[2026-09-04T13:10:48.062Z]  "GET /styles.css" "Mozilla/5.0 (X11; Linux x86_64) AppleWebKit/537.36 (KHTML, like Gecko) HeadlessChrome/141.0.7390.37 Safari/537.36"
[2026-09-04T13:10:48.068Z]  "GET /js/perf-ios.js" "Mozilla/5.0 (X11; Linux x86_64) AppleWebKit/537.36 (KHTML, like Gecko) HeadlessChrome/141.0.7390.37 Safari/537.36"
[2026-09-04T13:10:48.068Z]  "GET /js/pwa-detect.js" "Mozilla/5.0 (X11; Linux x86_64) AppleWebKit/537.36 (KHTML, like Gecko) HeadlessChrome/141.0.7390.37 Safari/537.36"
[2026-09-04T13:10:48.071Z]  "GET /js/supabase-loader.js" "Mozilla/5.0 (X11; Linux x86_64) AppleWebKit/537.36 (KHTML, like Gecko) HeadlessChrome/141.0.7390.37 Safari/537.36"
[2026-09-04T13:10:48.075Z]  "GET /js/map-loader.js" "Mozilla/5.0 (X11; Linux x86_64) AppleWebKit/537.36 (KHTML, like Gecko) HeadlessChrome/141.0.7390.37 Safari/537.36"
[2026-09-04T13:10:48.075Z]  "GET /js/idb-store.js" "Mozilla/5.0 (X11; Linux x86_64) AppleWebKit/537.36 (KHTML, like Gecko) HeadlessChrome/141.0.7390.37 Safari/537.36"
[2026-09-04T13:10:48.081Z]  "GET /js/first-run.js" "Mozilla/5.0 (X11; Linux x86_64) AppleWebKit/537.36 (KHTML, like Gecko) HeadlessChrome/141.0.7390.37 Safari/537.36"
[2026-09-04T13:10:48.082Z]  "GET /js/app-01-diag-seed.js" "Mozilla/5.0 (X11; Linux x86_64) AppleWebKit/537.36 (KHTML, like Gecko) HeadlessChrome/141.0.7390.37 Safari/537.36"
[2026-09-04T13:10:48.087Z]  "GET /js/app-02-state-utils.js" "Mozilla/5.0 (X11; Linux x86_64) AppleWebKit/537.36 (KHTML, like Gecko) HeadlessChrome/141.0.7390.37 Safari/537.36"
[2026-09-04T13:10:48.087Z]  "GET /js/app-03-posts-vlogs.js" "Mozilla/5.0 (X11; Linux x86_64) AppleWebKit/537.36 (KHTML, like Gecko) HeadlessChrome/141.0.7390.37 Safari/537.36"
[2026-09-04T13:10:48.088Z]  "GET /js/app-04-comments-shop.js" "Mozilla/5.0 (X11; Linux x86_64) AppleWebKit/537.36 (KHTML, like Gecko) HeadlessChrome/141.0.7390.37 Safari/537.36"
[2026-09-04T13:10:48.089Z]  "GET /js/app-05-config-profil.js" "Mozilla/5.0 (X11; Linux x86_64) AppleWebKit/537.36 (KHTML, like Gecko) HeadlessChrome/141.0.7390.37 Safari/537.36"
[2026-09-04T13:10:48.089Z]  "GET /js/app-06-reels-partage.js" "Mozilla/5.0 (X11; Linux x86_64) AppleWebKit/537.36 (KHTML, like Gecko) HeadlessChrome/141.0.7390.37 Safari/537.36"
[2026-09-04T13:10:48.089Z]  "GET /js/app-07-ia-explore-irl.js" "Mozilla/5.0 (X11; Linux x86_64) AppleWebKit/537.36 (KHTML, like Gecko) HeadlessChrome/141.0.7390.37 Safari/537.36"
[2026-09-04T13:10:48.102Z]  "GET /js/app-08-ui-modals-tour.js" "Mozilla/5.0 (X11; Linux x86_64) AppleWebKit/537.36 (KHTML, like Gecko) HeadlessChrome/141.0.7390.37 Safari/537.36"
[2026-09-04T13:10:48.103Z]  "GET /js/app-09-boot-pwa.js" "Mozilla/5.0 (X11; Linux x86_64) AppleWebKit/537.36 (KHTML, like Gecko) HeadlessChrome/141.0.7390.37 Safari/537.36"
[2026-09-04T13:10:48.103Z]  "GET /js/contextual-nav.js" "Mozilla/5.0 (X11; Linux x86_64) AppleWebKit/537.36 (KHTML, like Gecko) HeadlessChrome/141.0.7390.37 Safari/537.36"
[2026-09-04T13:10:48.103Z]  "GET /js/ui-v2-shell.js" "Mozilla/5.0 (X11; Linux x86_64) AppleWebKit/537.36 (KHTML, like Gecko) HeadlessChrome/141.0.7390.37 Safari/537.36"
[2026-09-04T13:10:48.103Z]  "GET /js/ui-v3-passerelle.js" "Mozilla/5.0 (X11; Linux x86_64) AppleWebKit/537.36 (KHTML, like Gecko) HeadlessChrome/141.0.7390.37 Safari/537.36"
[2026-09-04T13:10:48.103Z]  "GET /js/ui-v4b-fiche.js" "Mozilla/5.0 (X11; Linux x86_64) AppleWebKit/537.36 (KHTML, like Gecko) HeadlessChrome/141.0.7390.37 Safari/537.36"
[2026-09-04T13:10:48.118Z]  "GET /js/ui-v4a0-tete.js" "Mozilla/5.0 (X11; Linux x86_64) AppleWebKit/537.36 (KHTML, like Gecko) HeadlessChrome/141.0.7390.37 Safari/537.36"
[2026-09-04T13:10:48.119Z]  "GET /js/ui-v4a1-intentions.js" "Mozilla/5.0 (X11; Linux x86_64) AppleWebKit/537.36 (KHTML, like Gecko) HeadlessChrome/141.0.7390.37 Safari/537.36"
[2026-09-04T13:10:48.119Z]  "GET /js/ui-v4a2-cartes.js" "Mozilla/5.0 (X11; Linux x86_64) AppleWebKit/537.36 (KHTML, like Gecko) HeadlessChrome/141.0.7390.37 Safari/537.36"
[2026-09-04T13:10:48.119Z]  "GET /js/ui-v4a3-vue.js" "Mozilla/5.0 (X11; Linux x86_64) AppleWebKit/537.36 (KHTML, like Gecko) HeadlessChrome/141.0.7390.37 Safari/537.36"
[2026-09-04T13:10:48.119Z]  "GET /js/ui-v5-bobines.js" "Mozilla/5.0 (X11; Linux x86_64) AppleWebKit/537.36 (KHTML, like Gecko) HeadlessChrome/141.0.7390.37 Safari/537.36"
[2026-09-04T13:10:48.121Z]  "GET /js/ui-v4a4-outils.js" "Mozilla/5.0 (X11; Linux x86_64) AppleWebKit/537.36 (KHTML, like Gecko) HeadlessChrome/141.0.7390.37 Safari/537.36"
[2026-09-04T13:10:48.129Z]  "GET /js/ui-v4a5-filtres.js" "Mozilla/5.0 (X11; Linux x86_64) AppleWebKit/537.36 (KHTML, like Gecko) HeadlessChrome/141.0.7390.37 Safari/537.36"
[2026-09-04T13:10:48.130Z]  "GET /js/ui-v6-composer.js" "Mozilla/5.0 (X11; Linux x86_64) AppleWebKit/537.36 (KHTML, like Gecko) HeadlessChrome/141.0.7390.37 Safari/537.36"
[2026-09-04T13:10:48.130Z]  "GET /js/ui-v6a-messages.js" "Mozilla/5.0 (X11; Linux x86_64) AppleWebKit/537.36 (KHTML, like Gecko) HeadlessChrome/141.0.7390.37 Safari/537.36"
[2026-09-04T13:10:48.130Z]  "GET /js/ui-v6b-profil.js" "Mozilla/5.0 (X11; Linux x86_64) AppleWebKit/537.36 (KHTML, like Gecko) HeadlessChrome/141.0.7390.37 Safari/537.36"
[2026-09-04T13:10:48.131Z]  "GET /js/ui-v6c-proposer-irl.js" "Mozilla/5.0 (X11; Linux x86_64) AppleWebKit/537.36 (KHTML, like Gecko) HeadlessChrome/141.0.7390.37 Safari/537.36"
[2026-09-04T13:10:48.133Z]  "GET /js/ui-v7-lot.js" "Mozilla/5.0 (X11; Linux x86_64) AppleWebKit/537.36 (KHTML, like Gecko) HeadlessChrome/141.0.7390.37 Safari/537.36"
[2026-09-04T13:10:48.143Z]  "GET /js/passions-flat.js" "Mozilla/5.0 (X11; Linux x86_64) AppleWebKit/537.36 (KHTML, like Gecko) HeadlessChrome/141.0.7390.37 Safari/537.36"
[2026-09-04T13:10:48.144Z]  "GET /js/passion-selector.js" "Mozilla/5.0 (X11; Linux x86_64) AppleWebKit/537.36 (KHTML, like Gecko) HeadlessChrome/141.0.7390.37 Safari/537.36"
[2026-09-04T13:10:48.145Z]  "GET /js/passions-flat-ui.js" "Mozilla/5.0 (X11; Linux x86_64) AppleWebKit/537.36 (KHTML, like Gecko) HeadlessChrome/141.0.7390.37 Safari/537.36"
[2026-09-04T13:10:48.145Z]  "GET /js/pwa-landing.js" "Mozilla/5.0 (X11; Linux x86_64) AppleWebKit/537.36 (KHTML, like Gecko) HeadlessChrome/141.0.7390.37 Safari/537.36"
[2026-09-04T13:10:48.145Z]  "GET /js/emoji-misc.js" "Mozilla/5.0 (X11; Linux x86_64) AppleWebKit/537.36 (KHTML, like Gecko) HeadlessChrome/141.0.7390.37 Safari/537.36"
[2026-09-04T13:10:48.208Z]  "GET /sw.js" "Mozilla/5.0 (X11; Linux x86_64) AppleWebKit/537.36 (KHTML, like Gecko) HeadlessChrome/141.0.7390.37 Safari/537.36"
[2026-09-04T13:10:48.225Z]  "GET /index.html" "Mozilla/5.0 (X11; Linux x86_64) AppleWebKit/537.36 (KHTML, like Gecko) HeadlessChrome/141.0.7390.37 Safari/537.36"
[2026-09-04T13:10:48.229Z]  "GET /styles.css" "Mozilla/5.0 (X11; Linux x86_64) AppleWebKit/537.36 (KHTML, like Gecko) HeadlessChrome/141.0.7390.37 Safari/537.36"
[2026-09-04T13:10:48.230Z]  "GET /manifest.json" "Mozilla/5.0 (X11; Linux x86_64) AppleWebKit/537.36 (KHTML, like Gecko) HeadlessChrome/141.0.7390.37 Safari/537.36"
[2026-09-04T13:10:48.239Z]  "GET /icon-192.png" "Mozilla/5.0 (X11; Linux x86_64) AppleWebKit/537.36 (KHTML, like Gecko) HeadlessChrome/141.0.7390.37 Safari/537.36"
[2026-09-04T13:10:48.242Z]  "GET /icon-512.png" "Mozilla/5.0 (X11; Linux x86_64) AppleWebKit/537.36 (KHTML, like Gecko) HeadlessChrome/141.0.7390.37 Safari/537.36"
[2026-09-04T13:10:48.260Z]  "GET /sw.js" "Mozilla/5.0 (X11; Linux x86_64) AppleWebKit/537.36 (KHTML, like Gecko) HeadlessChrome/141.0.7390.37 Safari/537.36"
[2026-09-04T13:10:50.047Z]  "GET /sw.js" "Mozilla/5.0 (X11; Linux x86_64) AppleWebKit/537.36 (KHTML, like Gecko) HeadlessChrome/141.0.7390.37 Safari/537.36"
[2026-09-04T13:10:50.102Z]  "GET /index.html" "Mozilla/5.0 (X11; Linux x86_64) AppleWebKit/537.36 (KHTML, like Gecko) HeadlessChrome/141.0.7390.37 Safari/537.36"
[2026-09-04T13:10:50.127Z]  "GET /styles.css" "Mozilla/5.0 (X11; Linux x86_64) AppleWebKit/537.36 (KHTML, like Gecko) HeadlessChrome/141.0.7390.37 Safari/537.36"
[2026-09-04T13:10:50.146Z]  "GET /manifest.json" "Mozilla/5.0 (X11; Linux x86_64) AppleWebKit/537.36 (KHTML, like Gecko) HeadlessChrome/141.0.7390.37 Safari/537.36"
[2026-09-04T13:10:50.154Z]  "GET /index.html" "Mozilla/5.0 (X11; Linux x86_64) AppleWebKit/537.36 (KHTML, like Gecko) HeadlessChrome/141.0.7390.37 Safari/537.36"
[2026-09-04T13:10:50.166Z]  "GET /icon-192.png" "Mozilla/5.0 (X11; Linux x86_64) AppleWebKit/537.36 (KHTML, like Gecko) HeadlessChrome/141.0.7390.37 Safari/537.36"
[2026-09-04T13:10:50.167Z]  "GET /icon-512.png" "Mozilla/5.0 (X11; Linux x86_64) AppleWebKit/537.36 (KHTML, like Gecko) HeadlessChrome/141.0.7390.37 Safari/537.36"
[2026-09-04T13:10:50.199Z]  "GET /sw.js" "Mozilla/5.0 (X11; Linux x86_64) AppleWebKit/537.36 (KHTML, like Gecko) HeadlessChrome/141.0.7390.37 Safari/537.36"
[2026-09-04T13:10:50.209Z]  "GET /js/access-gate.js" "Mozilla/5.0 (X11; Linux x86_64) AppleWebKit/537.36 (KHTML, like Gecko) HeadlessChrome/141.0.7390.37 Safari/537.36"
[2026-09-04T13:10:50.219Z]  "GET /js/platform.js" "Mozilla/5.0 (X11; Linux x86_64) AppleWebKit/537.36 (KHTML, like Gecko) HeadlessChrome/141.0.7390.37 Safari/537.36"
[2026-09-04T13:10:50.220Z]  "GET /js/telemetry.js" "Mozilla/5.0 (X11; Linux x86_64) AppleWebKit/537.36 (KHTML, like Gecko) HeadlessChrome/141.0.7390.37 Safari/537.36"
[2026-09-04T13:10:50.229Z]  "GET /js/perf-ios.js" "Mozilla/5.0 (X11; Linux x86_64) AppleWebKit/537.36 (KHTML, like Gecko) HeadlessChrome/141.0.7390.37 Safari/537.36"
[2026-09-04T13:10:50.236Z]  "GET /js/pwa-detect.js" "Mozilla/5.0 (X11; Linux x86_64) AppleWebKit/537.36 (KHTML, like Gecko) HeadlessChrome/141.0.7390.37 Safari/537.36"
[2026-09-04T13:10:50.239Z]  "GET /js/supabase-loader.js" "Mozilla/5.0 (X11; Linux x86_64) AppleWebKit/537.36 (KHTML, like Gecko) HeadlessChrome/141.0.7390.37 Safari/537.36"
[2026-09-04T13:10:50.261Z]  "GET /styles.css" "Mozilla/5.0 (X11; Linux x86_64) AppleWebKit/537.36 (KHTML, like Gecko) HeadlessChrome/141.0.7390.37 Safari/537.36"
[2026-09-04T13:10:50.261Z]  "GET /js/map-loader.js" "Mozilla/5.0 (X11; Linux x86_64) AppleWebKit/537.36 (KHTML, like Gecko) HeadlessChrome/141.0.7390.37 Safari/537.36"
[2026-09-04T13:10:50.262Z]  "GET /js/idb-store.js" "Mozilla/5.0 (X11; Linux x86_64) AppleWebKit/537.36 (KHTML, like Gecko) HeadlessChrome/141.0.7390.37 Safari/537.36"
[2026-09-04T13:10:50.262Z]  "GET /js/first-run.js" "Mozilla/5.0 (X11; Linux x86_64) AppleWebKit/537.36 (KHTML, like Gecko) HeadlessChrome/141.0.7390.37 Safari/537.36"
[2026-09-04T13:10:50.262Z]  "GET /js/app-01-diag-seed.js" "Mozilla/5.0 (X11; Linux x86_64) AppleWebKit/537.36 (KHTML, like Gecko) HeadlessChrome/141.0.7390.37 Safari/537.36"
[2026-09-04T13:10:50.262Z]  "GET /js/app-02-state-utils.js" "Mozilla/5.0 (X11; Linux x86_64) AppleWebKit/537.36 (KHTML, like Gecko) HeadlessChrome/141.0.7390.37 Safari/537.36"
[2026-09-04T13:10:50.335Z]  "GET /js/app-03-posts-vlogs.js" "Mozilla/5.0 (X11; Linux x86_64) AppleWebKit/537.36 (KHTML, like Gecko) HeadlessChrome/141.0.7390.37 Safari/537.36"
[2026-09-04T13:10:50.336Z]  "GET /js/app-04-comments-shop.js" "Mozilla/5.0 (X11; Linux x86_64) AppleWebKit/537.36 (KHTML, like Gecko) HeadlessChrome/141.0.7390.37 Safari/537.36"
[2026-09-04T13:10:50.337Z]  "GET /js/app-05-config-profil.js" "Mozilla/5.0 (X11; Linux x86_64) AppleWebKit/537.36 (KHTML, like Gecko) HeadlessChrome/141.0.7390.37 Safari/537.36"
[2026-09-04T13:10:50.337Z]  "GET /js/app-06-reels-partage.js" "Mozilla/5.0 (X11; Linux x86_64) AppleWebKit/537.36 (KHTML, like Gecko) HeadlessChrome/141.0.7390.37 Safari/537.36"
[2026-09-04T13:10:50.365Z]  "GET /js/app-07-ia-explore-irl.js" "Mozilla/5.0 (X11; Linux x86_64) AppleWebKit/537.36 (KHTML, like Gecko) HeadlessChrome/141.0.7390.37 Safari/537.36"
[2026-09-04T13:10:50.365Z]  "GET /js/app-08-ui-modals-tour.js" "Mozilla/5.0 (X11; Linux x86_64) AppleWebKit/537.36 (KHTML, like Gecko) HeadlessChrome/141.0.7390.37 Safari/537.36"
[2026-09-04T13:10:50.389Z]  "GET /js/app-09-boot-pwa.js" "Mozilla/5.0 (X11; Linux x86_64) AppleWebKit/537.36 (KHTML, like Gecko) HeadlessChrome/141.0.7390.37 Safari/537.36"
[2026-09-04T13:10:50.389Z]  "GET /js/contextual-nav.js" "Mozilla/5.0 (X11; Linux x86_64) AppleWebKit/537.36 (KHTML, like Gecko) HeadlessChrome/141.0.7390.37 Safari/537.36"
[2026-09-04T13:10:50.406Z]  "GET /js/ui-v2-shell.js" "Mozilla/5.0 (X11; Linux x86_64) AppleWebKit/537.36 (KHTML, like Gecko) HeadlessChrome/141.0.7390.37 Safari/537.36"
[2026-09-04T13:10:50.406Z]  "GET /js/ui-v3-passerelle.js" "Mozilla/5.0 (X11; Linux x86_64) AppleWebKit/537.36 (KHTML, like Gecko) HeadlessChrome/141.0.7390.37 Safari/537.36"
[2026-09-04T13:10:50.406Z]  "GET /js/ui-v4b-fiche.js" "Mozilla/5.0 (X11; Linux x86_64) AppleWebKit/537.36 (KHTML, like Gecko) HeadlessChrome/141.0.7390.37 Safari/537.36"
[2026-09-04T13:10:50.414Z]  "GET /js/ui-v4a0-tete.js" "Mozilla/5.0 (X11; Linux x86_64) AppleWebKit/537.36 (KHTML, like Gecko) HeadlessChrome/141.0.7390.37 Safari/537.36"
[2026-09-04T13:10:50.441Z]  "GET /js/ui-v4a1-intentions.js" "Mozilla/5.0 (X11; Linux x86_64) AppleWebKit/537.36 (KHTML, like Gecko) HeadlessChrome/141.0.7390.37 Safari/537.36"
[2026-09-04T13:10:50.442Z]  "GET /js/ui-v4a2-cartes.js" "Mozilla/5.0 (X11; Linux x86_64) AppleWebKit/537.36 (KHTML, like Gecko) HeadlessChrome/141.0.7390.37 Safari/537.36"
[2026-09-04T13:10:50.442Z]  "GET /js/ui-v4a3-vue.js" "Mozilla/5.0 (X11; Linux x86_64) AppleWebKit/537.36 (KHTML, like Gecko) HeadlessChrome/141.0.7390.37 Safari/537.36"
[2026-09-04T13:10:50.442Z]  "GET /js/ui-v5-bobines.js" "Mozilla/5.0 (X11; Linux x86_64) AppleWebKit/537.36 (KHTML, like Gecko) HeadlessChrome/141.0.7390.37 Safari/537.36"
[2026-09-04T13:10:50.442Z]  "GET /js/ui-v4a4-outils.js" "Mozilla/5.0 (X11; Linux x86_64) AppleWebKit/537.36 (KHTML, like Gecko) HeadlessChrome/141.0.7390.37 Safari/537.36"
[2026-09-04T13:10:50.443Z]  "GET /js/ui-v4a5-filtres.js" "Mozilla/5.0 (X11; Linux x86_64) AppleWebKit/537.36 (KHTML, like Gecko) HeadlessChrome/141.0.7390.37 Safari/537.36"
[2026-09-04T13:10:50.449Z]  "GET /js/ui-v6-composer.js" "Mozilla/5.0 (X11; Linux x86_64) AppleWebKit/537.36 (KHTML, like Gecko) HeadlessChrome/141.0.7390.37 Safari/537.36"
[2026-09-04T13:10:50.456Z]  "GET /js/ui-v6a-messages.js" "Mozilla/5.0 (X11; Linux x86_64) AppleWebKit/537.36 (KHTML, like Gecko) HeadlessChrome/141.0.7390.37 Safari/537.36"
[2026-09-04T13:10:50.456Z]  "GET /js/ui-v6b-profil.js" "Mozilla/5.0 (X11; Linux x86_64) AppleWebKit/537.36 (KHTML, like Gecko) HeadlessChrome/141.0.7390.37 Safari/537.36"
[2026-09-04T13:10:50.456Z]  "GET /js/ui-v6c-proposer-irl.js" "Mozilla/5.0 (X11; Linux x86_64) AppleWebKit/537.36 (KHTML, like Gecko) HeadlessChrome/141.0.7390.37 Safari/537.36"
[2026-09-04T13:10:50.456Z]  "GET /js/ui-v7-lot.js" "Mozilla/5.0 (X11; Linux x86_64) AppleWebKit/537.36 (KHTML, like Gecko) HeadlessChrome/141.0.7390.37 Safari/537.36"
[2026-09-04T13:10:50.456Z]  "GET /js/passions-flat.js" "Mozilla/5.0 (X11; Linux x86_64) AppleWebKit/537.36 (KHTML, like Gecko) HeadlessChrome/141.0.7390.37 Safari/537.36"
[2026-09-04T13:10:50.469Z]  "GET /js/passion-selector.js" "Mozilla/5.0 (X11; Linux x86_64) AppleWebKit/537.36 (KHTML, like Gecko) HeadlessChrome/141.0.7390.37 Safari/537.36"
[2026-09-04T13:10:50.469Z]  "GET /js/passions-flat-ui.js" "Mozilla/5.0 (X11; Linux x86_64) AppleWebKit/537.36 (KHTML, like Gecko) HeadlessChrome/141.0.7390.37 Safari/537.36"
[2026-09-04T13:10:50.469Z]  "GET /js/pwa-landing.js" "Mozilla/5.0 (X11; Linux x86_64) AppleWebKit/537.36 (KHTML, like Gecko) HeadlessChrome/141.0.7390.37 Safari/537.36"
[2026-09-04T13:10:50.470Z]  "GET /js/emoji-misc.js" "Mozilla/5.0 (X11; Linux x86_64) AppleWebKit/537.36 (KHTML, like Gecko) HeadlessChrome/141.0.7390.37 Safari/537.36"
[2026-09-04T13:10:50.538Z]  "GET /sw.js" "Mozilla/5.0 (X11; Linux x86_64) AppleWebKit/537.36 (KHTML, like Gecko) HeadlessChrome/141.0.7390.37 Safari/537.36"
[2026-09-04T13:10:52.145Z]  "GET /sw.js" "Mozilla/5.0 (X11; Linux x86_64) AppleWebKit/537.36 (KHTML, like Gecko) HeadlessChrome/141.0.7390.37 Safari/537.36"
[2026-09-04T13:10:54.250Z]  "GET /index.html" "Mozilla/5.0 (X11; Linux x86_64) AppleWebKit/537.36 (KHTML, like Gecko) HeadlessChrome/141.0.7390.37 Safari/537.36"
[2026-09-04T13:10:54.279Z]  "GET /js/access-gate.js" "Mozilla/5.0 (X11; Linux x86_64) AppleWebKit/537.36 (KHTML, like Gecko) HeadlessChrome/141.0.7390.37 Safari/537.36"
[2026-09-04T13:10:54.280Z]  "GET /js/platform.js" "Mozilla/5.0 (X11; Linux x86_64) AppleWebKit/537.36 (KHTML, like Gecko) HeadlessChrome/141.0.7390.37 Safari/537.36"
[2026-09-04T13:10:54.280Z]  "GET /js/telemetry.js" "Mozilla/5.0 (X11; Linux x86_64) AppleWebKit/537.36 (KHTML, like Gecko) HeadlessChrome/141.0.7390.37 Safari/537.36"
[2026-09-04T13:10:54.280Z]  "GET /js/perf-ios.js" "Mozilla/5.0 (X11; Linux x86_64) AppleWebKit/537.36 (KHTML, like Gecko) HeadlessChrome/141.0.7390.37 Safari/537.36"
[2026-09-04T13:10:54.298Z]  "GET /js/pwa-detect.js" "Mozilla/5.0 (X11; Linux x86_64) AppleWebKit/537.36 (KHTML, like Gecko) HeadlessChrome/141.0.7390.37 Safari/537.36"
[2026-09-04T13:10:54.298Z]  "GET /js/map-loader.js" "Mozilla/5.0 (X11; Linux x86_64) AppleWebKit/537.36 (KHTML, like Gecko) HeadlessChrome/141.0.7390.37 Safari/537.36"
[2026-09-04T13:10:54.298Z]  "GET /styles.css" "Mozilla/5.0 (X11; Linux x86_64) AppleWebKit/537.36 (KHTML, like Gecko) HeadlessChrome/141.0.7390.37 Safari/537.36"
[2026-09-04T13:10:54.299Z]  "GET /js/idb-store.js" "Mozilla/5.0 (X11; Linux x86_64) AppleWebKit/537.36 (KHTML, like Gecko) HeadlessChrome/141.0.7390.37 Safari/537.36"
[2026-09-04T13:10:54.300Z]  "GET /js/first-run.js" "Mozilla/5.0 (X11; Linux x86_64) AppleWebKit/537.36 (KHTML, like Gecko) HeadlessChrome/141.0.7390.37 Safari/537.36"
[2026-09-04T13:10:54.302Z]  "GET /js/app-01-diag-seed.js" "Mozilla/5.0 (X11; Linux x86_64) AppleWebKit/537.36 (KHTML, like Gecko) HeadlessChrome/141.0.7390.37 Safari/537.36"
[2026-09-04T13:10:54.313Z]  "GET /js/app-02-state-utils.js" "Mozilla/5.0 (X11; Linux x86_64) AppleWebKit/537.36 (KHTML, like Gecko) HeadlessChrome/141.0.7390.37 Safari/537.36"
[2026-09-04T13:10:54.328Z]  "GET /js/app-03-posts-vlogs.js" "Mozilla/5.0 (X11; Linux x86_64) AppleWebKit/537.36 (KHTML, like Gecko) HeadlessChrome/141.0.7390.37 Safari/537.36"
[2026-09-04T13:10:54.331Z]  "GET /js/app-04-comments-shop.js" "Mozilla/5.0 (X11; Linux x86_64) AppleWebKit/537.36 (KHTML, like Gecko) HeadlessChrome/141.0.7390.37 Safari/537.36"
[2026-09-04T13:10:54.335Z]  "GET /js/app-05-config-profil.js" "Mozilla/5.0 (X11; Linux x86_64) AppleWebKit/537.36 (KHTML, like Gecko) HeadlessChrome/141.0.7390.37 Safari/537.36"
[2026-09-04T13:10:54.339Z]  "GET /js/app-06-reels-partage.js" "Mozilla/5.0 (X11; Linux x86_64) AppleWebKit/537.36 (KHTML, like Gecko) HeadlessChrome/141.0.7390.37 Safari/537.36"
[2026-09-04T13:10:54.341Z]  "GET /js/app-07-ia-explore-irl.js" "Mozilla/5.0 (X11; Linux x86_64) AppleWebKit/537.36 (KHTML, like Gecko) HeadlessChrome/141.0.7390.37 Safari/537.36"
[2026-09-04T13:10:54.344Z]  "GET /js/app-08-ui-modals-tour.js" "Mozilla/5.0 (X11; Linux x86_64) AppleWebKit/537.36 (KHTML, like Gecko) HeadlessChrome/141.0.7390.37 Safari/537.36"
[2026-09-04T13:10:54.349Z]  "GET /js/app-09-boot-pwa.js" "Mozilla/5.0 (X11; Linux x86_64) AppleWebKit/537.36 (KHTML, like Gecko) HeadlessChrome/141.0.7390.37 Safari/537.36"
[2026-09-04T13:10:54.379Z]  "GET /js/contextual-nav.js" "Mozilla/5.0 (X11; Linux x86_64) AppleWebKit/537.36 (KHTML, like Gecko) HeadlessChrome/141.0.7390.37 Safari/537.36"
[2026-09-04T13:10:54.381Z]  "GET /js/ui-v2-shell.js" "Mozilla/5.0 (X11; Linux x86_64) AppleWebKit/537.36 (KHTML, like Gecko) HeadlessChrome/141.0.7390.37 Safari/537.36"
[2026-09-04T13:10:54.385Z]  "GET /js/ui-v3-passerelle.js" "Mozilla/5.0 (X11; Linux x86_64) AppleWebKit/537.36 (KHTML, like Gecko) HeadlessChrome/141.0.7390.37 Safari/537.36"
[2026-09-04T13:10:54.387Z]  "GET /js/ui-v4b-fiche.js" "Mozilla/5.0 (X11; Linux x86_64) AppleWebKit/537.36 (KHTML, like Gecko) HeadlessChrome/141.0.7390.37 Safari/537.36"
[2026-09-04T13:10:54.390Z]  "GET /js/ui-v4a0-tete.js" "Mozilla/5.0 (X11; Linux x86_64) AppleWebKit/537.36 (KHTML, like Gecko) HeadlessChrome/141.0.7390.37 Safari/537.36"
[2026-09-04T13:10:54.393Z]  "GET /js/ui-v4a1-intentions.js" "Mozilla/5.0 (X11; Linux x86_64) AppleWebKit/537.36 (KHTML, like Gecko) HeadlessChrome/141.0.7390.37 Safari/537.36"
[2026-09-04T13:10:54.394Z]  "GET /js/ui-v4a2-cartes.js" "Mozilla/5.0 (X11; Linux x86_64) AppleWebKit/537.36 (KHTML, like Gecko) HeadlessChrome/141.0.7390.37 Safari/537.36"
[2026-09-04T13:10:54.394Z]  "GET /js/ui-v4a3-vue.js" "Mozilla/5.0 (X11; Linux x86_64) AppleWebKit/537.36 (KHTML, like Gecko) HeadlessChrome/141.0.7390.37 Safari/537.36"
[2026-09-04T13:10:54.394Z]  "GET /js/ui-v5-bobines.js" "Mozilla/5.0 (X11; Linux x86_64) AppleWebKit/537.36 (KHTML, like Gecko) HeadlessChrome/141.0.7390.37 Safari/537.36"
[2026-09-04T13:10:54.394Z]  "GET /js/ui-v4a4-outils.js" "Mozilla/5.0 (X11; Linux x86_64) AppleWebKit/537.36 (KHTML, like Gecko) HeadlessChrome/141.0.7390.37 Safari/537.36"
[2026-09-04T13:10:54.409Z]  "GET /js/ui-v4a5-filtres.js" "Mozilla/5.0 (X11; Linux x86_64) AppleWebKit/537.36 (KHTML, like Gecko) HeadlessChrome/141.0.7390.37 Safari/537.36"
[2026-09-04T13:10:54.409Z]  "GET /js/ui-v6-composer.js" "Mozilla/5.0 (X11; Linux x86_64) AppleWebKit/537.36 (KHTML, like Gecko) HeadlessChrome/141.0.7390.37 Safari/537.36"
[2026-09-04T13:10:54.409Z]  "GET /js/ui-v6a-messages.js" "Mozilla/5.0 (X11; Linux x86_64) AppleWebKit/537.36 (KHTML, like Gecko) HeadlessChrome/141.0.7390.37 Safari/537.36"
[2026-09-04T13:10:54.409Z]  "GET /js/ui-v6b-profil.js" "Mozilla/5.0 (X11; Linux x86_64) AppleWebKit/537.36 (KHTML, like Gecko) HeadlessChrome/141.0.7390.37 Safari/537.36"
[2026-09-04T13:10:54.410Z]  "GET /js/ui-v6c-proposer-irl.js" "Mozilla/5.0 (X11; Linux x86_64) AppleWebKit/537.36 (KHTML, like Gecko) HeadlessChrome/141.0.7390.37 Safari/537.36"
[2026-09-04T13:10:54.412Z]  "GET /js/ui-v7-lot.js" "Mozilla/5.0 (X11; Linux x86_64) AppleWebKit/537.36 (KHTML, like Gecko) HeadlessChrome/141.0.7390.37 Safari/537.36"
[2026-09-04T13:10:54.420Z]  "GET /js/passions-flat.js" "Mozilla/5.0 (X11; Linux x86_64) AppleWebKit/537.36 (KHTML, like Gecko) HeadlessChrome/141.0.7390.37 Safari/537.36"
[2026-09-04T13:10:54.420Z]  "GET /js/passion-selector.js" "Mozilla/5.0 (X11; Linux x86_64) AppleWebKit/537.36 (KHTML, like Gecko) HeadlessChrome/141.0.7390.37 Safari/537.36"
[2026-09-04T13:10:54.421Z]  "GET /js/passions-flat-ui.js" "Mozilla/5.0 (X11; Linux x86_64) AppleWebKit/537.36 (KHTML, like Gecko) HeadlessChrome/141.0.7390.37 Safari/537.36"
[2026-09-04T13:10:54.421Z]  "GET /js/pwa-landing.js" "Mozilla/5.0 (X11; Linux x86_64) AppleWebKit/537.36 (KHTML, like Gecko) HeadlessChrome/141.0.7390.37 Safari/537.36"
[2026-09-04T13:10:54.421Z]  "GET /js/emoji-misc.js" "Mozilla/5.0 (X11; Linux x86_64) AppleWebKit/537.36 (KHTML, like Gecko) HeadlessChrome/141.0.7390.37 Safari/537.36"
[2026-09-04T13:11:06.811Z]  "GET /sw.js" "Mozilla/5.0 (X11; Linux x86_64) AppleWebKit/537.36 (KHTML, like Gecko) HeadlessChrome/141.0.7390.37 Safari/537.36"
[2026-09-04T13:11:06.843Z]  "GET /index.html" "Mozilla/5.0 (X11; Linux x86_64) AppleWebKit/537.36 (KHTML, like Gecko) HeadlessChrome/141.0.7390.37 Safari/537.36"
[2026-09-04T13:11:06.843Z]  "GET /styles.css" "Mozilla/5.0 (X11; Linux x86_64) AppleWebKit/537.36 (KHTML, like Gecko) HeadlessChrome/141.0.7390.37 Safari/537.36"
[2026-09-04T13:11:06.843Z]  "GET /manifest.json" "Mozilla/5.0 (X11; Linux x86_64) AppleWebKit/537.36 (KHTML, like Gecko) HeadlessChrome/141.0.7390.37 Safari/537.36"
[2026-09-04T13:11:06.869Z]  "GET /icon-192.png" "Mozilla/5.0 (X11; Linux x86_64) AppleWebKit/537.36 (KHTML, like Gecko) HeadlessChrome/141.0.7390.37 Safari/537.36"
[2026-09-04T13:11:06.872Z]  "GET /icon-512.png" "Mozilla/5.0 (X11; Linux x86_64) AppleWebKit/537.36 (KHTML, like Gecko) HeadlessChrome/141.0.7390.37 Safari/537.36"
[2026-09-04T13:11:06.894Z]  "GET /sw.js" "Mozilla/5.0 (X11; Linux x86_64) AppleWebKit/537.36 (KHTML, like Gecko) HeadlessChrome/141.0.7390.37 Safari/537.36"
[2026-09-04T13:11:10.683Z]  "GET /index.html" "Mozilla/5.0 (X11; Linux x86_64) AppleWebKit/537.36 (KHTML, like Gecko) HeadlessChrome/141.0.7390.37 Safari/537.36"
[2026-09-04T13:11:10.713Z]  "GET /js/access-gate.js" "Mozilla/5.0 (X11; Linux x86_64) AppleWebKit/537.36 (KHTML, like Gecko) HeadlessChrome/141.0.7390.37 Safari/537.36"
[2026-09-04T13:11:10.715Z]  "GET /js/platform.js" "Mozilla/5.0 (X11; Linux x86_64) AppleWebKit/537.36 (KHTML, like Gecko) HeadlessChrome/141.0.7390.37 Safari/537.36"
[2026-09-04T13:11:10.717Z]  "GET /js/telemetry.js" "Mozilla/5.0 (X11; Linux x86_64) AppleWebKit/537.36 (KHTML, like Gecko) HeadlessChrome/141.0.7390.37 Safari/537.36"
[2026-09-04T13:11:10.719Z]  "GET /js/perf-ios.js" "Mozilla/5.0 (X11; Linux x86_64) AppleWebKit/537.36 (KHTML, like Gecko) HeadlessChrome/141.0.7390.37 Safari/537.36"
[2026-09-04T13:11:10.720Z]  "GET /js/pwa-detect.js" "Mozilla/5.0 (X11; Linux x86_64) AppleWebKit/537.36 (KHTML, like Gecko) HeadlessChrome/141.0.7390.37 Safari/537.36"
[2026-09-04T13:11:10.722Z]  "GET /styles.css" "Mozilla/5.0 (X11; Linux x86_64) AppleWebKit/537.36 (KHTML, like Gecko) HeadlessChrome/141.0.7390.37 Safari/537.36"
[2026-09-04T13:11:10.732Z]  "GET /js/map-loader.js" "Mozilla/5.0 (X11; Linux x86_64) AppleWebKit/537.36 (KHTML, like Gecko) HeadlessChrome/141.0.7390.37 Safari/537.36"
[2026-09-04T13:11:10.736Z]  "GET /js/idb-store.js" "Mozilla/5.0 (X11; Linux x86_64) AppleWebKit/537.36 (KHTML, like Gecko) HeadlessChrome/141.0.7390.37 Safari/537.36"
[2026-09-04T13:11:10.736Z]  "GET /js/first-run.js" "Mozilla/5.0 (X11; Linux x86_64) AppleWebKit/537.36 (KHTML, like Gecko) HeadlessChrome/141.0.7390.37 Safari/537.36"
[2026-09-04T13:11:10.736Z]  "GET /js/app-01-diag-seed.js" "Mozilla/5.0 (X11; Linux x86_64) AppleWebKit/537.36 (KHTML, like Gecko) HeadlessChrome/141.0.7390.37 Safari/537.36"
[2026-09-04T13:11:10.736Z]  "GET /js/app-02-state-utils.js" "Mozilla/5.0 (X11; Linux x86_64) AppleWebKit/537.36 (KHTML, like Gecko) HeadlessChrome/141.0.7390.37 Safari/537.36"
[2026-09-04T13:11:10.745Z]  "GET /js/app-03-posts-vlogs.js" "Mozilla/5.0 (X11; Linux x86_64) AppleWebKit/537.36 (KHTML, like Gecko) HeadlessChrome/141.0.7390.37 Safari/537.36"
[2026-09-04T13:11:10.754Z]  "GET /js/app-04-comments-shop.js" "Mozilla/5.0 (X11; Linux x86_64) AppleWebKit/537.36 (KHTML, like Gecko) HeadlessChrome/141.0.7390.37 Safari/537.36"
[2026-09-04T13:11:10.760Z]  "GET /js/app-05-config-profil.js" "Mozilla/5.0 (X11; Linux x86_64) AppleWebKit/537.36 (KHTML, like Gecko) HeadlessChrome/141.0.7390.37 Safari/537.36"
[2026-09-04T13:11:10.764Z]  "GET /js/app-06-reels-partage.js" "Mozilla/5.0 (X11; Linux x86_64) AppleWebKit/537.36 (KHTML, like Gecko) HeadlessChrome/141.0.7390.37 Safari/537.36"
[2026-09-04T13:11:10.767Z]  "GET /js/app-07-ia-explore-irl.js" "Mozilla/5.0 (X11; Linux x86_64) AppleWebKit/537.36 (KHTML, like Gecko) HeadlessChrome/141.0.7390.37 Safari/537.36"
[2026-09-04T13:11:10.774Z]  "GET /js/app-08-ui-modals-tour.js" "Mozilla/5.0 (X11; Linux x86_64) AppleWebKit/537.36 (KHTML, like Gecko) HeadlessChrome/141.0.7390.37 Safari/537.36"
[2026-09-04T13:11:10.776Z]  "GET /js/app-09-boot-pwa.js" "Mozilla/5.0 (X11; Linux x86_64) AppleWebKit/537.36 (KHTML, like Gecko) HeadlessChrome/141.0.7390.37 Safari/537.36"
[2026-09-04T13:11:10.779Z]  "GET /js/contextual-nav.js" "Mozilla/5.0 (X11; Linux x86_64) AppleWebKit/537.36 (KHTML, like Gecko) HeadlessChrome/141.0.7390.37 Safari/537.36"
[2026-09-04T13:11:10.779Z]  "GET /js/ui-v2-shell.js" "Mozilla/5.0 (X11; Linux x86_64) AppleWebKit/537.36 (KHTML, like Gecko) HeadlessChrome/141.0.7390.37 Safari/537.36"
[2026-09-04T13:11:10.783Z]  "GET /js/ui-v3-passerelle.js" "Mozilla/5.0 (X11; Linux x86_64) AppleWebKit/537.36 (KHTML, like Gecko) HeadlessChrome/141.0.7390.37 Safari/537.36"
[2026-09-04T13:11:10.783Z]  "GET /js/ui-v4b-fiche.js" "Mozilla/5.0 (X11; Linux x86_64) AppleWebKit/537.36 (KHTML, like Gecko) HeadlessChrome/141.0.7390.37 Safari/537.36"
[2026-09-04T13:11:10.783Z]  "GET /js/ui-v4a0-tete.js" "Mozilla/5.0 (X11; Linux x86_64) AppleWebKit/537.36 (KHTML, like Gecko) HeadlessChrome/141.0.7390.37 Safari/537.36"
[2026-09-04T13:11:10.783Z]  "GET /js/ui-v4a1-intentions.js" "Mozilla/5.0 (X11; Linux x86_64) AppleWebKit/537.36 (KHTML, like Gecko) HeadlessChrome/141.0.7390.37 Safari/537.36"
[2026-09-04T13:11:10.792Z]  "GET /js/ui-v4a2-cartes.js" "Mozilla/5.0 (X11; Linux x86_64) AppleWebKit/537.36 (KHTML, like Gecko) HeadlessChrome/141.0.7390.37 Safari/537.36"
[2026-09-04T13:11:10.792Z]  "GET /js/ui-v4a3-vue.js" "Mozilla/5.0 (X11; Linux x86_64) AppleWebKit/537.36 (KHTML, like Gecko) HeadlessChrome/141.0.7390.37 Safari/537.36"
[2026-09-04T13:11:10.792Z]  "GET /js/ui-v5-bobines.js" "Mozilla/5.0 (X11; Linux x86_64) AppleWebKit/537.36 (KHTML, like Gecko) HeadlessChrome/141.0.7390.37 Safari/537.36"
[2026-09-04T13:11:10.792Z]  "GET /js/ui-v4a4-outils.js" "Mozilla/5.0 (X11; Linux x86_64) AppleWebKit/537.36 (KHTML, like Gecko) HeadlessChrome/141.0.7390.37 Safari/537.36"
[2026-09-04T13:11:10.793Z]  "GET /js/ui-v4a5-filtres.js" "Mozilla/5.0 (X11; Linux x86_64) AppleWebKit/537.36 (KHTML, like Gecko) HeadlessChrome/141.0.7390.37 Safari/537.36"
[2026-09-04T13:11:10.793Z]  "GET /js/ui-v6-composer.js" "Mozilla/5.0 (X11; Linux x86_64) AppleWebKit/537.36 (KHTML, like Gecko) HeadlessChrome/141.0.7390.37 Safari/537.36"
[2026-09-04T13:11:10.805Z]  "GET /js/ui-v6a-messages.js" "Mozilla/5.0 (X11; Linux x86_64) AppleWebKit/537.36 (KHTML, like Gecko) HeadlessChrome/141.0.7390.37 Safari/537.36"
[2026-09-04T13:11:10.806Z]  "GET /js/ui-v6b-profil.js" "Mozilla/5.0 (X11; Linux x86_64) AppleWebKit/537.36 (KHTML, like Gecko) HeadlessChrome/141.0.7390.37 Safari/537.36"
[2026-09-04T13:11:10.806Z]  "GET /js/ui-v6c-proposer-irl.js" "Mozilla/5.0 (X11; Linux x86_64) AppleWebKit/537.36 (KHTML, like Gecko) HeadlessChrome/141.0.7390.37 Safari/537.36"
[2026-09-04T13:11:10.808Z]  "GET /js/ui-v7-lot.js" "Mozilla/5.0 (X11; Linux x86_64) AppleWebKit/537.36 (KHTML, like Gecko) HeadlessChrome/141.0.7390.37 Safari/537.36"
[2026-09-04T13:11:10.809Z]  "GET /js/passions-flat.js" "Mozilla/5.0 (X11; Linux x86_64) AppleWebKit/537.36 (KHTML, like Gecko) HeadlessChrome/141.0.7390.37 Safari/537.36"
[2026-09-04T13:11:10.809Z]  "GET /js/passion-selector.js" "Mozilla/5.0 (X11; Linux x86_64) AppleWebKit/537.36 (KHTML, like Gecko) HeadlessChrome/141.0.7390.37 Safari/537.36"
[2026-09-04T13:11:10.816Z]  "GET /js/passions-flat-ui.js" "Mozilla/5.0 (X11; Linux x86_64) AppleWebKit/537.36 (KHTML, like Gecko) HeadlessChrome/141.0.7390.37 Safari/537.36"
[2026-09-04T13:11:10.817Z]  "GET /js/pwa-landing.js" "Mozilla/5.0 (X11; Linux x86_64) AppleWebKit/537.36 (KHTML, like Gecko) HeadlessChrome/141.0.7390.37 Safari/537.36"
[2026-09-04T13:11:10.817Z]  "GET /js/emoji-misc.js" "Mozilla/5.0 (X11; Linux x86_64) AppleWebKit/537.36 (KHTML, like Gecko) HeadlessChrome/141.0.7390.37 Safari/537.36"
[2026-09-04T13:11:23.399Z]  "GET /sw.js" "Mozilla/5.0 (X11; Linux x86_64) AppleWebKit/537.36 (KHTML, like Gecko) HeadlessChrome/141.0.7390.37 Safari/537.36"
[2026-09-04T13:11:23.421Z]  "GET /index.html" "Mozilla/5.0 (X11; Linux x86_64) AppleWebKit/537.36 (KHTML, like Gecko) HeadlessChrome/141.0.7390.37 Safari/537.36"
[2026-09-04T13:11:23.422Z]  "GET /styles.css" "Mozilla/5.0 (X11; Linux x86_64) AppleWebKit/537.36 (KHTML, like Gecko) HeadlessChrome/141.0.7390.37 Safari/537.36"
[2026-09-04T13:11:23.423Z]  "GET /manifest.json" "Mozilla/5.0 (X11; Linux x86_64) AppleWebKit/537.36 (KHTML, like Gecko) HeadlessChrome/141.0.7390.37 Safari/537.36"
[2026-09-04T13:11:23.437Z]  "GET /icon-192.png" "Mozilla/5.0 (X11; Linux x86_64) AppleWebKit/537.36 (KHTML, like Gecko) HeadlessChrome/141.0.7390.37 Safari/537.36"
[2026-09-04T13:11:23.440Z]  "GET /icon-512.png" "Mozilla/5.0 (X11; Linux x86_64) AppleWebKit/537.36 (KHTML, like Gecko) HeadlessChrome/141.0.7390.37 Safari/537.36"
[2026-09-04T13:11:23.459Z]  "GET /sw.js" "Mozilla/5.0 (X11; Linux x86_64) AppleWebKit/537.36 (KHTML, like Gecko) HeadlessChrome/141.0.7390.37 Safari/537.36"
[2026-09-04T13:11:26.725Z]  "GET /index.html" "Mozilla/5.0 (X11; Linux x86_64) AppleWebKit/537.36 (KHTML, like Gecko) HeadlessChrome/141.0.7390.37 Safari/537.36"
[2026-09-04T13:11:26.746Z]  "GET /js/access-gate.js" "Mozilla/5.0 (X11; Linux x86_64) AppleWebKit/537.36 (KHTML, like Gecko) HeadlessChrome/141.0.7390.37 Safari/537.36"
[2026-09-04T13:11:26.748Z]  "GET /js/platform.js" "Mozilla/5.0 (X11; Linux x86_64) AppleWebKit/537.36 (KHTML, like Gecko) HeadlessChrome/141.0.7390.37 Safari/537.36"
[2026-09-04T13:11:26.750Z]  "GET /js/telemetry.js" "Mozilla/5.0 (X11; Linux x86_64) AppleWebKit/537.36 (KHTML, like Gecko) HeadlessChrome/141.0.7390.37 Safari/537.36"
[2026-09-04T13:11:26.750Z]  "GET /js/perf-ios.js" "Mozilla/5.0 (X11; Linux x86_64) AppleWebKit/537.36 (KHTML, like Gecko) HeadlessChrome/141.0.7390.37 Safari/537.36"
[2026-09-04T13:11:26.752Z]  "GET /js/pwa-detect.js" "Mozilla/5.0 (X11; Linux x86_64) AppleWebKit/537.36 (KHTML, like Gecko) HeadlessChrome/141.0.7390.37 Safari/537.36"
[2026-09-04T13:11:26.786Z]  "GET /js/map-loader.js" "Mozilla/5.0 (X11; Linux x86_64) AppleWebKit/537.36 (KHTML, like Gecko) HeadlessChrome/141.0.7390.37 Safari/537.36"
[2026-09-04T13:11:26.786Z]  "GET /styles.css" "Mozilla/5.0 (X11; Linux x86_64) AppleWebKit/537.36 (KHTML, like Gecko) HeadlessChrome/141.0.7390.37 Safari/537.36"
[2026-09-04T13:11:26.786Z]  "GET /js/idb-store.js" "Mozilla/5.0 (X11; Linux x86_64) AppleWebKit/537.36 (KHTML, like Gecko) HeadlessChrome/141.0.7390.37 Safari/537.36"
[2026-09-04T13:11:26.787Z]  "GET /js/first-run.js" "Mozilla/5.0 (X11; Linux x86_64) AppleWebKit/537.36 (KHTML, like Gecko) HeadlessChrome/141.0.7390.37 Safari/537.36"
[2026-09-04T13:11:26.794Z]  "GET /js/app-01-diag-seed.js" "Mozilla/5.0 (X11; Linux x86_64) AppleWebKit/537.36 (KHTML, like Gecko) HeadlessChrome/141.0.7390.37 Safari/537.36"
[2026-09-04T13:11:26.800Z]  "GET /js/app-02-state-utils.js" "Mozilla/5.0 (X11; Linux x86_64) AppleWebKit/537.36 (KHTML, like Gecko) HeadlessChrome/141.0.7390.37 Safari/537.36"
[2026-09-04T13:11:26.801Z]  "GET /js/app-03-posts-vlogs.js" "Mozilla/5.0 (X11; Linux x86_64) AppleWebKit/537.36 (KHTML, like Gecko) HeadlessChrome/141.0.7390.37 Safari/537.36"
[2026-09-04T13:11:26.802Z]  "GET /js/app-04-comments-shop.js" "Mozilla/5.0 (X11; Linux x86_64) AppleWebKit/537.36 (KHTML, like Gecko) HeadlessChrome/141.0.7390.37 Safari/537.36"
[2026-09-04T13:11:26.807Z]  "GET /js/app-05-config-profil.js" "Mozilla/5.0 (X11; Linux x86_64) AppleWebKit/537.36 (KHTML, like Gecko) HeadlessChrome/141.0.7390.37 Safari/537.36"
[2026-09-04T13:11:26.813Z]  "GET /js/app-06-reels-partage.js" "Mozilla/5.0 (X11; Linux x86_64) AppleWebKit/537.36 (KHTML, like Gecko) HeadlessChrome/141.0.7390.37 Safari/537.36"
[2026-09-04T13:11:26.813Z]  "GET /js/app-07-ia-explore-irl.js" "Mozilla/5.0 (X11; Linux x86_64) AppleWebKit/537.36 (KHTML, like Gecko) HeadlessChrome/141.0.7390.37 Safari/537.36"
[2026-09-04T13:11:26.821Z]  "GET /js/app-08-ui-modals-tour.js" "Mozilla/5.0 (X11; Linux x86_64) AppleWebKit/537.36 (KHTML, like Gecko) HeadlessChrome/141.0.7390.37 Safari/537.36"
[2026-09-04T13:11:26.821Z]  "GET /js/app-09-boot-pwa.js" "Mozilla/5.0 (X11; Linux x86_64) AppleWebKit/537.36 (KHTML, like Gecko) HeadlessChrome/141.0.7390.37 Safari/537.36"
[2026-09-04T13:11:26.821Z]  "GET /js/contextual-nav.js" "Mozilla/5.0 (X11; Linux x86_64) AppleWebKit/537.36 (KHTML, like Gecko) HeadlessChrome/141.0.7390.37 Safari/537.36"
[2026-09-04T13:11:26.824Z]  "GET /js/ui-v2-shell.js" "Mozilla/5.0 (X11; Linux x86_64) AppleWebKit/537.36 (KHTML, like Gecko) HeadlessChrome/141.0.7390.37 Safari/537.36"
[2026-09-04T13:11:26.832Z]  "GET /js/ui-v3-passerelle.js" "Mozilla/5.0 (X11; Linux x86_64) AppleWebKit/537.36 (KHTML, like Gecko) HeadlessChrome/141.0.7390.37 Safari/537.36"
[2026-09-04T13:11:26.832Z]  "GET /js/ui-v4b-fiche.js" "Mozilla/5.0 (X11; Linux x86_64) AppleWebKit/537.36 (KHTML, like Gecko) HeadlessChrome/141.0.7390.37 Safari/537.36"
[2026-09-04T13:11:26.832Z]  "GET /js/ui-v4a0-tete.js" "Mozilla/5.0 (X11; Linux x86_64) AppleWebKit/537.36 (KHTML, like Gecko) HeadlessChrome/141.0.7390.37 Safari/537.36"
[2026-09-04T13:11:26.833Z]  "GET /js/ui-v4a1-intentions.js" "Mozilla/5.0 (X11; Linux x86_64) AppleWebKit/537.36 (KHTML, like Gecko) HeadlessChrome/141.0.7390.37 Safari/537.36"
[2026-09-04T13:11:26.833Z]  "GET /js/ui-v4a2-cartes.js" "Mozilla/5.0 (X11; Linux x86_64) AppleWebKit/537.36 (KHTML, like Gecko) HeadlessChrome/141.0.7390.37 Safari/537.36"
[2026-09-04T13:11:26.833Z]  "GET /js/ui-v4a3-vue.js" "Mozilla/5.0 (X11; Linux x86_64) AppleWebKit/537.36 (KHTML, like Gecko) HeadlessChrome/141.0.7390.37 Safari/537.36"
[2026-09-04T13:11:26.845Z]  "GET /js/ui-v5-bobines.js" "Mozilla/5.0 (X11; Linux x86_64) AppleWebKit/537.36 (KHTML, like Gecko) HeadlessChrome/141.0.7390.37 Safari/537.36"
[2026-09-04T13:11:26.846Z]  "GET /js/ui-v4a4-outils.js" "Mozilla/5.0 (X11; Linux x86_64) AppleWebKit/537.36 (KHTML, like Gecko) HeadlessChrome/141.0.7390.37 Safari/537.36"
[2026-09-04T13:11:26.846Z]  "GET /js/ui-v4a5-filtres.js" "Mozilla/5.0 (X11; Linux x86_64) AppleWebKit/537.36 (KHTML, like Gecko) HeadlessChrome/141.0.7390.37 Safari/537.36"
[2026-09-04T13:11:26.846Z]  "GET /js/ui-v6-composer.js" "Mozilla/5.0 (X11; Linux x86_64) AppleWebKit/537.36 (KHTML, like Gecko) HeadlessChrome/141.0.7390.37 Safari/537.36"
[2026-09-04T13:11:26.846Z]  "GET /js/ui-v6a-messages.js" "Mozilla/5.0 (X11; Linux x86_64) AppleWebKit/537.36 (KHTML, like Gecko) HeadlessChrome/141.0.7390.37 Safari/537.36"
[2026-09-04T13:11:26.847Z]  "GET /js/ui-v6b-profil.js" "Mozilla/5.0 (X11; Linux x86_64) AppleWebKit/537.36 (KHTML, like Gecko) HeadlessChrome/141.0.7390.37 Safari/537.36"
[2026-09-04T13:11:26.860Z]  "GET /js/ui-v6c-proposer-irl.js" "Mozilla/5.0 (X11; Linux x86_64) AppleWebKit/537.36 (KHTML, like Gecko) HeadlessChrome/141.0.7390.37 Safari/537.36"
[2026-09-04T13:11:26.861Z]  "GET /js/ui-v7-lot.js" "Mozilla/5.0 (X11; Linux x86_64) AppleWebKit/537.36 (KHTML, like Gecko) HeadlessChrome/141.0.7390.37 Safari/537.36"
[2026-09-04T13:11:26.861Z]  "GET /js/passions-flat.js" "Mozilla/5.0 (X11; Linux x86_64) AppleWebKit/537.36 (KHTML, like Gecko) HeadlessChrome/141.0.7390.37 Safari/537.36"
[2026-09-04T13:11:26.861Z]  "GET /js/passion-selector.js" "Mozilla/5.0 (X11; Linux x86_64) AppleWebKit/537.36 (KHTML, like Gecko) HeadlessChrome/141.0.7390.37 Safari/537.36"
[2026-09-04T13:11:26.861Z]  "GET /js/passions-flat-ui.js" "Mozilla/5.0 (X11; Linux x86_64) AppleWebKit/537.36 (KHTML, like Gecko) HeadlessChrome/141.0.7390.37 Safari/537.36"
[2026-09-04T13:11:26.861Z]  "GET /js/pwa-landing.js" "Mozilla/5.0 (X11; Linux x86_64) AppleWebKit/537.36 (KHTML, like Gecko) HeadlessChrome/141.0.7390.37 Safari/537.36"
[2026-09-04T13:11:26.870Z]  "GET /js/emoji-misc.js" "Mozilla/5.0 (X11; Linux x86_64) AppleWebKit/537.36 (KHTML, like Gecko) HeadlessChrome/141.0.7390.37 Safari/537.36"
[2026-09-04T13:11:39.278Z]  "GET /sw.js" "Mozilla/5.0 (X11; Linux x86_64) AppleWebKit/537.36 (KHTML, like Gecko) HeadlessChrome/141.0.7390.37 Safari/537.36"
[2026-09-04T13:11:39.299Z]  "GET /index.html" "Mozilla/5.0 (X11; Linux x86_64) AppleWebKit/537.36 (KHTML, like Gecko) HeadlessChrome/141.0.7390.37 Safari/537.36"
[2026-09-04T13:11:39.299Z]  "GET /styles.css" "Mozilla/5.0 (X11; Linux x86_64) AppleWebKit/537.36 (KHTML, like Gecko) HeadlessChrome/141.0.7390.37 Safari/537.36"
[2026-09-04T13:11:39.299Z]  "GET /manifest.json" "Mozilla/5.0 (X11; Linux x86_64) AppleWebKit/537.36 (KHTML, like Gecko) HeadlessChrome/141.0.7390.37 Safari/537.36"
[2026-09-04T13:11:39.310Z]  "GET /icon-192.png" "Mozilla/5.0 (X11; Linux x86_64) AppleWebKit/537.36 (KHTML, like Gecko) HeadlessChrome/141.0.7390.37 Safari/537.36"
[2026-09-04T13:11:39.314Z]  "GET /icon-512.png" "Mozilla/5.0 (X11; Linux x86_64) AppleWebKit/537.36 (KHTML, like Gecko) HeadlessChrome/141.0.7390.37 Safari/537.36"
[2026-09-04T13:11:39.331Z]  "GET /sw.js" "Mozilla/5.0 (X11; Linux x86_64) AppleWebKit/537.36 (KHTML, like Gecko) HeadlessChrome/141.0.7390.37 Safari/537.36"
[2026-09-04T13:11:43.714Z]  "GET /index.html" "Mozilla/5.0 (X11; Linux x86_64) AppleWebKit/537.36 (KHTML, like Gecko) HeadlessChrome/141.0.7390.37 Safari/537.36"
[2026-09-04T13:11:43.734Z]  "GET /js/access-gate.js" "Mozilla/5.0 (X11; Linux x86_64) AppleWebKit/537.36 (KHTML, like Gecko) HeadlessChrome/141.0.7390.37 Safari/537.36"
[2026-09-04T13:11:43.734Z]  "GET /js/platform.js" "Mozilla/5.0 (X11; Linux x86_64) AppleWebKit/537.36 (KHTML, like Gecko) HeadlessChrome/141.0.7390.37 Safari/537.36"
[2026-09-04T13:11:43.735Z]  "GET /js/telemetry.js" "Mozilla/5.0 (X11; Linux x86_64) AppleWebKit/537.36 (KHTML, like Gecko) HeadlessChrome/141.0.7390.37 Safari/537.36"
[2026-09-04T13:11:43.735Z]  "GET /js/perf-ios.js" "Mozilla/5.0 (X11; Linux x86_64) AppleWebKit/537.36 (KHTML, like Gecko) HeadlessChrome/141.0.7390.37 Safari/537.36"
[2026-09-04T13:11:43.753Z]  "GET /js/pwa-detect.js" "Mozilla/5.0 (X11; Linux x86_64) AppleWebKit/537.36 (KHTML, like Gecko) HeadlessChrome/141.0.7390.37 Safari/537.36"
[2026-09-04T13:11:43.753Z]  "GET /js/idb-store.js" "Mozilla/5.0 (X11; Linux x86_64) AppleWebKit/537.36 (KHTML, like Gecko) HeadlessChrome/141.0.7390.37 Safari/537.36"
[2026-09-04T13:11:43.753Z]  "GET /styles.css" "Mozilla/5.0 (X11; Linux x86_64) AppleWebKit/537.36 (KHTML, like Gecko) HeadlessChrome/141.0.7390.37 Safari/537.36"
[2026-09-04T13:11:43.753Z]  "GET /js/first-run.js" "Mozilla/5.0 (X11; Linux x86_64) AppleWebKit/537.36 (KHTML, like Gecko) HeadlessChrome/141.0.7390.37 Safari/537.36"
[2026-09-04T13:11:43.755Z]  "GET /js/map-loader.js" "Mozilla/5.0 (X11; Linux x86_64) AppleWebKit/537.36 (KHTML, like Gecko) HeadlessChrome/141.0.7390.37 Safari/537.36"
[2026-09-04T13:11:43.757Z]  "GET /js/supabase-loader.js" "Mozilla/5.0 (X11; Linux x86_64) AppleWebKit/537.36 (KHTML, like Gecko) HeadlessChrome/141.0.7390.37 Safari/537.36"
[2026-09-04T13:11:43.774Z]  "GET /js/app-01-diag-seed.js" "Mozilla/5.0 (X11; Linux x86_64) AppleWebKit/537.36 (KHTML, like Gecko) HeadlessChrome/141.0.7390.37 Safari/537.36"
[2026-09-04T13:11:43.778Z]  "GET /js/app-02-state-utils.js" "Mozilla/5.0 (X11; Linux x86_64) AppleWebKit/537.36 (KHTML, like Gecko) HeadlessChrome/141.0.7390.37 Safari/537.36"
[2026-09-04T13:11:43.779Z]  "GET /js/app-03-posts-vlogs.js" "Mozilla/5.0 (X11; Linux x86_64) AppleWebKit/537.36 (KHTML, like Gecko) HeadlessChrome/141.0.7390.37 Safari/537.36"
[2026-09-04T13:11:43.785Z]  "GET /js/app-04-comments-shop.js" "Mozilla/5.0 (X11; Linux x86_64) AppleWebKit/537.36 (KHTML, like Gecko) HeadlessChrome/141.0.7390.37 Safari/537.36"
[2026-09-04T13:11:43.788Z]  "GET /js/app-05-config-profil.js" "Mozilla/5.0 (X11; Linux x86_64) AppleWebKit/537.36 (KHTML, like Gecko) HeadlessChrome/141.0.7390.37 Safari/537.36"
[2026-09-04T13:11:43.790Z]  "GET /js/app-06-reels-partage.js" "Mozilla/5.0 (X11; Linux x86_64) AppleWebKit/537.36 (KHTML, like Gecko) HeadlessChrome/141.0.7390.37 Safari/537.36"
[2026-09-04T13:11:43.793Z]  "GET /js/app-07-ia-explore-irl.js" "Mozilla/5.0 (X11; Linux x86_64) AppleWebKit/537.36 (KHTML, like Gecko) HeadlessChrome/141.0.7390.37 Safari/537.36"
[2026-09-04T13:11:43.798Z]  "GET /js/app-08-ui-modals-tour.js" "Mozilla/5.0 (X11; Linux x86_64) AppleWebKit/537.36 (KHTML, like Gecko) HeadlessChrome/141.0.7390.37 Safari/537.36"
[2026-09-04T13:11:43.803Z]  "GET /js/app-09-boot-pwa.js" "Mozilla/5.0 (X11; Linux x86_64) AppleWebKit/537.36 (KHTML, like Gecko) HeadlessChrome/141.0.7390.37 Safari/537.36"
[2026-09-04T13:11:43.805Z]  "GET /js/contextual-nav.js" "Mozilla/5.0 (X11; Linux x86_64) AppleWebKit/537.36 (KHTML, like Gecko) HeadlessChrome/141.0.7390.37 Safari/537.36"
[2026-09-04T13:11:43.808Z]  "GET /js/ui-v2-shell.js" "Mozilla/5.0 (X11; Linux x86_64) AppleWebKit/537.36 (KHTML, like Gecko) HeadlessChrome/141.0.7390.37 Safari/537.36"
[2026-09-04T13:11:43.811Z]  "GET /js/ui-v3-passerelle.js" "Mozilla/5.0 (X11; Linux x86_64) AppleWebKit/537.36 (KHTML, like Gecko) HeadlessChrome/141.0.7390.37 Safari/537.36"
[2026-09-04T13:11:43.812Z]  "GET /js/ui-v4b-fiche.js" "Mozilla/5.0 (X11; Linux x86_64) AppleWebKit/537.36 (KHTML, like Gecko) HeadlessChrome/141.0.7390.37 Safari/537.36"
[2026-09-04T13:11:43.812Z]  "GET /js/ui-v4a0-tete.js" "Mozilla/5.0 (X11; Linux x86_64) AppleWebKit/537.36 (KHTML, like Gecko) HeadlessChrome/141.0.7390.37 Safari/537.36"
[2026-09-04T13:11:43.813Z]  "GET /js/ui-v4a1-intentions.js" "Mozilla/5.0 (X11; Linux x86_64) AppleWebKit/537.36 (KHTML, like Gecko) HeadlessChrome/141.0.7390.37 Safari/537.36"
[2026-09-04T13:11:43.813Z]  "GET /js/ui-v4a2-cartes.js" "Mozilla/5.0 (X11; Linux x86_64) AppleWebKit/537.36 (KHTML, like Gecko) HeadlessChrome/141.0.7390.37 Safari/537.36"
[2026-09-04T13:11:43.813Z]  "GET /js/ui-v4a3-vue.js" "Mozilla/5.0 (X11; Linux x86_64) AppleWebKit/537.36 (KHTML, like Gecko) HeadlessChrome/141.0.7390.37 Safari/537.36"
[2026-09-04T13:11:43.829Z]  "GET /js/ui-v5-bobines.js" "Mozilla/5.0 (X11; Linux x86_64) AppleWebKit/537.36 (KHTML, like Gecko) HeadlessChrome/141.0.7390.37 Safari/537.36"
[2026-09-04T13:11:43.830Z]  "GET /js/ui-v4a4-outils.js" "Mozilla/5.0 (X11; Linux x86_64) AppleWebKit/537.36 (KHTML, like Gecko) HeadlessChrome/141.0.7390.37 Safari/537.36"
[2026-09-04T13:11:43.830Z]  "GET /js/ui-v4a5-filtres.js" "Mozilla/5.0 (X11; Linux x86_64) AppleWebKit/537.36 (KHTML, like Gecko) HeadlessChrome/141.0.7390.37 Safari/537.36"
[2026-09-04T13:11:43.830Z]  "GET /js/ui-v6-composer.js" "Mozilla/5.0 (X11; Linux x86_64) AppleWebKit/537.36 (KHTML, like Gecko) HeadlessChrome/141.0.7390.37 Safari/537.36"
[2026-09-04T13:11:43.830Z]  "GET /js/ui-v6a-messages.js" "Mozilla/5.0 (X11; Linux x86_64) AppleWebKit/537.36 (KHTML, like Gecko) HeadlessChrome/141.0.7390.37 Safari/537.36"
[2026-09-04T13:11:43.830Z]  "GET /js/ui-v6b-profil.js" "Mozilla/5.0 (X11; Linux x86_64) AppleWebKit/537.36 (KHTML, like Gecko) HeadlessChrome/141.0.7390.37 Safari/537.36"
[2026-09-04T13:11:43.843Z]  "GET /js/ui-v6c-proposer-irl.js" "Mozilla/5.0 (X11; Linux x86_64) AppleWebKit/537.36 (KHTML, like Gecko) HeadlessChrome/141.0.7390.37 Safari/537.36"
[2026-09-04T13:11:43.844Z]  "GET /js/ui-v7-lot.js" "Mozilla/5.0 (X11; Linux x86_64) AppleWebKit/537.36 (KHTML, like Gecko) HeadlessChrome/141.0.7390.37 Safari/537.36"
[2026-09-04T13:11:43.844Z]  "GET /js/passions-flat.js" "Mozilla/5.0 (X11; Linux x86_64) AppleWebKit/537.36 (KHTML, like Gecko) HeadlessChrome/141.0.7390.37 Safari/537.36"
[2026-09-04T13:11:43.844Z]  "GET /js/passion-selector.js" "Mozilla/5.0 (X11; Linux x86_64) AppleWebKit/537.36 (KHTML, like Gecko) HeadlessChrome/141.0.7390.37 Safari/537.36"
[2026-09-04T13:11:43.844Z]  "GET /js/passions-flat-ui.js" "Mozilla/5.0 (X11; Linux x86_64) AppleWebKit/537.36 (KHTML, like Gecko) HeadlessChrome/141.0.7390.37 Safari/537.36"
[2026-09-04T13:11:43.844Z]  "GET /js/pwa-landing.js" "Mozilla/5.0 (X11; Linux x86_64) AppleWebKit/537.36 (KHTML, like Gecko) HeadlessChrome/141.0.7390.37 Safari/537.36"
[2026-09-04T13:11:43.846Z]  "GET /js/emoji-misc.js" "Mozilla/5.0 (X11; Linux x86_64) AppleWebKit/537.36 (KHTML, like Gecko) HeadlessChrome/141.0.7390.37 Safari/537.36"
http-server stopped.
