[1A[2K[2m[WebServer] [22m(node:7364) [DEP0066] DeprecationWarning: OutgoingMessage.prototype._headers is deprecated
[2m[WebServer] [22m(Use `node --trace-deprecation ...` to show where the warning was created)


Running 103 tests using 1 worker

[1A[2K[1/103] [local] › tests/e2e/aides-contextuelles.spec.js:58:1 › §8 — la première carte du Fil explique comment ouvrir une Passio
[1A[2K  1) [local] › tests/e2e/aides-contextuelles.spec.js:58:1 › §8 — la première carte du Fil explique comment ouvrir une Passio 

    Error: browserType.launch: Executable doesn't exist at /opt/pw-browsers/chromium_headless_shell-1223/chrome-headless-shell-linux64/chrome-headless-shell
    ╔════════════════════════════════════════════════════════════╗
    ║ Looks like Playwright was just installed or updated.       ║
    ║ Please run the following command to download new browsers: ║
    ║                                                            ║
    ║     npx playwright install                                 ║
    ║                                                            ║
    ║ <3 Playwright Team                                         ║
    ╚════════════════════════════════════════════════════════════╝

    Error Context: test-results/aides-contextuelles-§8-—-l-82008-e-comment-ouvrir-une-Passio-local/error-context.md


[1A[2K[2/103] [local] › tests/e2e/aides-contextuelles.spec.js:66:1 › §8 — une aide est dismissible, et ne revient jamais
[1A[2K  2) [local] › tests/e2e/aides-contextuelles.spec.js:66:1 › §8 — une aide est dismissible, et ne revient jamais 

    Error: browserType.launch: Executable doesn't exist at /opt/pw-browsers/chromium_headless_shell-1223/chrome-headless-shell-linux64/chrome-headless-shell
    ╔════════════════════════════════════════════════════════════╗
    ║ Looks like Playwright was just installed or updated.       ║
    ║ Please run the following command to download new browsers: ║
    ║                                                            ║
    ║     npx playwright install                                 ║
    ║                                                            ║
    ║ <3 Playwright Team                                         ║
    ╚════════════════════════════════════════════════════════════╝

    Error Context: test-results/aides-contextuelles-§8-—-u-3aedd-ssible-et-ne-revient-jamais-local/error-context.md


[1A[2K[3/103] [local] › tests/e2e/aides-contextuelles.spec.js:86:1 › §8 — jamais deux aides à l'écran
[1A[2K  3) [local] › tests/e2e/aides-contextuelles.spec.js:86:1 › §8 — jamais deux aides à l'écran ───────

    Error: browserType.launch: Executable doesn't exist at /opt/pw-browsers/chromium_headless_shell-1223/chrome-headless-shell-linux64/chrome-headless-shell
    ╔════════════════════════════════════════════════════════════╗
    ║ Looks like Playwright was just installed or updated.       ║
    ║ Please run the following command to download new browsers: ║
    ║                                                            ║
    ║     npx playwright install                                 ║
    ║                                                            ║
    ║ <3 Playwright Team                                         ║
    ╚════════════════════════════════════════════════════════════╝

    Error Context: test-results/aides-contextuelles-§8-—-jamais-deux-aides-à-l-écran-local/error-context.md


[1A[2K[4/103] [local] › tests/e2e/aides-contextuelles.spec.js:116:1 › §8 — montrerHint refuse lui-même une aide déjà vue
[1A[2K  4) [local] › tests/e2e/aides-contextuelles.spec.js:116:1 › §8 — montrerHint refuse lui-même une aide déjà vue 

    Error: browserType.launch: Executable doesn't exist at /opt/pw-browsers/chromium_headless_shell-1223/chrome-headless-shell-linux64/chrome-headless-shell
    ╔════════════════════════════════════════════════════════════╗
    ║ Looks like Playwright was just installed or updated.       ║
    ║ Please run the following command to download new browsers: ║
    ║                                                            ║
    ║     npx playwright install                                 ║
    ║                                                            ║
    ║ <3 Playwright Team                                         ║
    ╚════════════════════════════════════════════════════════════╝

    Error Context: test-results/aides-contextuelles-§8-—-m-47924--lui-même-une-aide-déjà-vue-local/error-context.md


[1A[2K[5/103] [local] › tests/e2e/aides-contextuelles.spec.js:137:1 › §8 — une aide ne bloque rien : pas de modale, pas de voile
[1A[2K  5) [local] › tests/e2e/aides-contextuelles.spec.js:137:1 › §8 — une aide ne bloque rien : pas de modale, pas de voile 

    Error: browserType.launch: Executable doesn't exist at /opt/pw-browsers/chromium_headless_shell-1223/chrome-headless-shell-linux64/chrome-headless-shell
    ╔════════════════════════════════════════════════════════════╗
    ║ Looks like Playwright was just installed or updated.       ║
    ║ Please run the following command to download new browsers: ║
    ║                                                            ║
    ║     npx playwright install                                 ║
    ║                                                            ║
    ║ <3 Playwright Team                                         ║
    ╚════════════════════════════════════════════════════════════╝

    Error Context: test-results/aides-contextuelles-§8-—-u-59d9c--pas-de-modale-pas-de-voile-local/error-context.md


[1A[2K[6/103] [local] › tests/e2e/aides-contextuelles.spec.js:167:1 › §8 — changer d'écran retire l'aide au lieu de la laisser flotter
[1A[2K  6) [local] › tests/e2e/aides-contextuelles.spec.js:167:1 › §8 — changer d'écran retire l'aide au lieu de la laisser flotter 

    Error: browserType.launch: Executable doesn't exist at /opt/pw-browsers/chromium_headless_shell-1223/chrome-headless-shell-linux64/chrome-headless-shell
    ╔════════════════════════════════════════════════════════════╗
    ║ Looks like Playwright was just installed or updated.       ║
    ║ Please run the following command to download new browsers: ║
    ║                                                            ║
    ║     npx playwright install                                 ║
    ║                                                            ║
    ║ <3 Playwright Team                                         ║
    ╚════════════════════════════════════════════════════════════╝

    Error Context: test-results/aides-contextuelles-§8-—-c-80ec9--lieu-de-la-laisser-flotter-local/error-context.md


[1A[2K[7/103] [local] › tests/e2e/aides-contextuelles.spec.js:175:1 › §8 — l'aide « second profil » ne s'affiche que si l'utilisateur n'en a qu'un
[1A[2K  7) [local] › tests/e2e/aides-contextuelles.spec.js:175:1 › §8 — l'aide « second profil » ne s'affiche que si l'utilisateur n'en a qu'un 

    Error: browserType.launch: Executable doesn't exist at /opt/pw-browsers/chromium_headless_shell-1223/chrome-headless-shell-linux64/chrome-headless-shell
    ╔════════════════════════════════════════════════════════════╗
    ║ Looks like Playwright was just installed or updated.       ║
    ║ Please run the following command to download new browsers: ║
    ║                                                            ║
    ║     npx playwright install                                 ║
    ║                                                            ║
    ║ <3 Playwright Team                                         ║
    ╚════════════════════════════════════════════════════════════╝

    Error Context: test-results/aides-contextuelles-§8-—-l-1f64d--l-utilisateur-n-en-a-qu-un-local/error-context.md


[1A[2K[8/103] [local] › tests/e2e/aides-contextuelles.spec.js:196:1 › §8 — avec un seul profil, l'aide « second profil » s'affiche
[1A[2K  8) [local] › tests/e2e/aides-contextuelles.spec.js:196:1 › §8 — avec un seul profil, l'aide « second profil » s'affiche 

    Error: browserType.launch: Executable doesn't exist at /opt/pw-browsers/chromium_headless_shell-1223/chrome-headless-shell-linux64/chrome-headless-shell
    ╔════════════════════════════════════════════════════════════╗
    ║ Looks like Playwright was just installed or updated.       ║
    ║ Please run the following command to download new browsers: ║
    ║                                                            ║
    ║     npx playwright install                                 ║
    ║                                                            ║
    ║ <3 Playwright Team                                         ║
    ╚════════════════════════════════════════════════════════════╝

    Error Context: test-results/aides-contextuelles-§8-—-a-a4a7e-«-second-profil-»-s-affiche-local/error-context.md


[1A[2K[9/103] [local] › tests/e2e/aides-contextuelles.spec.js:223:1 › §8 — sans UI-6B, l'aide « second profil » trouve encore une ancre
[1A[2K  9) [local] › tests/e2e/aides-contextuelles.spec.js:223:1 › §8 — sans UI-6B, l'aide « second profil » trouve encore une ancre 

    Error: browserType.launch: Executable doesn't exist at /opt/pw-browsers/chromium_headless_shell-1223/chrome-headless-shell-linux64/chrome-headless-shell
    ╔════════════════════════════════════════════════════════════╗
    ║ Looks like Playwright was just installed or updated.       ║
    ║ Please run the following command to download new browsers: ║
    ║                                                            ║
    ║     npx playwright install                                 ║
    ║                                                            ║
    ║ <3 Playwright Team                                         ║
    ╚════════════════════════════════════════════════════════════╝

    Error Context: test-results/aides-contextuelles-§8-—-s-02e87-l-»-trouve-encore-une-ancre-local/error-context.md


[1A[2K[10/103] [local] › tests/e2e/aides-contextuelles.spec.js:249:1 › §8 — le texte affiché est celui de HINTS, sans contenu utilisateur
[1A[2K  10) [local] › tests/e2e/aides-contextuelles.spec.js:249:1 › §8 — le texte affiché est celui de HINTS, sans contenu utilisateur 

    Error: browserType.launch: Executable doesn't exist at /opt/pw-browsers/chromium_headless_shell-1223/chrome-headless-shell-linux64/chrome-headless-shell
    ╔════════════════════════════════════════════════════════════╗
    ║ Looks like Playwright was just installed or updated.       ║
    ║ Please run the following command to download new browsers: ║
    ║                                                            ║
    ║     npx playwright install                                 ║
    ║                                                            ║
    ║ <3 Playwright Team                                         ║
    ╚════════════════════════════════════════════════════════════╝

    Error Context: test-results/aides-contextuelles-§8-—-l-73262-TS-sans-contenu-utilisateur-local/error-context.md


[1A[2K[11/103] [local] › tests/e2e/connexion-compte-existant.spec.js:69:3 › Carte de bienvenue › propose une connexion au compte déjà créé, sans geste préalable
[1A[2K  11) [local] › tests/e2e/connexion-compte-existant.spec.js:69:3 › Carte de bienvenue › propose une connexion au compte déjà créé, sans geste préalable 

    Error: browserType.launch: Executable doesn't exist at /opt/pw-browsers/chromium_headless_shell-1223/chrome-headless-shell-linux64/chrome-headless-shell
    ╔════════════════════════════════════════════════════════════╗
    ║ Looks like Playwright was just installed or updated.       ║
    ║ Please run the following command to download new browsers: ║
    ║                                                            ║
    ║     npx playwright install                                 ║
    ║                                                            ║
    ║ <3 Playwright Team                                         ║
    ╚════════════════════════════════════════════════════════════╝

    Error Context: test-results/connexion-compte-existant--8b3da-à-créé-sans-geste-préalable-local/error-context.md


[1A[2K[12/103] [local] › tests/e2e/connexion-compte-existant.spec.js:88:3 › Carte de bienvenue › « Continuer à explorer » ramène au fil, sans compte créé
[1A[2K  12) [local] › tests/e2e/connexion-compte-existant.spec.js:88:3 › Carte de bienvenue › « Continuer à explorer » ramène au fil, sans compte créé 

    Error: browserType.launch: Executable doesn't exist at /opt/pw-browsers/chromium_headless_shell-1223/chrome-headless-shell-linux64/chrome-headless-shell
    ╔════════════════════════════════════════════════════════════╗
    ║ Looks like Playwright was just installed or updated.       ║
    ║ Please run the following command to download new browsers: ║
    ║                                                            ║
    ║     npx playwright install                                 ║
    ║                                                            ║
    ║ <3 Playwright Team                                         ║
    ╚════════════════════════════════════════════════════════════╝

    Error Context: test-results/connexion-compte-existant--f72e2-ène-au-fil-sans-compte-créé-local/error-context.md


[1A[2K[13/103] [local] › tests/e2e/connexion-compte-existant.spec.js:104:3 › Paramètres → Compte › un visiteur y lit « J'ai déjà un compte » — et pas « Se déconnecter »
[1A[2K  13) [local] › tests/e2e/connexion-compte-existant.spec.js:104:3 › Paramètres → Compte › un visiteur y lit « J'ai déjà un compte » — et pas « Se déconnecter » 

    Error: browserType.launch: Executable doesn't exist at /opt/pw-browsers/chromium_headless_shell-1223/chrome-headless-shell-linux64/chrome-headless-shell
    ╔════════════════════════════════════════════════════════════╗
    ║ Looks like Playwright was just installed or updated.       ║
    ║ Please run the following command to download new browsers: ║
    ║                                                            ║
    ║     npx playwright install                                 ║
    ║                                                            ║
    ║ <3 Playwright Team                                         ║
    ╚════════════════════════════════════════════════════════════╝

    Error Context: test-results/connexion-compte-existant--c6237-—-et-pas-«-Se-déconnecter-»-local/error-context.md


[1A[2K[14/103] [local] › tests/e2e/connexion-compte-existant.spec.js:124:3 › Paramètres → Compte › un compte connecté y lit « Se connecter avec un autre compte »
[1A[2K  14) [local] › tests/e2e/connexion-compte-existant.spec.js:124:3 › Paramètres → Compte › un compte connecté y lit « Se connecter avec un autre compte » 

    Error: browserType.launch: Executable doesn't exist at /opt/pw-browsers/chromium_headless_shell-1223/chrome-headless-shell-linux64/chrome-headless-shell
    ╔════════════════════════════════════════════════════════════╗
    ║ Looks like Playwright was just installed or updated.       ║
    ║ Please run the following command to download new browsers: ║
    ║                                                            ║
    ║     npx playwright install                                 ║
    ║                                                            ║
    ║ <3 Playwright Team                                         ║
    ╚════════════════════════════════════════════════════════════╝

    Error Context: test-results/connexion-compte-existant--626b9-cter-avec-un-autre-compte-»-local/error-context.md


[1A[2K[15/103] [local] › tests/e2e/connexion-compte-existant.spec.js:156:3 › Déconnexion › l'intention de reconnexion SURVIT à la purge des clés de compte
[1A[2K  15) [local] › tests/e2e/connexion-compte-existant.spec.js:156:3 › Déconnexion › l'intention de reconnexion SURVIT à la purge des clés de compte 

    Error: browserType.launch: Executable doesn't exist at /opt/pw-browsers/chromium_headless_shell-1223/chrome-headless-shell-linux64/chrome-headless-shell
    ╔════════════════════════════════════════════════════════════╗
    ║ Looks like Playwright was just installed or updated.       ║
    ║ Please run the following command to download new browsers: ║
    ║                                                            ║
    ║     npx playwright install                                 ║
    ║                                                            ║
    ║ <3 Playwright Team                                         ║
    ╚════════════════════════════════════════════════════════════╝

    Error Context: test-results/connexion-compte-existant--f540f-la-purge-des-clés-de-compte-local/error-context.md


[1A[2K[16/103] [local] › tests/e2e/connexion-compte-existant.spec.js:180:3 › Déconnexion › après la déconnexion, l'écran de connexion s'ouvre — pas le fil invité
[1A[2K  16) [local] › tests/e2e/connexion-compte-existant.spec.js:180:3 › Déconnexion › après la déconnexion, l'écran de connexion s'ouvre — pas le fil invité 

    Error: browserType.launch: Executable doesn't exist at /opt/pw-browsers/chromium_headless_shell-1223/chrome-headless-shell-linux64/chrome-headless-shell
    ╔════════════════════════════════════════════════════════════╗
    ║ Looks like Playwright was just installed or updated.       ║
    ║ Please run the following command to download new browsers: ║
    ║                                                            ║
    ║     npx playwright install                                 ║
    ║                                                            ║
    ║ <3 Playwright Team                                         ║
    ╚════════════════════════════════════════════════════════════╝

    Error Context: test-results/connexion-compte-existant--12b26-s-ouvre-—-pas-le-fil-invité-local/error-context.md


[1A[2K[17/103] [local] › tests/e2e/connexion-compte-existant.spec.js:195:3 › Déconnexion › l'intention consommée ne rouvre pas la connexion au rechargement suivant
[1A[2K  17) [local] › tests/e2e/connexion-compte-existant.spec.js:195:3 › Déconnexion › l'intention consommée ne rouvre pas la connexion au rechargement suivant 

    Error: browserType.launch: Executable doesn't exist at /opt/pw-browsers/chromium_headless_shell-1223/chrome-headless-shell-linux64/chrome-headless-shell
    ╔════════════════════════════════════════════════════════════╗
    ║ Looks like Playwright was just installed or updated.       ║
    ║ Please run the following command to download new browsers: ║
    ║                                                            ║
    ║     npx playwright install                                 ║
    ║                                                            ║
    ║ <3 Playwright Team                                         ║
    ╚════════════════════════════════════════════════════════════╝

    Error Context: test-results/connexion-compte-existant--76d3f-ion-au-rechargement-suivant-local/error-context.md


[1A[2K[18/103] [local] › tests/e2e/connexion-compte-existant.spec.js:210:3 › Déconnexion › « Continuer à explorer » depuis cet écran rend un fil INVITÉ complet
[1A[2K  18) [local] › tests/e2e/connexion-compte-existant.spec.js:210:3 › Déconnexion › « Continuer à explorer » depuis cet écran rend un fil INVITÉ complet 

    Error: browserType.launch: Executable doesn't exist at /opt/pw-browsers/chromium_headless_shell-1223/chrome-headless-shell-linux64/chrome-headless-shell
    ╔════════════════════════════════════════════════════════════╗
    ║ Looks like Playwright was just installed or updated.       ║
    ║ Please run the following command to download new browsers: ║
    ║                                                            ║
    ║     npx playwright install                                 ║
    ║                                                            ║
    ║ <3 Playwright Team                                         ║
    ╚════════════════════════════════════════════════════════════╝

    Error Context: test-results/connexion-compte-existant--51cf1--rend-un-fil-INVITÉ-complet-local/error-context.md


[1A[2K[19/103] [local] › tests/e2e/connexion-compte-existant.spec.js:233:3 › Déconnexion › drapeau coupé : la landing historique reprend la main, pas l'écran d'auth
[1A[2K  19) [local] › tests/e2e/connexion-compte-existant.spec.js:233:3 › Déconnexion › drapeau coupé : la landing historique reprend la main, pas l'écran d'auth 

    Error: browserType.launch: Executable doesn't exist at /opt/pw-browsers/chromium_headless_shell-1223/chrome-headless-shell-linux64/chrome-headless-shell
    ╔════════════════════════════════════════════════════════════╗
    ║ Looks like Playwright was just installed or updated.       ║
    ║ Please run the following command to download new browsers: ║
    ║                                                            ║
    ║     npx playwright install                                 ║
    ║                                                            ║
    ║ <3 Playwright Team                                         ║
    ╚════════════════════════════════════════════════════════════╝

    Error Context: test-results/connexion-compte-existant--4e66c--la-main-pas-l-écran-d-auth-local/error-context.md


[1A[2K[20/103] [local] › tests/e2e/connexion-compte-existant.spec.js:260:3 › Déconnexion › une intention PÉRIMÉE est ignorée : le fil invité, pas un mur de connexion
[1A[2K  20) [local] › tests/e2e/connexion-compte-existant.spec.js:260:3 › Déconnexion › une intention PÉRIMÉE est ignorée : le fil invité, pas un mur de connexion 

    Error: browserType.launch: Executable doesn't exist at /opt/pw-browsers/chromium_headless_shell-1223/chrome-headless-shell-linux64/chrome-headless-shell
    ╔════════════════════════════════════════════════════════════╗
    ║ Looks like Playwright was just installed or updated.       ║
    ║ Please run the following command to download new browsers: ║
    ║                                                            ║
    ║     npx playwright install                                 ║
    ║                                                            ║
    ║ <3 Playwright Team                                         ║
    ╚════════════════════════════════════════════════════════════╝

    Error Context: test-results/connexion-compte-existant--fd609-ité-pas-un-mur-de-connexion-local/error-context.md


[1A[2K[21/103] [local] › tests/e2e/connexion-compte-existant.spec.js:275:3 › Déconnexion › doLogout() SANS argument ne pose aucune intention
[1A[2K  21) [local] › tests/e2e/connexion-compte-existant.spec.js:275:3 › Déconnexion › doLogout() SANS argument ne pose aucune intention 

    Error: browserType.launch: Executable doesn't exist at /opt/pw-browsers/chromium_headless_shell-1223/chrome-headless-shell-linux64/chrome-headless-shell
    ╔════════════════════════════════════════════════════════════╗
    ║ Looks like Playwright was just installed or updated.       ║
    ║ Please run the following command to download new browsers: ║
    ║                                                            ║
    ║     npx playwright install                                 ║
    ║                                                            ║
    ║ <3 Playwright Team                                         ║
    ╚════════════════════════════════════════════════════════════╝

    Error Context: test-results/connexion-compte-existant--8596d-nt-ne-pose-aucune-intention-local/error-context.md


[1A[2K[22/103] [local] › tests/e2e/connexion-compte-existant.spec.js:286:3 › Déconnexion › un signOut qui ÉCHOUE ne laisse pas la session ouverte pour autant
[1A[2K  22) [local] › tests/e2e/connexion-compte-existant.spec.js:286:3 › Déconnexion › un signOut qui ÉCHOUE ne laisse pas la session ouverte pour autant 

    Error: browserType.launch: Executable doesn't exist at /opt/pw-browsers/chromium_headless_shell-1223/chrome-headless-shell-linux64/chrome-headless-shell
    ╔════════════════════════════════════════════════════════════╗
    ║ Looks like Playwright was just installed or updated.       ║
    ║ Please run the following command to download new browsers: ║
    ║                                                            ║
    ║     npx playwright install                                 ║
    ║                                                            ║
    ║ <3 Playwright Team                                         ║
    ╚════════════════════════════════════════════════════════════╝

    Error Context: test-results/connexion-compte-existant--61f87-session-ouverte-pour-autant-local/error-context.md


[1A[2K[23/103] [local] › tests/e2e/connexion-compte-existant.spec.js:300:3 › Déconnexion › purgerJetonAuthLocal ne touche QUE les jetons du SDK
[1A[2K  23) [local] › tests/e2e/connexion-compte-existant.spec.js:300:3 › Déconnexion › purgerJetonAuthLocal ne touche QUE les jetons du SDK 

    Error: browserType.launch: Executable doesn't exist at /opt/pw-browsers/chromium_headless_shell-1223/chrome-headless-shell-linux64/chrome-headless-shell
    ╔════════════════════════════════════════════════════════════╗
    ║ Looks like Playwright was just installed or updated.       ║
    ║ Please run the following command to download new browsers: ║
    ║                                                            ║
    ║     npx playwright install                                 ║
    ║                                                            ║
    ║ <3 Playwright Team                                         ║
    ╚════════════════════════════════════════════════════════════╝

    Error Context: test-results/connexion-compte-existant--896a4-ouche-QUE-les-jetons-du-SDK-local/error-context.md


[1A[2K[24/103] [local] › tests/e2e/connexion-compte-existant.spec.js:323:3 › Déconnexion › le bouton « Se déconnecter » des Paramètres passe bien par la confirmation
[1A[2K  24) [local] › tests/e2e/connexion-compte-existant.spec.js:323:3 › Déconnexion › le bouton « Se déconnecter » des Paramètres passe bien par la confirmation 

    Error: browserType.launch: Executable doesn't exist at /opt/pw-browsers/chromium_headless_shell-1223/chrome-headless-shell-linux64/chrome-headless-shell
    ╔════════════════════════════════════════════════════════════╗
    ║ Looks like Playwright was just installed or updated.       ║
    ║ Please run the following command to download new browsers: ║
    ║                                                            ║
    ║     npx playwright install                                 ║
    ║                                                            ║
    ║ <3 Playwright Team                                         ║
    ╚════════════════════════════════════════════════════════════╝

    Error Context: test-results/connexion-compte-existant--b21aa-se-bien-par-la-confirmation-local/error-context.md


[1A[2K[25/103] [local] › tests/e2e/connexion-compte-existant.spec.js:346:3 › Déconnexion › « Changer de compte » va lui aussi jusqu'à doLogout('signin')
[1A[2K  25) [local] › tests/e2e/connexion-compte-existant.spec.js:346:3 › Déconnexion › « Changer de compte » va lui aussi jusqu'à doLogout('signin') 

    Error: browserType.launch: Executable doesn't exist at /opt/pw-browsers/chromium_headless_shell-1223/chrome-headless-shell-linux64/chrome-headless-shell
    ╔════════════════════════════════════════════════════════════╗
    ║ Looks like Playwright was just installed or updated.       ║
    ║ Please run the following command to download new browsers: ║
    ║                                                            ║
    ║     npx playwright install                                 ║
    ║                                                            ║
    ║ <3 Playwright Team                                         ║
    ╚════════════════════════════════════════════════════════════╝

    Error Context: test-results/connexion-compte-existant--39809-si-jusqu-à-doLogout-signin--local/error-context.md


[1A[2K[26/103] [local] › tests/e2e/first-run.spec.js:18:3 › Entrée › un nouveau visiteur arrive directement dans Découvrir
[1A[2K  26) [local] › tests/e2e/first-run.spec.js:18:3 › Entrée › un nouveau visiteur arrive directement dans Découvrir 

    Error: browserType.launch: Executable doesn't exist at /opt/pw-browsers/chromium_headless_shell-1223/chrome-headless-shell-linux64/chrome-headless-shell
    ╔════════════════════════════════════════════════════════════╗
    ║ Looks like Playwright was just installed or updated.       ║
    ║ Please run the following command to download new browsers: ║
    ║                                                            ║
    ║     npx playwright install                                 ║
    ║                                                            ║
    ║ <3 Playwright Team                                         ║
    ╚════════════════════════════════════════════════════════════╝

    Error Context: test-results/first-run-Entrée-un-nouvea-a9a9e--directement-dans-Découvrir-local/error-context.md


[1A[2K[27/103] [local] › tests/e2e/first-run.spec.js:32:3 › Entrée › aucune demande de géolocalisation ni de notification n'est déclenchée
[1A[2K  27) [local] › tests/e2e/first-run.spec.js:32:3 › Entrée › aucune demande de géolocalisation ni de notification n'est déclenchée 

    Error: browserType.launch: Executable doesn't exist at /opt/pw-browsers/chromium_headless_shell-1223/chrome-headless-shell-linux64/chrome-headless-shell
    ╔════════════════════════════════════════════════════════════╗
    ║ Looks like Playwright was just installed or updated.       ║
    ║ Please run the following command to download new browsers: ║
    ║                                                            ║
    ║     npx playwright install                                 ║
    ║                                                            ║
    ║ <3 Playwright Team                                         ║
    ╚════════════════════════════════════════════════════════════╝

    Error Context: test-results/first-run-Entrée-aucune-de-8a12c-tification-n-est-déclenchée-local/error-context.md


[1A[2K[28/103] [local] › tests/e2e/first-run.spec.js:64:3 › Entrée › aucune écriture Supabase en mode invité — et pas de compte anonyme
[1A[2K  28) [local] › tests/e2e/first-run.spec.js:64:3 › Entrée › aucune écriture Supabase en mode invité — et pas de compte anonyme 

    Error: browserType.launch: Executable doesn't exist at /opt/pw-browsers/chromium_headless_shell-1223/chrome-headless-shell-linux64/chrome-headless-shell
    ╔════════════════════════════════════════════════════════════╗
    ║ Looks like Playwright was just installed or updated.       ║
    ║ Please run the following command to download new browsers: ║
    ║                                                            ║
    ║     npx playwright install                                 ║
    ║                                                            ║
    ║ <3 Playwright Team                                         ║
    ╚════════════════════════════════════════════════════════════╝

    Error Context: test-results/first-run-Entrée-aucune-éc-5eacd--—-et-pas-de-compte-anonyme-local/error-context.md


[1A[2K[29/103] [local] › tests/e2e/first-run.spec.js:93:3 › Entrée › un utilisateur existant n'est jamais renvoyé dans le nouveau parcours
[1A[2K  29) [local] › tests/e2e/first-run.spec.js:93:3 › Entrée › un utilisateur existant n'est jamais renvoyé dans le nouveau parcours 

    Error: browserType.launch: Executable doesn't exist at /opt/pw-browsers/chromium_headless_shell-1223/chrome-headless-shell-linux64/chrome-headless-shell
    ╔════════════════════════════════════════════════════════════╗
    ║ Looks like Playwright was just installed or updated.       ║
    ║ Please run the following command to download new browsers: ║
    ║                                                            ║
    ║     npx playwright install                                 ║
    ║                                                            ║
    ║ <3 Playwright Team                                         ║
    ╚════════════════════════════════════════════════════════════╝

    Error Context: test-results/first-run-Entrée-un-utilis-4c02a-yé-dans-le-nouveau-parcours-local/error-context.md


[1A[2K[30/103] [local] › tests/e2e/first-run.spec.js:123:3 › Entrée › un lien profond garde sa destination, le tour est différé
[1A[2K  30) [local] › tests/e2e/first-run.spec.js:123:3 › Entrée › un lien profond garde sa destination, le tour est différé 

    Error: browserType.launch: Executable doesn't exist at /opt/pw-browsers/chromium_headless_shell-1223/chrome-headless-shell-linux64/chrome-headless-shell
    ╔════════════════════════════════════════════════════════════╗
    ║ Looks like Playwright was just installed or updated.       ║
    ║ Please run the following command to download new browsers: ║
    ║                                                            ║
    ║     npx playwright install                                 ║
    ║                                                            ║
    ║ <3 Playwright Team                                         ║
    ╚════════════════════════════════════════════════════════════╝

    Error Context: test-results/first-run-Entrée-un-lien-p-b61c2-ination-le-tour-est-différé-local/error-context.md


[1A[2K[31/103] [local] › tests/e2e/first-run.spec.js:148:3 › Carte de bienvenue › elle s'affiche, ne masque pas l'écran, et se ferme sans revenir
[1A[2K  31) [local] › tests/e2e/first-run.spec.js:148:3 › Carte de bienvenue › elle s'affiche, ne masque pas l'écran, et se ferme sans revenir 

    Error: browserType.launch: Executable doesn't exist at /opt/pw-browsers/chromium_headless_shell-1223/chrome-headless-shell-linux64/chrome-headless-shell
    ╔════════════════════════════════════════════════════════════╗
    ║ Looks like Playwright was just installed or updated.       ║
    ║ Please run the following command to download new browsers: ║
    ║                                                            ║
    ║     npx playwright install                                 ║
    ║                                                            ║
    ║ <3 Playwright Team                                         ║
    ╚════════════════════════════════════════════════════════════╝

    Error Context: test-results/first-run-Carte-de-bienven-2102e-an-et-se-ferme-sans-revenir-local/error-context.md


[1A[2K[32/103] [local] › tests/e2e/first-run.spec.js:175:3 › Carte de bienvenue › tant qu'aucun compte n'existe, elle REVIENT à la visite suivante
[1A[2K  32) [local] › tests/e2e/first-run.spec.js:175:3 › Carte de bienvenue › tant qu'aucun compte n'existe, elle REVIENT à la visite suivante 

    Error: browserType.launch: Executable doesn't exist at /opt/pw-browsers/chromium_headless_shell-1223/chrome-headless-shell-linux64/chrome-headless-shell
    ╔════════════════════════════════════════════════════════════╗
    ║ Looks like Playwright was just installed or updated.       ║
    ║ Please run the following command to download new browsers: ║
    ║                                                            ║
    ║     npx playwright install                                 ║
    ║                                                            ║
    ║ <3 Playwright Team                                         ║
    ╚════════════════════════════════════════════════════════════╝

    Error Context: test-results/first-run-Carte-de-bienven-b25a4-EVIENT-à-la-visite-suivante-local/error-context.md


[1A[2K[33/103] [local] › tests/e2e/first-run.spec.js:214:3 › Carte de bienvenue › quand des passions sont déjà choisies, la carte le DIT au lieu de répéter « Bienvenue »
[1A[2K  33) [local] › tests/e2e/first-run.spec.js:214:3 › Carte de bienvenue › quand des passions sont déjà choisies, la carte le DIT au lieu de répéter « Bienvenue » 

    Error: browserType.launch: Executable doesn't exist at /opt/pw-browsers/chromium_headless_shell-1223/chrome-headless-shell-linux64/chrome-headless-shell
    ╔════════════════════════════════════════════════════════════╗
    ║ Looks like Playwright was just installed or updated.       ║
    ║ Please run the following command to download new browsers: ║
    ║                                                            ║
    ║     npx playwright install                                 ║
    ║                                                            ║
    ║ <3 Playwright Team                                         ║
    ╚════════════════════════════════════════════════════════════╝

    Error Context: test-results/first-run-Carte-de-bienven-55c5a-eu-de-répéter-«-Bienvenue-»-local/error-context.md


[1A[2K[34/103] [local] › tests/e2e/first-run.spec.js:234:3 › Personnalisation › le panneau propose les populaires, la recherche, tout le catalogue et les spécialités
[1A[2K  34) [local] › tests/e2e/first-run.spec.js:234:3 › Personnalisation › le panneau propose les populaires, la recherche, tout le catalogue et les spécialités 

    Error: browserType.launch: Executable doesn't exist at /opt/pw-browsers/chromium_headless_shell-1223/chrome-headless-shell-linux64/chrome-headless-shell
    ╔════════════════════════════════════════════════════════════╗
    ║ Looks like Playwright was just installed or updated.       ║
    ║ Please run the following command to download new browsers: ║
    ║                                                            ║
    ║     npx playwright install                                 ║
    ║                                                            ║
    ║ <3 Playwright Team                                         ║
    ╚════════════════════════════════════════════════════════════╝

    Error Context: test-results/first-run-Personnalisation-5b655-atalogue-et-les-spécialités-local/error-context.md


[1A[2K[35/103] [local] › tests/e2e/first-run.spec.js:259:3 › Personnalisation › choisir une spécialité sélectionne automatiquement sa passion principale
[1A[2K  35) [local] › tests/e2e/first-run.spec.js:259:3 › Personnalisation › choisir une spécialité sélectionne automatiquement sa passion principale 

    Error: browserType.launch: Executable doesn't exist at /opt/pw-browsers/chromium_headless_shell-1223/chrome-headless-shell-linux64/chrome-headless-shell
    ╔════════════════════════════════════════════════════════════╗
    ║ Looks like Playwright was just installed or updated.       ║
    ║ Please run the following command to download new browsers: ║
    ║                                                            ║
    ║     npx playwright install                                 ║
    ║                                                            ║
    ║ <3 Playwright Team                                         ║
    ╚════════════════════════════════════════════════════════════╝

    Error Context: test-results/first-run-Personnalisation-4c25d-ement-sa-passion-principale-local/error-context.md


[1A[2K[36/103] [local] › tests/e2e/first-run.spec.js:274:3 › Personnalisation › après validation, le Fil se personnalise IMMÉDIATEMENT, sans rechargement
[1A[2K  36) [local] › tests/e2e/first-run.spec.js:274:3 › Personnalisation › après validation, le Fil se personnalise IMMÉDIATEMENT, sans rechargement 

    Error: browserType.launch: Executable doesn't exist at /opt/pw-browsers/chromium_headless_shell-1223/chrome-headless-shell-linux64/chrome-headless-shell
    ╔════════════════════════════════════════════════════════════╗
    ║ Looks like Playwright was just installed or updated.       ║
    ║ Please run the following command to download new browsers: ║
    ║                                                            ║
    ║     npx playwright install                                 ║
    ║                                                            ║
    ║ <3 Playwright Team                                         ║
    ╚════════════════════════════════════════════════════════════╝

    Error Context: test-results/first-run-Personnalisation-85fa3-DIATEMENT-sans-rechargement-local/error-context.md


[1A[2K[37/103] [local] › tests/e2e/first-run.spec.js:312:3 › Personnalisation › une spécialité choisie arrive dans le fil, et sa bulle la NOMME
[1A[2K  37) [local] › tests/e2e/first-run.spec.js:312:3 › Personnalisation › une spécialité choisie arrive dans le fil, et sa bulle la NOMME 

    Error: browserType.launch: Executable doesn't exist at /opt/pw-browsers/chromium_headless_shell-1223/chrome-headless-shell-linux64/chrome-headless-shell
    ╔════════════════════════════════════════════════════════════╗
    ║ Looks like Playwright was just installed or updated.       ║
    ║ Please run the following command to download new browsers: ║
    ║                                                            ║
    ║     npx playwright install                                 ║
    ║                                                            ║
    ║ <3 Playwright Team                                         ║
    ╚════════════════════════════════════════════════════════════╝

    Error Context: test-results/first-run-Personnalisation-11b8e-le-fil-et-sa-bulle-la-NOMME-local/error-context.md


[1A[2K[38/103] [local] › tests/e2e/first-run.spec.js:346:3 › Personnalisation › le référentiel plat n'est demandé au démarrage QUE si une spécialité l'exige
[1A[2K  38) [local] › tests/e2e/first-run.spec.js:346:3 › Personnalisation › le référentiel plat n'est demandé au démarrage QUE si une spécialité l'exige 

    Error: browserType.launch: Executable doesn't exist at /opt/pw-browsers/chromium_headless_shell-1223/chrome-headless-shell-linux64/chrome-headless-shell
    ╔════════════════════════════════════════════════════════════╗
    ║ Looks like Playwright was just installed or updated.       ║
    ║ Please run the following command to download new browsers: ║
    ║                                                            ║
    ║     npx playwright install                                 ║
    ║                                                            ║
    ║ <3 Playwright Team                                         ║
    ╚════════════════════════════════════════════════════════════╝

    Error Context: test-results/first-run-Personnalisation-e078f-E-si-une-spécialité-l-exige-local/error-context.md


[1A[2K[39/103] [local] › tests/e2e/first-run.spec.js:358:3 › Personnalisation › … et il l'est quand une spécialité déjà choisie doit être nommée
[1A[2K  39) [local] › tests/e2e/first-run.spec.js:358:3 › Personnalisation › … et il l'est quand une spécialité déjà choisie doit être nommée 

    Error: browserType.launch: Executable doesn't exist at /opt/pw-browsers/chromium_headless_shell-1223/chrome-headless-shell-linux64/chrome-headless-shell
    ╔════════════════════════════════════════════════════════════╗
    ║ Looks like Playwright was just installed or updated.       ║
    ║ Please run the following command to download new browsers: ║
    ║                                                            ║
    ║     npx playwright install                                 ║
    ║                                                            ║
    ║ <3 Playwright Team                                         ║
    ╚════════════════════════════════════════════════════════════╝

    Error Context: test-results/first-run-Personnalisation-54161-jà-choisie-doit-être-nommée-local/error-context.md


[1A[2K[40/103] [local] › tests/e2e/first-run.spec.js:374:3 › Tour contextuel › trois indications au maximum, non bloquantes, mémorisées, relançables
[1A[2K  40) [local] › tests/e2e/first-run.spec.js:374:3 › Tour contextuel › trois indications au maximum, non bloquantes, mémorisées, relançables 

    Error: browserType.launch: Executable doesn't exist at /opt/pw-browsers/chromium_headless_shell-1223/chrome-headless-shell-linux64/chrome-headless-shell
    ╔════════════════════════════════════════════════════════════╗
    ║ Looks like Playwright was just installed or updated.       ║
    ║ Please run the following command to download new browsers: ║
    ║                                                            ║
    ║     npx playwright install                                 ║
    ║                                                            ║
    ║ <3 Playwright Team                                         ║
    ╚════════════════════════════════════════════════════════════╝

    Error Context: test-results/first-run-Tour-contextuel--776e1-ntes-mémorisées-relançables-local/error-context.md


[1A[2K[41/103] [local] › tests/e2e/first-run.spec.js:405:3 › Tour contextuel › l'étape « Rencontrer » apparaît à la première ouverture de l'écran IRL
[1A[2K  41) [local] › tests/e2e/first-run.spec.js:405:3 › Tour contextuel › l'étape « Rencontrer » apparaît à la première ouverture de l'écran IRL 

    Error: browserType.launch: Executable doesn't exist at /opt/pw-browsers/chromium_headless_shell-1223/chrome-headless-shell-linux64/chrome-headless-shell
    ╔════════════════════════════════════════════════════════════╗
    ║ Looks like Playwright was just installed or updated.       ║
    ║ Please run the following command to download new browsers: ║
    ║                                                            ║
    ║     npx playwright install                                 ║
    ║                                                            ║
    ║ <3 Playwright Team                                         ║
    ╚════════════════════════════════════════════════════════════╝

    Error Context: test-results/first-run-Tour-contextuel--e9428-re-ouverture-de-l-écran-IRL-local/error-context.md


[1A[2K[42/103] [local] › tests/e2e/first-run.spec.js:415:3 › Tour contextuel › navigation clavier : Entrée active une seule fois, Échap ferme
[1A[2K  42) [local] › tests/e2e/first-run.spec.js:415:3 › Tour contextuel › navigation clavier : Entrée active une seule fois, Échap ferme 

    Error: browserType.launch: Executable doesn't exist at /opt/pw-browsers/chromium_headless_shell-1223/chrome-headless-shell-linux64/chrome-headless-shell
    ╔════════════════════════════════════════════════════════════╗
    ║ Looks like Playwright was just installed or updated.       ║
    ║ Please run the following command to download new browsers: ║
    ║                                                            ║
    ║     npx playwright install                                 ║
    ║                                                            ║
    ║ <3 Playwright Team                                         ║
    ╚════════════════════════════════════════════════════════════╝

    Error Context: test-results/first-run-Tour-contextuel--3fcda--une-seule-fois-Échap-ferme-local/error-context.md


[1A[2K[43/103] [local] › tests/e2e/first-run.spec.js:446:3 › Tour contextuel › le premier tour s'arrête à trois étapes ; Profil, Messages et Studio ont la leur, à part
[1A[2K  43) [local] › tests/e2e/first-run.spec.js:446:3 › Tour contextuel › le premier tour s'arrête à trois étapes ; Profil, Messages et Studio ont la leur, à part 

    Error: browserType.launch: Executable doesn't exist at /opt/pw-browsers/chromium_headless_shell-1223/chrome-headless-shell-linux64/chrome-headless-shell
    ╔════════════════════════════════════════════════════════════╗
    ║ Looks like Playwright was just installed or updated.       ║
    ║ Please run the following command to download new browsers: ║
    ║                                                            ║
    ║     npx playwright install                                 ║
    ║                                                            ║
    ║ <3 Playwright Team                                         ║
    ╚════════════════════════════════════════════════════════════╝

    Error Context: test-results/first-run-Tour-contextuel--07bdf-t-Studio-ont-la-leur-à-part-local/error-context.md


[1A[2K[44/103] [local] › tests/e2e/first-run.spec.js:509:5 › Aides au geste › toucher passions explique passions, une seule fois
[1A[2K  44) [local] › tests/e2e/first-run.spec.js:509:5 › Aides au geste › toucher passions explique passions, une seule fois 

    Error: browserType.launch: Executable doesn't exist at /opt/pw-browsers/chromium_headless_shell-1223/chrome-headless-shell-linux64/chrome-headless-shell
    ╔════════════════════════════════════════════════════════════╗
    ║ Looks like Playwright was just installed or updated.       ║
    ║ Please run the following command to download new browsers: ║
    ║                                                            ║
    ║     npx playwright install                                 ║
    ║                                                            ║
    ║ <3 Playwright Team                                         ║
    ╚════════════════════════════════════════════════════════════╝

    Error Context: test-results/first-run-Aides-au-geste-t-4f893-que-passions-une-seule-fois-local/error-context.md


[1A[2K[45/103] [local] › tests/e2e/first-run.spec.js:509:5 › Aides au geste › toucher envies explique envies, une seule fois
[1A[2K  45) [local] › tests/e2e/first-run.spec.js:509:5 › Aides au geste › toucher envies explique envies, une seule fois 

    Error: browserType.launch: Executable doesn't exist at /opt/pw-browsers/chromium_headless_shell-1223/chrome-headless-shell-linux64/chrome-headless-shell
    ╔════════════════════════════════════════════════════════════╗
    ║ Looks like Playwright was just installed or updated.       ║
    ║ Please run the following command to download new browsers: ║
    ║                                                            ║
    ║     npx playwright install                                 ║
    ║                                                            ║
    ║ <3 Playwright Team                                         ║
    ╚════════════════════════════════════════════════════════════╝

    Error Context: test-results/first-run-Aides-au-geste-t-d8bc9-lique-envies-une-seule-fois-local/error-context.md


[1A[2K[46/103] [local] › tests/e2e/first-run.spec.js:509:5 › Aides au geste › toucher stories explique stories, une seule fois
[1A[2K  46) [local] › tests/e2e/first-run.spec.js:509:5 › Aides au geste › toucher stories explique stories, une seule fois 

    Error: browserType.launch: Executable doesn't exist at /opt/pw-browsers/chromium_headless_shell-1223/chrome-headless-shell-linux64/chrome-headless-shell
    ╔════════════════════════════════════════════════════════════╗
    ║ Looks like Playwright was just installed or updated.       ║
    ║ Please run the following command to download new browsers: ║
    ║                                                            ║
    ║     npx playwright install                                 ║
    ║                                                            ║
    ║ <3 Playwright Team                                         ║
    ╚════════════════════════════════════════════════════════════╝

    Error Context: test-results/first-run-Aides-au-geste-t-27628-ique-stories-une-seule-fois-local/error-context.md


[1A[2K[47/103] [local] › tests/e2e/first-run.spec.js:544:3 › Aides au geste › le geste n'est jamais empêché : la commande touchée agit quand même
[1A[2K  47) [local] › tests/e2e/first-run.spec.js:544:3 › Aides au geste › le geste n'est jamais empêché : la commande touchée agit quand même 

    Error: browserType.launch: Executable doesn't exist at /opt/pw-browsers/chromium_headless_shell-1223/chrome-headless-shell-linux64/chrome-headless-shell
    ╔════════════════════════════════════════════════════════════╗
    ║ Looks like Playwright was just installed or updated.       ║
    ║ Please run the following command to download new browsers: ║
    ║                                                            ║
    ║     npx playwright install                                 ║
    ║                                                            ║
    ║ <3 Playwright Team                                         ║
    ╚════════════════════════════════════════════════════════════╝

    Error Context: test-results/first-run-Aides-au-geste-l-60da3-nde-touchée-agit-quand-même-local/error-context.md


[1A[2K[48/103] [local] › tests/e2e/first-run.spec.js:570:3 › Aides au geste › toute aide déclarée a une ancre RÉELLEMENT atteignable
[1A[2K  48) [local] › tests/e2e/first-run.spec.js:570:3 › Aides au geste › toute aide déclarée a une ancre RÉELLEMENT atteignable 

    Error: browserType.launch: Executable doesn't exist at /opt/pw-browsers/chromium_headless_shell-1223/chrome-headless-shell-linux64/chrome-headless-shell
    ╔════════════════════════════════════════════════════════════╗
    ║ Looks like Playwright was just installed or updated.       ║
    ║ Please run the following command to download new browsers: ║
    ║                                                            ║
    ║     npx playwright install                                 ║
    ║                                                            ║
    ║ <3 Playwright Team                                         ║
    ╚════════════════════════════════════════════════════════════╝

    Error Context: test-results/first-run-Aides-au-geste-t-65fc5-ncre-RÉELLEMENT-atteignable-local/error-context.md


[1A[2K[49/103] [local] › tests/e2e/first-run.spec.js:613:3 › Aides au geste › jamais deux bulles à l'écran en même temps
[1A[2K  49) [local] › tests/e2e/first-run.spec.js:613:3 › Aides au geste › jamais deux bulles à l'écran en même temps 

    Error: browserType.launch: Executable doesn't exist at /opt/pw-browsers/chromium_headless_shell-1223/chrome-headless-shell-linux64/chrome-headless-shell
    ╔════════════════════════════════════════════════════════════╗
    ║ Looks like Playwright was just installed or updated.       ║
    ║ Please run the following command to download new browsers: ║
    ║                                                            ║
    ║     npx playwright install                                 ║
    ║                                                            ║
    ║ <3 Playwright Team                                         ║
    ╚════════════════════════════════════════════════════════════╝

    Error Context: test-results/first-run-Aides-au-geste-j-d7d89-les-à-l-écran-en-même-temps-local/error-context.md


[1A[2K[50/103] [local] › tests/e2e/first-run.spec.js:627:3 › Gate d'authentification › le gate EXPLIQUE l'action demandée, et propose trois issues
[1A[2K  50) [local] › tests/e2e/first-run.spec.js:627:3 › Gate d'authentification › le gate EXPLIQUE l'action demandée, et propose trois issues 

    Error: browserType.launch: Executable doesn't exist at /opt/pw-browsers/chromium_headless_shell-1223/chrome-headless-shell-linux64/chrome-headless-shell
    ╔════════════════════════════════════════════════════════════╗
    ║ Looks like Playwright was just installed or updated.       ║
    ║ Please run the following command to download new browsers: ║
    ║                                                            ║
    ║     npx playwright install                                 ║
    ║                                                            ║
    ║ <3 Playwright Team                                         ║
    ╚════════════════════════════════════════════════════════════╝

    Error Context: test-results/first-run-Gate-d-authentif-233ad-dée-et-propose-trois-issues-local/error-context.md


[1A[2K[51/103] [local] › tests/e2e/first-run.spec.js:650:3 › Gate d'authentification › un like de visiteur est ARRÊTÉ : ni état local modifié, ni écriture
[1A[2K  51) [local] › tests/e2e/first-run.spec.js:650:3 › Gate d'authentification › un like de visiteur est ARRÊTÉ : ni état local modifié, ni écriture 

    Error: browserType.launch: Executable doesn't exist at /opt/pw-browsers/chromium_headless_shell-1223/chrome-headless-shell-linux64/chrome-headless-shell
    ╔════════════════════════════════════════════════════════════╗
    ║ Looks like Playwright was just installed or updated.       ║
    ║ Please run the following command to download new browsers: ║
    ║                                                            ║
    ║     npx playwright install                                 ║
    ║                                                            ║
    ║ <3 Playwright Team                                         ║
    ╚════════════════════════════════════════════════════════════╝

    Error Context: test-results/first-run-Gate-d-authentif-45575-t-local-modifié-ni-écriture-local/error-context.md


[1A[2K[52/103] [local] › tests/e2e/first-run.spec.js:663:3 › Gate d'authentification › une activité de DÉMONSTRATION refuse la participation, sans promettre un compte
[1A[2K  52) [local] › tests/e2e/first-run.spec.js:663:3 › Gate d'authentification › une activité de DÉMONSTRATION refuse la participation, sans promettre un compte 

    Error: browserType.launch: Executable doesn't exist at /opt/pw-browsers/chromium_headless_shell-1223/chrome-headless-shell-linux64/chrome-headless-shell
    ╔════════════════════════════════════════════════════════════╗
    ║ Looks like Playwright was just installed or updated.       ║
    ║ Please run the following command to download new browsers: ║
    ║                                                            ║
    ║     npx playwright install                                 ║
    ║                                                            ║
    ║ <3 Playwright Team                                         ║
    ╚════════════════════════════════════════════════════════════╝

    Error Context: test-results/first-run-Gate-d-authentif-6f5bc-on-sans-promettre-un-compte-local/error-context.md


[1A[2K[53/103] [local] › tests/e2e/first-run.spec.js:683:3 › Gate d'authentification › TOUTES les portes d'écriture sont gardées, y compris celles des bobines
[1A[2K  53) [local] › tests/e2e/first-run.spec.js:683:3 › Gate d'authentification › TOUTES les portes d'écriture sont gardées, y compris celles des bobines 

    Error: browserType.launch: Executable doesn't exist at /opt/pw-browsers/chromium_headless_shell-1223/chrome-headless-shell-linux64/chrome-headless-shell
    ╔════════════════════════════════════════════════════════════╗
    ║ Looks like Playwright was just installed or updated.       ║
    ║ Please run the following command to download new browsers: ║
    ║                                                            ║
    ║     npx playwright install                                 ║
    ║                                                            ║
    ║ <3 Playwright Team                                         ║
    ╚════════════════════════════════════════════════════════════╝

    Error Context: test-results/first-run-Gate-d-authentif-19d8c--compris-celles-des-bobines-local/error-context.md


[1A[2K[54/103] [local] › tests/e2e/first-run.spec.js:724:3 › Gate d'authentification › « Ta story » n'ouvre PAS la caméra à un visiteur
[1A[2K  54) [local] › tests/e2e/first-run.spec.js:724:3 › Gate d'authentification › « Ta story » n'ouvre PAS la caméra à un visiteur 

    Error: browserType.launch: Executable doesn't exist at /opt/pw-browsers/chromium_headless_shell-1223/chrome-headless-shell-linux64/chrome-headless-shell
    ╔════════════════════════════════════════════════════════════╗
    ║ Looks like Playwright was just installed or updated.       ║
    ║ Please run the following command to download new browsers: ║
    ║                                                            ║
    ║     npx playwright install                                 ║
    ║                                                            ║
    ║ <3 Playwright Team                                         ║
    ╚════════════════════════════════════════════════════════════╝

    Error Context: test-results/first-run-Gate-d-authentif-5fd35-PAS-la-caméra-à-un-visiteur-local/error-context.md


[1A[2K[55/103] [local] › tests/e2e/first-run.spec.js:747:3 › Gate d'authentification › le contenu de démonstration est étiqueté « Exemple PASSIO »
[1A[2K  55) [local] › tests/e2e/first-run.spec.js:747:3 › Gate d'authentification › le contenu de démonstration est étiqueté « Exemple PASSIO » 

    Error: browserType.launch: Executable doesn't exist at /opt/pw-browsers/chromium_headless_shell-1223/chrome-headless-shell-linux64/chrome-headless-shell
    ╔════════════════════════════════════════════════════════════╗
    ║ Looks like Playwright was just installed or updated.       ║
    ║ Please run the following command to download new browsers: ║
    ║                                                            ║
    ║     npx playwright install                                 ║
    ║                                                            ║
    ║ <3 Playwright Team                                         ║
    ╚════════════════════════════════════════════════════════════╝

    Error Context: test-results/first-run-Gate-d-authentif-f4c91-étiqueté-«-Exemple-PASSIO-»-local/error-context.md


[1A[2K[56/103] [local] › tests/e2e/first-run.spec.js:753:3 › Gate d'authentification › une activité de démonstration n'invente ni proximité ni participants
[1A[2K  56) [local] › tests/e2e/first-run.spec.js:753:3 › Gate d'authentification › une activité de démonstration n'invente ni proximité ni participants 

    Error: browserType.launch: Executable doesn't exist at /opt/pw-browsers/chromium_headless_shell-1223/chrome-headless-shell-linux64/chrome-headless-shell
    ╔════════════════════════════════════════════════════════════╗
    ║ Looks like Playwright was just installed or updated.       ║
    ║ Please run the following command to download new browsers: ║
    ║                                                            ║
    ║     npx playwright install                                 ║
    ║                                                            ║
    ║ <3 Playwright Team                                         ║
    ╚════════════════════════════════════════════════════════════╝

    Error Context: test-results/first-run-Gate-d-authentif-083ff-i-proximité-ni-participants-local/error-context.md


[1A[2K[57/103] [local] › tests/e2e/first-run.spec.js:793:3 › Transfert du mode invité › un compte qui a DÉJÀ ses passions n'en reçoit AUCUNE de l'exploration
[1A[2K  57) [local] › tests/e2e/first-run.spec.js:793:3 › Transfert du mode invité › un compte qui a DÉJÀ ses passions n'en reçoit AUCUNE de l'exploration 

    Error: browserType.launch: Executable doesn't exist at /opt/pw-browsers/chromium_headless_shell-1223/chrome-headless-shell-linux64/chrome-headless-shell
    ╔════════════════════════════════════════════════════════════╗
    ║ Looks like Playwright was just installed or updated.       ║
    ║ Please run the following command to download new browsers: ║
    ║                                                            ║
    ║     npx playwright install                                 ║
    ║                                                            ║
    ║ <3 Playwright Team                                         ║
    ╚════════════════════════════════════════════════════════════╝

    Error Context: test-results/first-run-Transfert-du-mod-9ca2e-oit-AUCUNE-de-l-exploration-local/error-context.md


[1A[2K[58/103] [local] › tests/e2e/first-run.spec.js:824:3 › Transfert du mode invité › hors ligne, le repli protège quand même le compte qui a ses passions
[1A[2K  58) [local] › tests/e2e/first-run.spec.js:824:3 › Transfert du mode invité › hors ligne, le repli protège quand même le compte qui a ses passions 

    Error: browserType.launch: Executable doesn't exist at /opt/pw-browsers/chromium_headless_shell-1223/chrome-headless-shell-linux64/chrome-headless-shell
    ╔════════════════════════════════════════════════════════════╗
    ║ Looks like Playwright was just installed or updated.       ║
    ║ Please run the following command to download new browsers: ║
    ║                                                            ║
    ║     npx playwright install                                 ║
    ║                                                            ║
    ║ <3 Playwright Team                                         ║
    ╚════════════════════════════════════════════════════════════╝

    Error Context: test-results/first-run-Transfert-du-mod-52c68-e-compte-qui-a-ses-passions-local/error-context.md


[1A[2K[59/103] [local] › tests/e2e/first-run.spec.js:849:3 › Transfert du mode invité › le profil de remplissage de boot() ne fait pas passer un compte neuf pour un compte garni
[1A[2K  59) [local] › tests/e2e/first-run.spec.js:849:3 › Transfert du mode invité › le profil de remplissage de boot() ne fait pas passer un compte neuf pour un compte garni 

    Error: browserType.launch: Executable doesn't exist at /opt/pw-browsers/chromium_headless_shell-1223/chrome-headless-shell-linux64/chrome-headless-shell
    ╔════════════════════════════════════════════════════════════╗
    ║ Looks like Playwright was just installed or updated.       ║
    ║ Please run the following command to download new browsers: ║
    ║                                                            ║
    ║     npx playwright install                                 ║
    ║                                                            ║
    ║ <3 Playwright Team                                         ║
    ╚════════════════════════════════════════════════════════════╝

    Error Context: test-results/first-run-Transfert-du-mod-73480-e-neuf-pour-un-compte-garni-local/error-context.md


[1A[2K[60/103] [local] › tests/e2e/first-run.spec.js:867:3 › Transfert du mode invité › les choix du visiteur passent en TÊTE : le remplissage ne devient pas la passion primaire
[1A[2K  60) [local] › tests/e2e/first-run.spec.js:867:3 › Transfert du mode invité › les choix du visiteur passent en TÊTE : le remplissage ne devient pas la passion primaire 

    Error: browserType.launch: Executable doesn't exist at /opt/pw-browsers/chromium_headless_shell-1223/chrome-headless-shell-linux64/chrome-headless-shell
    ╔════════════════════════════════════════════════════════════╗
    ║ Looks like Playwright was just installed or updated.       ║
    ║ Please run the following command to download new browsers: ║
    ║                                                            ║
    ║     npx playwright install                                 ║
    ║                                                            ║
    ║ <3 Playwright Team                                         ║
    ╚════════════════════════════════════════════════════════════╝

    Error Context: test-results/first-run-Transfert-du-mod-56f29-ent-pas-la-passion-primaire-local/error-context.md


[1A[2K[61/103] [local] › tests/e2e/first-run.spec.js:884:3 › Transfert du mode invité › un compte NEUF adopte les choix du visiteur : dédoublonnés, nettoyés, une seule fois
[1A[2K  61) [local] › tests/e2e/first-run.spec.js:884:3 › Transfert du mode invité › un compte NEUF adopte les choix du visiteur : dédoublonnés, nettoyés, une seule fois 

    Error: browserType.launch: Executable doesn't exist at /opt/pw-browsers/chromium_headless_shell-1223/chrome-headless-shell-linux64/chrome-headless-shell
    ╔════════════════════════════════════════════════════════════╗
    ║ Looks like Playwright was just installed or updated.       ║
    ║ Please run the following command to download new browsers: ║
    ║                                                            ║
    ║     npx playwright install                                 ║
    ║                                                            ║
    ║ <3 Playwright Team                                         ║
    ╚════════════════════════════════════════════════════════════╝

    Error Context: test-results/first-run-Transfert-du-mod-5a823-nés-nettoyés-une-seule-fois-local/error-context.md


[1A[2K[62/103] [local] › tests/e2e/first-run.spec.js:921:3 › Transfert du mode invité › une interruption laisse la migration à refaire, et la refaire aboutit
[1A[2K  62) [local] › tests/e2e/first-run.spec.js:921:3 › Transfert du mode invité › une interruption laisse la migration à refaire, et la refaire aboutit 

    Error: browserType.launch: Executable doesn't exist at /opt/pw-browsers/chromium_headless_shell-1223/chrome-headless-shell-linux64/chrome-headless-shell
    ╔════════════════════════════════════════════════════════════╗
    ║ Looks like Playwright was just installed or updated.       ║
    ║ Please run the following command to download new browsers: ║
    ║                                                            ║
    ║     npx playwright install                                 ║
    ║                                                            ║
    ║ <3 Playwright Team                                         ║
    ╚════════════════════════════════════════════════════════════╝

    Error Context: test-results/first-run-Transfert-du-mod-2a024-faire-et-la-refaire-aboutit-local/error-context.md


[1A[2K[63/103] [local] › tests/e2e/first-run.spec.js:942:3 › Transfert du mode invité › après authentification : retour à la destination, et AUCUNE action rejouée
[1A[2K  63) [local] › tests/e2e/first-run.spec.js:942:3 › Transfert du mode invité › après authentification : retour à la destination, et AUCUNE action rejouée 

    Error: browserType.launch: Executable doesn't exist at /opt/pw-browsers/chromium_headless_shell-1223/chrome-headless-shell-linux64/chrome-headless-shell
    ╔════════════════════════════════════════════════════════════╗
    ║ Looks like Playwright was just installed or updated.       ║
    ║ Please run the following command to download new browsers: ║
    ║                                                            ║
    ║     npx playwright install                                 ║
    ║                                                            ║
    ║ <3 Playwright Team                                         ║
    ╚════════════════════════════════════════════════════════════╝

    Error Context: test-results/first-run-Transfert-du-mod-a398e-on-et-AUCUNE-action-rejouée-local/error-context.md


[1A[2K[64/103] [local] › tests/e2e/first-run.spec.js:968:3 › Transfert du mode invité › une destination disparue ramène proprement dans Découvrir
[1A[2K  64) [local] › tests/e2e/first-run.spec.js:968:3 › Transfert du mode invité › une destination disparue ramène proprement dans Découvrir 

    Error: browserType.launch: Executable doesn't exist at /opt/pw-browsers/chromium_headless_shell-1223/chrome-headless-shell-linux64/chrome-headless-shell
    ╔════════════════════════════════════════════════════════════╗
    ║ Looks like Playwright was just installed or updated.       ║
    ║ Please run the following command to download new browsers: ║
    ║                                                            ║
    ║     npx playwright install                                 ║
    ║                                                            ║
    ║ <3 Playwright Team                                         ║
    ╚════════════════════════════════════════════════════════════╝

    Error Context: test-results/first-run-Transfert-du-mod-bd137-e-proprement-dans-Découvrir-local/error-context.md


[1A[2K[65/103] [local] › tests/e2e/first-run.spec.js:987:3 › Kill switch › drapeau COUPÉ : l'ancien parcours est restitué, sans aucune trace du lot
[1A[2K  65) [local] › tests/e2e/first-run.spec.js:987:3 › Kill switch › drapeau COUPÉ : l'ancien parcours est restitué, sans aucune trace du lot 

    Error: browserType.launch: Executable doesn't exist at /opt/pw-browsers/chromium_headless_shell-1223/chrome-headless-shell-linux64/chrome-headless-shell
    ╔════════════════════════════════════════════════════════════╗
    ║ Looks like Playwright was just installed or updated.       ║
    ║ Please run the following command to download new browsers: ║
    ║                                                            ║
    ║     npx playwright install                                 ║
    ║                                                            ║
    ║ <3 Playwright Team                                         ║
    ╚════════════════════════════════════════════════════════════╝

    Error Context: test-results/first-run-Kill-switch-drap-069f4-ué-sans-aucune-trace-du-lot-local/error-context.md


[1A[2K[66/103] [local] › tests/e2e/first-run.spec.js:1016:3 › Kill switch › l'URL NORMALE suffit désormais, et le lot n'écrit toujours rien pour activer
[1A[2K  66) [local] › tests/e2e/first-run.spec.js:1016:3 › Kill switch › l'URL NORMALE suffit désormais, et le lot n'écrit toujours rien pour activer 

    Error: browserType.launch: Executable doesn't exist at /opt/pw-browsers/chromium_headless_shell-1223/chrome-headless-shell-linux64/chrome-headless-shell
    ╔════════════════════════════════════════════════════════════╗
    ║ Looks like Playwright was just installed or updated.       ║
    ║ Please run the following command to download new browsers: ║
    ║                                                            ║
    ║     npx playwright install                                 ║
    ║                                                            ║
    ║ <3 Playwright Team                                         ║
    ╚════════════════════════════════════════════════════════════╝

    Error Context: test-results/first-run-Kill-switch-l-UR-1e430--toujours-rien-pour-activer-local/error-context.md


[1A[2K[67/103] [local] › tests/e2e/first-run.spec.js:1037:3 › Kill switch › un ancien appareil d'aperçu (« 1 » persisté) reste coupable par le kill switch
[1A[2K  67) [local] › tests/e2e/first-run.spec.js:1037:3 › Kill switch › un ancien appareil d'aperçu (« 1 » persisté) reste coupable par le kill switch 

    Error: browserType.launch: Executable doesn't exist at /opt/pw-browsers/chromium_headless_shell-1223/chrome-headless-shell-linux64/chrome-headless-shell
    ╔════════════════════════════════════════════════════════════╗
    ║ Looks like Playwright was just installed or updated.       ║
    ║ Please run the following command to download new browsers: ║
    ║                                                            ║
    ║     npx playwright install                                 ║
    ║                                                            ║
    ║ <3 Playwright Team                                         ║
    ╚════════════════════════════════════════════════════════════╝

    Error Context: test-results/first-run-Kill-switch-un-a-24456-coupable-par-le-kill-switch-local/error-context.md


[1A[2K[68/103] [local] › tests/e2e/first-run.spec.js:1061:5 › Cadrage mobile › à 320 px : aucun débordement horizontal, cibles ≥ 44 px
[1A[2K  68) [local] › tests/e2e/first-run.spec.js:1061:5 › Cadrage mobile › à 320 px : aucun débordement horizontal, cibles ≥ 44 px 

    Error: browserType.launch: Executable doesn't exist at /opt/pw-browsers/chromium_headless_shell-1223/chrome-headless-shell-linux64/chrome-headless-shell
    ╔════════════════════════════════════════════════════════════╗
    ║ Looks like Playwright was just installed or updated.       ║
    ║ Please run the following command to download new browsers: ║
    ║                                                            ║
    ║     npx playwright install                                 ║
    ║                                                            ║
    ║ <3 Playwright Team                                         ║
    ╚════════════════════════════════════════════════════════════╝

    Error Context: test-results/first-run-Cadrage-mobile-à-0fa3a-t-horizontal-cibles-≥-44-px-local/error-context.md


[1A[2K[69/103] [local] › tests/e2e/first-run.spec.js:1061:5 › Cadrage mobile › à 390 px : aucun débordement horizontal, cibles ≥ 44 px
[1A[2K  69) [local] › tests/e2e/first-run.spec.js:1061:5 › Cadrage mobile › à 390 px : aucun débordement horizontal, cibles ≥ 44 px 

    Error: browserType.launch: Executable doesn't exist at /opt/pw-browsers/chromium_headless_shell-1223/chrome-headless-shell-linux64/chrome-headless-shell
    ╔════════════════════════════════════════════════════════════╗
    ║ Looks like Playwright was just installed or updated.       ║
    ║ Please run the following command to download new browsers: ║
    ║                                                            ║
    ║     npx playwright install                                 ║
    ║                                                            ║
    ║ <3 Playwright Team                                         ║
    ╚════════════════════════════════════════════════════════════╝

    Error Context: test-results/first-run-Cadrage-mobile-à-e546e-t-horizontal-cibles-≥-44-px-local/error-context.md


[1A[2K[70/103] [local] › tests/e2e/first-run.spec.js:1061:5 › Cadrage mobile › à 430 px : aucun débordement horizontal, cibles ≥ 44 px
[1A[2K  70) [local] › tests/e2e/first-run.spec.js:1061:5 › Cadrage mobile › à 430 px : aucun débordement horizontal, cibles ≥ 44 px 

    Error: browserType.launch: Executable doesn't exist at /opt/pw-browsers/chromium_headless_shell-1223/chrome-headless-shell-linux64/chrome-headless-shell
    ╔════════════════════════════════════════════════════════════╗
    ║ Looks like Playwright was just installed or updated.       ║
    ║ Please run the following command to download new browsers: ║
    ║                                                            ║
    ║     npx playwright install                                 ║
    ║                                                            ║
    ║ <3 Playwright Team                                         ║
    ╚════════════════════════════════════════════════════════════╝

    Error Context: test-results/first-run-Cadrage-mobile-à-c9217-t-horizontal-cibles-≥-44-px-local/error-context.md


[1A[2K[71/103] [local] › tests/e2e/navigation.spec.js:17:1 › tour des 6 écrans : zéro erreur JS, chaque écran devient actif
[1A[2K  71) [local] › tests/e2e/navigation.spec.js:17:1 › tour des 6 écrans : zéro erreur JS, chaque écran devient actif 

    Error: browserType.launch: Executable doesn't exist at /opt/pw-browsers/chromium_headless_shell-1223/chrome-headless-shell-linux64/chrome-headless-shell
    ╔════════════════════════════════════════════════════════════╗
    ║ Looks like Playwright was just installed or updated.       ║
    ║ Please run the following command to download new browsers: ║
    ║                                                            ║
    ║     npx playwright install                                 ║
    ║                                                            ║
    ║ <3 Playwright Team                                         ║
    ╚════════════════════════════════════════════════════════════╝

    Error Context: test-results/navigation-tour-des-6-écra-9cb6a--chaque-écran-devient-actif-local/error-context.md


[1A[2K[72/103] [local] › tests/e2e/navigation.spec.js:85:1 › bottom-nav : CDV retiré, et son ancien lien redirigé
[1A[2K  72) [local] › tests/e2e/navigation.spec.js:85:1 › bottom-nav : CDV retiré, et son ancien lien redirigé 

    Error: browserType.launch: Executable doesn't exist at /opt/pw-browsers/chromium_headless_shell-1223/chrome-headless-shell-linux64/chrome-headless-shell
    ╔════════════════════════════════════════════════════════════╗
    ║ Looks like Playwright was just installed or updated.       ║
    ║ Please run the following command to download new browsers: ║
    ║                                                            ║
    ║     npx playwright install                                 ║
    ║                                                            ║
    ║ <3 Playwright Team                                         ║
    ╚════════════════════════════════════════════════════════════╝

    Error Context: test-results/navigation-bottom-nav-CDV-retiré-et-son-ancien-lien-redirigé-local/error-context.md


[1A[2K[73/103] [local] › tests/e2e/onboarding-passions-v2.spec.js:63:1 › §5 — jusqu'à 7 passions, la 8e est refusée
[1A[2K  73) [local] › tests/e2e/onboarding-passions-v2.spec.js:63:1 › §5 — jusqu'à 7 passions, la 8e est refusée 

    Error: browserType.launch: Executable doesn't exist at /opt/pw-browsers/chromium_headless_shell-1223/chrome-headless-shell-linux64/chrome-headless-shell
    ╔════════════════════════════════════════════════════════════╗
    ║ Looks like Playwright was just installed or updated.       ║
    ║ Please run the following command to download new browsers: ║
    ║                                                            ║
    ║     npx playwright install                                 ║
    ║                                                            ║
    ║ <3 Playwright Team                                         ║
    ╚════════════════════════════════════════════════════════════╝

    Error Context: test-results/onboarding-passions-v2-§5--64895--passions-la-8e-est-refusée-local/error-context.md


[1A[2K[74/103] [local] › tests/e2e/onboarding-passions-v2.spec.js:74:1 › §5 — une seule passion suffit pour entrer
[1A[2K  74) [local] › tests/e2e/onboarding-passions-v2.spec.js:74:1 › §5 — une seule passion suffit pour entrer 

    Error: browserType.launch: Executable doesn't exist at /opt/pw-browsers/chromium_headless_shell-1223/chrome-headless-shell-linux64/chrome-headless-shell
    ╔════════════════════════════════════════════════════════════╗
    ║ Looks like Playwright was just installed or updated.       ║
    ║ Please run the following command to download new browsers: ║
    ║                                                            ║
    ║     npx playwright install                                 ║
    ║                                                            ║
    ║ <3 Playwright Team                                         ║
    ╚════════════════════════════════════════════════════════════╝

    Error Context: test-results/onboarding-passions-v2-§5--bee77--passion-suffit-pour-entrer-local/error-context.md


[1A[2K[75/103] [local] › tests/e2e/onboarding-passions-v2.spec.js:92:1 › §5 — la copie ne promet plus un profil par passion
[1A[2K  75) [local] › tests/e2e/onboarding-passions-v2.spec.js:92:1 › §5 — la copie ne promet plus un profil par passion 

    Error: browserType.launch: Executable doesn't exist at /opt/pw-browsers/chromium_headless_shell-1223/chrome-headless-shell-linux64/chrome-headless-shell
    ╔════════════════════════════════════════════════════════════╗
    ║ Looks like Playwright was just installed or updated.       ║
    ║ Please run the following command to download new browsers: ║
    ║                                                            ║
    ║     npx playwright install                                 ║
    ║                                                            ║
    ║ <3 Playwright Team                                         ║
    ╚════════════════════════════════════════════════════════════╝

    Error Context: test-results/onboarding-passions-v2-§5--77083--plus-un-profil-par-passion-local/error-context.md


[1A[2K[76/103] [local] › tests/e2e/onboarding-passions-v2.spec.js:106:1 › §5 — le profil de départ est énoncé, et modifiable d'un tap
[1A[2K  76) [local] › tests/e2e/onboarding-passions-v2.spec.js:106:1 › §5 — le profil de départ est énoncé, et modifiable d'un tap 

    Error: browserType.launch: Executable doesn't exist at /opt/pw-browsers/chromium_headless_shell-1223/chrome-headless-shell-linux64/chrome-headless-shell
    ╔════════════════════════════════════════════════════════════╗
    ║ Looks like Playwright was just installed or updated.       ║
    ║ Please run the following command to download new browsers: ║
    ║                                                            ║
    ║     npx playwright install                                 ║
    ║                                                            ║
    ║ <3 Playwright Team                                         ║
    ╚════════════════════════════════════════════════════════════╝

    Error Context: test-results/onboarding-passions-v2-§5--bc0bf-oncé-et-modifiable-d-un-tap-local/error-context.md


[1A[2K[77/103] [local] › tests/e2e/onboarding-passions-v2.spec.js:153:1 › §5 — la recherche filtre sans jamais masquer une passion déjà cochée
[1A[2K  77) [local] › tests/e2e/onboarding-passions-v2.spec.js:153:1 › §5 — la recherche filtre sans jamais masquer une passion déjà cochée 

    Error: browserType.launch: Executable doesn't exist at /opt/pw-browsers/chromium_headless_shell-1223/chrome-headless-shell-linux64/chrome-headless-shell
    ╔════════════════════════════════════════════════════════════╗
    ║ Looks like Playwright was just installed or updated.       ║
    ║ Please run the following command to download new browsers: ║
    ║                                                            ║
    ║     npx playwright install                                 ║
    ║                                                            ║
    ║ <3 Playwright Team                                         ║
    ╚════════════════════════════════════════════════════════════╝

    Error Context: test-results/onboarding-passions-v2-§5--5e689-uer-une-passion-déjà-cochée-local/error-context.md


[1A[2K[78/103] [local] › tests/e2e/onboarding-passions-v2.spec.js:176:1 › §5 — la pastille ★ est ancrée dans SA tuile, pas ailleurs
[1A[2K  78) [local] › tests/e2e/onboarding-passions-v2.spec.js:176:1 › §5 — la pastille ★ est ancrée dans SA tuile, pas ailleurs 

    Error: browserType.launch: Executable doesn't exist at /opt/pw-browsers/chromium_headless_shell-1223/chrome-headless-shell-linux64/chrome-headless-shell
    ╔════════════════════════════════════════════════════════════╗
    ║ Looks like Playwright was just installed or updated.       ║
    ║ Please run the following command to download new browsers: ║
    ║                                                            ║
    ║     npx playwright install                                 ║
    ║                                                            ║
    ║ <3 Playwright Team                                         ║
    ╚════════════════════════════════════════════════════════════╝

    Error Context: test-results/onboarding-passions-v2-§5--be802--dans-SA-tuile-pas-ailleurs-local/error-context.md


[1A[2K[79/103] [local] › tests/e2e/onboarding-passions-v2.spec.js:194:1 › §5 — drapeau V2 à false : écran d'origine strictement rétabli
[1A[2K  79) [local] › tests/e2e/onboarding-passions-v2.spec.js:194:1 › §5 — drapeau V2 à false : écran d'origine strictement rétabli 

    Error: browserType.launch: Executable doesn't exist at /opt/pw-browsers/chromium_headless_shell-1223/chrome-headless-shell-linux64/chrome-headless-shell
    ╔════════════════════════════════════════════════════════════╗
    ║ Looks like Playwright was just installed or updated.       ║
    ║ Please run the following command to download new browsers: ║
    ║                                                            ║
    ║     npx playwright install                                 ║
    ║                                                            ║
    ║ <3 Playwright Team                                         ║
    ╚════════════════════════════════════════════════════════════╝

    Error Context: test-results/onboarding-passions-v2-§5--245a6-origine-strictement-rétabli-local/error-context.md


[1A[2K[80/103] [local] › tests/e2e/onboarding-passions-v2.spec.js:227:1 › §8 — aucun tour forcé après l'inscription, ni à l'entrée ni au rechargement
[1A[2K  80) [local] › tests/e2e/onboarding-passions-v2.spec.js:227:1 › §8 — aucun tour forcé après l'inscription, ni à l'entrée ni au rechargement 

    Error: browserType.launch: Executable doesn't exist at /opt/pw-browsers/chromium_headless_shell-1223/chrome-headless-shell-linux64/chrome-headless-shell
    ╔════════════════════════════════════════════════════════════╗
    ║ Looks like Playwright was just installed or updated.       ║
    ║ Please run the following command to download new browsers: ║
    ║                                                            ║
    ║     npx playwright install                                 ║
    ║                                                            ║
    ║ <3 Playwright Team                                         ║
    ╚════════════════════════════════════════════════════════════╝

    Error Context: test-results/onboarding-passions-v2-§8--65151-l-entrée-ni-au-rechargement-local/error-context.md


[1A[2K[81/103] [local] › tests/e2e/onboarding-passions-v2.spec.js:254:1 › §8 — drapeau V2 à false : le tour d'origine est bien relancé
[1A[2K  81) [local] › tests/e2e/onboarding-passions-v2.spec.js:254:1 › §8 — drapeau V2 à false : le tour d'origine est bien relancé 

    Error: browserType.launch: Executable doesn't exist at /opt/pw-browsers/chromium_headless_shell-1223/chrome-headless-shell-linux64/chrome-headless-shell
    ╔════════════════════════════════════════════════════════════╗
    ║ Looks like Playwright was just installed or updated.       ║
    ║ Please run the following command to download new browsers: ║
    ║                                                            ║
    ║     npx playwright install                                 ║
    ║                                                            ║
    ║ <3 Playwright Team                                         ║
    ╚════════════════════════════════════════════════════════════╝

    Error Context: test-results/onboarding-passions-v2-§8--36856--d-origine-est-bien-relancé-local/error-context.md


[1A[2K[82/103] [local] › tests/e2e/onboarding-v2.spec.js:53:1 › setFeedPassions écrit les deux sources, déduplique et garde l'ordre
[1A[2K  82) [local] › tests/e2e/onboarding-v2.spec.js:53:1 › setFeedPassions écrit les deux sources, déduplique et garde l'ordre 

    Error: browserType.launch: Executable doesn't exist at /opt/pw-browsers/chromium_headless_shell-1223/chrome-headless-shell-linux64/chrome-headless-shell
    ╔════════════════════════════════════════════════════════════╗
    ║ Looks like Playwright was just installed or updated.       ║
    ║ Please run the following command to download new browsers: ║
    ║                                                            ║
    ║     npx playwright install                                 ║
    ║                                                            ║
    ║ <3 Playwright Team                                         ║
    ╚════════════════════════════════════════════════════════════╝

    Error Context: test-results/onboarding-v2-setFeedPassi-2175d-déduplique-et-garde-l-ordre-local/error-context.md


[1A[2K[83/103] [local] › tests/e2e/onboarding-v2.spec.js:71:1 › onbFinish V2 : un seul profil de départ, mais toutes les passions dans le fil
[1A[2K  83) [local] › tests/e2e/onboarding-v2.spec.js:71:1 › onbFinish V2 : un seul profil de départ, mais toutes les passions dans le fil 

    Error: browserType.launch: Executable doesn't exist at /opt/pw-browsers/chromium_headless_shell-1223/chrome-headless-shell-linux64/chrome-headless-shell
    ╔════════════════════════════════════════════════════════════╗
    ║ Looks like Playwright was just installed or updated.       ║
    ║ Please run the following command to download new browsers: ║
    ║                                                            ║
    ║     npx playwright install                                 ║
    ║                                                            ║
    ║ <3 Playwright Team                                         ║
    ╚════════════════════════════════════════════════════════════╝

    Error Context: test-results/onboarding-v2-onbFinish-V2-7c0c6-es-les-passions-dans-le-fil-local/error-context.md


[1A[2K[84/103] [local] › tests/e2e/onboarding-v2.spec.js:105:1 › les intérêts choisis survivent à un rechargement complet
[1A[2K  84) [local] › tests/e2e/onboarding-v2.spec.js:105:1 › les intérêts choisis survivent à un rechargement complet 

    Error: browserType.launch: Executable doesn't exist at /opt/pw-browsers/chromium_headless_shell-1223/chrome-headless-shell-linux64/chrome-headless-shell
    ╔════════════════════════════════════════════════════════════╗
    ║ Looks like Playwright was just installed or updated.       ║
    ║ Please run the following command to download new browsers: ║
    ║                                                            ║
    ║     npx playwright install                                 ║
    ║                                                            ║
    ║ <3 Playwright Team                                         ║
    ╚════════════════════════════════════════════════════════════╝

    Error Context: test-results/onboarding-v2-les-intérêts-6eac1-t-à-un-rechargement-complet-local/error-context.md


[1A[2K[85/103] [local] › tests/e2e/onboarding-v2.spec.js:124:1 › un compte antérieur est migré depuis ses profils, sans qu'aucun soit supprimé
[1A[2K  85) [local] › tests/e2e/onboarding-v2.spec.js:124:1 › un compte antérieur est migré depuis ses profils, sans qu'aucun soit supprimé 

    Error: browserType.launch: Executable doesn't exist at /opt/pw-browsers/chromium_headless_shell-1223/chrome-headless-shell-linux64/chrome-headless-shell
    ╔════════════════════════════════════════════════════════════╗
    ║ Looks like Playwright was just installed or updated.       ║
    ║ Please run the following command to download new browsers: ║
    ║                                                            ║
    ║     npx playwright install                                 ║
    ║                                                            ║
    ║ <3 Playwright Team                                         ║
    ╚════════════════════════════════════════════════════════════╝

    Error Context: test-results/onboarding-v2-un-compte-an-12d53-sans-qu-aucun-soit-supprimé-local/error-context.md


[1A[2K[86/103] [local] › tests/e2e/onboarding-v2.spec.js:158:1 › la télémétrie d'activation part avec des clés qui survivent au filtre PII
[1A[2K  86) [local] › tests/e2e/onboarding-v2.spec.js:158:1 › la télémétrie d'activation part avec des clés qui survivent au filtre PII 

    Error: browserType.launch: Executable doesn't exist at /opt/pw-browsers/chromium_headless_shell-1223/chrome-headless-shell-linux64/chrome-headless-shell
    ╔════════════════════════════════════════════════════════════╗
    ║ Looks like Playwright was just installed or updated.       ║
    ║ Please run the following command to download new browsers: ║
    ║                                                            ║
    ║     npx playwright install                                 ║
    ║                                                            ║
    ║ <3 Playwright Team                                         ║
    ╚════════════════════════════════════════════════════════════╝

    Error Context: test-results/onboarding-v2-la-télémétri-2d5ed-qui-survivent-au-filtre-PII-local/error-context.md


[1A[2K[87/103] [local] › tests/e2e/onboarding-v2.spec.js:189:1 › drapeau à false : l'ancien comportement est strictement rétabli
[1A[2K  87) [local] › tests/e2e/onboarding-v2.spec.js:189:1 › drapeau à false : l'ancien comportement est strictement rétabli 

    Error: browserType.launch: Executable doesn't exist at /opt/pw-browsers/chromium_headless_shell-1223/chrome-headless-shell-linux64/chrome-headless-shell
    ╔════════════════════════════════════════════════════════════╗
    ║ Looks like Playwright was just installed or updated.       ║
    ║ Please run the following command to download new browsers: ║
    ║                                                            ║
    ║     npx playwright install                                 ║
    ║                                                            ║
    ║ <3 Playwright Team                                         ║
    ╚════════════════════════════════════════════════════════════╝

    Error Context: test-results/onboarding-v2-drapeau-à-fa-3c0d0-ent-est-strictement-rétabli-local/error-context.md


[1A[2K[88/103] [local] › tests/e2e/smoke.spec.js:26:1 › la page charge avec le bon titre
[1A[2K  88) [local] › tests/e2e/smoke.spec.js:26:1 › la page charge avec le bon titre ────────────────────

    Error: browserType.launch: Executable doesn't exist at /opt/pw-browsers/chromium_headless_shell-1223/chrome-headless-shell-linux64/chrome-headless-shell
    ╔════════════════════════════════════════════════════════════╗
    ║ Looks like Playwright was just installed or updated.       ║
    ║ Please run the following command to download new browsers: ║
    ║                                                            ║
    ║     npx playwright install                                 ║
    ║                                                            ║
    ║ <3 Playwright Team                                         ║
    ╚════════════════════════════════════════════════════════════╝

    Error Context: test-results/smoke-la-page-charge-avec-le-bon-titre-local/error-context.md


[1A[2K[89/103] [local] › tests/e2e/smoke.spec.js:31:1 › la landing s'affiche (logo, badge beta, CTA)
[1A[2K  89) [local] › tests/e2e/smoke.spec.js:31:1 › la landing s'affiche (logo, badge beta, CTA) ────────

    Error: browserType.launch: Executable doesn't exist at /opt/pw-browsers/chromium_headless_shell-1223/chrome-headless-shell-linux64/chrome-headless-shell
    ╔════════════════════════════════════════════════════════════╗
    ║ Looks like Playwright was just installed or updated.       ║
    ║ Please run the following command to download new browsers: ║
    ║                                                            ║
    ║     npx playwright install                                 ║
    ║                                                            ║
    ║ <3 Playwright Team                                         ║
    ╚════════════════════════════════════════════════════════════╝

    Error Context: test-results/smoke-la-landing-s-affiche-logo-badge-beta-CTA--local/error-context.md


[1A[2K[90/103] [local] › tests/e2e/smoke.spec.js:38:1 › le bouton Se connecter ouvre le formulaire d'authentification
[1A[2K  90) [local] › tests/e2e/smoke.spec.js:38:1 › le bouton Se connecter ouvre le formulaire d'authentification 

    Error: browserType.launch: Executable doesn't exist at /opt/pw-browsers/chromium_headless_shell-1223/chrome-headless-shell-linux64/chrome-headless-shell
    ╔════════════════════════════════════════════════════════════╗
    ║ Looks like Playwright was just installed or updated.       ║
    ║ Please run the following command to download new browsers: ║
    ║                                                            ║
    ║     npx playwright install                                 ║
    ║                                                            ║
    ║ <3 Playwright Team                                         ║
    ╚════════════════════════════════════════════════════════════╝

    Error Context: test-results/smoke-le-bouton-Se-connect-ba846-rmulaire-d-authentification-local/error-context.md


[1A[2K[91/103] [local] › tests/e2e/smoke.spec.js:45:1 › aucune erreur JavaScript fatale au démarrage
[1A[2K  91) [local] › tests/e2e/smoke.spec.js:45:1 › aucune erreur JavaScript fatale au démarrage ────────

    Error: browserType.launch: Executable doesn't exist at /opt/pw-browsers/chromium_headless_shell-1223/chrome-headless-shell-linux64/chrome-headless-shell
    ╔════════════════════════════════════════════════════════════╗
    ║ Looks like Playwright was just installed or updated.       ║
    ║ Please run the following command to download new browsers: ║
    ║                                                            ║
    ║     npx playwright install                                 ║
    ║                                                            ║
    ║ <3 Playwright Team                                         ║
    ╚════════════════════════════════════════════════════════════╝

    Error Context: test-results/smoke-aucune-erreur-JavaScript-fatale-au-démarrage-local/error-context.md


[1A[2K[92/103] [local] › tests/e2e/smoke.spec.js:54:1 › le manifest PWA et le service worker sont servis
[1A[2K  92) [local] › tests/e2e/smoke.spec.js:54:1 › le manifest PWA et le service worker sont servis ────

    Error: browserType.launch: Executable doesn't exist at /opt/pw-browsers/chromium_headless_shell-1223/chrome-headless-shell-linux64/chrome-headless-shell
    ╔════════════════════════════════════════════════════════════╗
    ║ Looks like Playwright was just installed or updated.       ║
    ║ Please run the following command to download new browsers: ║
    ║                                                            ║
    ║     npx playwright install                                 ║
    ║                                                            ║
    ║ <3 Playwright Team                                         ║
    ╚════════════════════════════════════════════════════════════╝

    Error Context: test-results/smoke-le-manifest-PWA-et-le-service-worker-sont-servis-local/error-context.md


[1A[2K[93/103] [local] › tests/e2e/ui-v2-shell.spec.js:74:1 › kill switch : navigation historique intacte, aucun nœud V2 créé
[1A[2K  93) [local] › tests/e2e/ui-v2-shell.spec.js:74:1 › kill switch : navigation historique intacte, aucun nœud V2 créé 

    Error: browserType.launch: Executable doesn't exist at /opt/pw-browsers/chromium_headless_shell-1223/chrome-headless-shell-linux64/chrome-headless-shell
    ╔════════════════════════════════════════════════════════════╗
    ║ Looks like Playwright was just installed or updated.       ║
    ║ Please run the following command to download new browsers: ║
    ║                                                            ║
    ║     npx playwright install                                 ║
    ║                                                            ║
    ║ <3 Playwright Team                                         ║
    ╚════════════════════════════════════════════════════════════╝

    Error Context: test-results/ui-v2-shell-kill-switch-na-a2700--intacte-aucun-nœud-V2-créé-local/error-context.md


[1A[2K[94/103] [local] › tests/e2e/ui-v2-shell.spec.js:103:1 › URL normale : cinq entrées libellées, chacune menant à sa route existante
[1A[2K  94) [local] › tests/e2e/ui-v2-shell.spec.js:103:1 › URL normale : cinq entrées libellées, chacune menant à sa route existante 

    Error: browserType.launch: Executable doesn't exist at /opt/pw-browsers/chromium_headless_shell-1223/chrome-headless-shell-linux64/chrome-headless-shell
    ╔════════════════════════════════════════════════════════════╗
    ║ Looks like Playwright was just installed or updated.       ║
    ║ Please run the following command to download new browsers: ║
    ║                                                            ║
    ║     npx playwright install                                 ║
    ║                                                            ║
    ║ <3 Playwright Team                                         ║
    ╚════════════════════════════════════════════════════════════╝

    Error Context: test-results/ui-v2-shell-URL-normale-ci-2d3dc-menant-à-sa-route-existante-local/error-context.md


[1A[2K[95/103] [local] › tests/e2e/ui-v2-shell.spec.js:140:1 › aperçu : « Créer » ouvre le sélecteur et non l'écran Studio
[1A[2K  95) [local] › tests/e2e/ui-v2-shell.spec.js:140:1 › aperçu : « Créer » ouvre le sélecteur et non l'écran Studio 

    Error: browserType.launch: Executable doesn't exist at /opt/pw-browsers/chromium_headless_shell-1223/chrome-headless-shell-linux64/chrome-headless-shell
    ╔════════════════════════════════════════════════════════════╗
    ║ Looks like Playwright was just installed or updated.       ║
    ║ Please run the following command to download new browsers: ║
    ║                                                            ║
    ║     npx playwright install                                 ║
    ║                                                            ║
    ║ <3 Playwright Team                                         ║
    ╚════════════════════════════════════════════════════════════╝

    Error Context: test-results/ui-v2-shell-aperçu-«-Créer-f0478-cteur-et-non-l-écran-Studio-local/error-context.md


[1A[2K[96/103] [local] › tests/e2e/ui-v2-shell.spec.js:201:1 › aperçu : chaque choix « Créer » rebranche un éditeur existant
[1A[2K  96) [local] › tests/e2e/ui-v2-shell.spec.js:201:1 › aperçu : chaque choix « Créer » rebranche un éditeur existant 

    Error: browserType.launch: Executable doesn't exist at /opt/pw-browsers/chromium_headless_shell-1223/chrome-headless-shell-linux64/chrome-headless-shell
    ╔════════════════════════════════════════════════════════════╗
    ║ Looks like Playwright was just installed or updated.       ║
    ║ Please run the following command to download new browsers: ║
    ║                                                            ║
    ║     npx playwright install                                 ║
    ║                                                            ║
    ║ <3 Playwright Team                                         ║
    ╚════════════════════════════════════════════════════════════╝

    Error Context: test-results/ui-v2-shell-aperçu-chaque--c190f-branche-un-éditeur-existant-local/error-context.md


[1A[2K[97/103] [local] › tests/e2e/ui-v2-shell.spec.js:267:1 › barre des stories : plus de bulle de création Live, mais les vrais directs restent
[1A[2K  97) [local] › tests/e2e/ui-v2-shell.spec.js:267:1 › barre des stories : plus de bulle de création Live, mais les vrais directs restent 

    Error: browserType.launch: Executable doesn't exist at /opt/pw-browsers/chromium_headless_shell-1223/chrome-headless-shell-linux64/chrome-headless-shell
    ╔════════════════════════════════════════════════════════════╗
    ║ Looks like Playwright was just installed or updated.       ║
    ║ Please run the following command to download new browsers: ║
    ║                                                            ║
    ║     npx playwright install                                 ║
    ║                                                            ║
    ║ <3 Playwright Team                                         ║
    ╚════════════════════════════════════════════════════════════╝

    Error Context: test-results/ui-v2-shell-barre-des-stor-ddda7-s-les-vrais-directs-restent-local/error-context.md


[1A[2K[98/103] [local] › tests/e2e/ui-v2-shell.spec.js:292:1 › aperçu : Bobines sort de la barre mais reste atteignable
[1A[2K  98) [local] › tests/e2e/ui-v2-shell.spec.js:292:1 › aperçu : Bobines sort de la barre mais reste atteignable 

    Error: browserType.launch: Executable doesn't exist at /opt/pw-browsers/chromium_headless_shell-1223/chrome-headless-shell-linux64/chrome-headless-shell
    ╔════════════════════════════════════════════════════════════╗
    ║ Looks like Playwright was just installed or updated.       ║
    ║ Please run the following command to download new browsers: ║
    ║                                                            ║
    ║     npx playwright install                                 ║
    ║                                                            ║
    ║ <3 Playwright Team                                         ║
    ╚════════════════════════════════════════════════════════════╝

    Error Context: test-results/ui-v2-shell-aperçu-Bobines-8bf3b-arre-mais-reste-atteignable-local/error-context.md


[1A[2K[99/103] [local] › tests/e2e/ui-v2-shell.spec.js:325:1 › aperçu : aucun réglage durable écrit, profil actif inchangé
[1A[2K  99) [local] › tests/e2e/ui-v2-shell.spec.js:325:1 › aperçu : aucun réglage durable écrit, profil actif inchangé 

    Error: browserType.launch: Executable doesn't exist at /opt/pw-browsers/chromium_headless_shell-1223/chrome-headless-shell-linux64/chrome-headless-shell
    ╔════════════════════════════════════════════════════════════╗
    ║ Looks like Playwright was just installed or updated.       ║
    ║ Please run the following command to download new browsers: ║
    ║                                                            ║
    ║     npx playwright install                                 ║
    ║                                                            ║
    ║ <3 Playwright Team                                         ║
    ╚════════════════════════════════════════════════════════════╝

    Error Context: test-results/ui-v2-shell-aperçu-aucun-r-e680c-écrit-profil-actif-inchangé-local/error-context.md


[1A[2K[100/103] [local] › tests/e2e/ui-v2-shell.spec.js:369:1 › URL normale : un passio_ui_v2 « 1 » hérité ne change pas le défaut V2
[1A[2K  100) [local] › tests/e2e/ui-v2-shell.spec.js:369:1 › URL normale : un passio_ui_v2 « 1 » hérité ne change pas le défaut V2 

    Error: browserType.launch: Executable doesn't exist at /opt/pw-browsers/chromium_headless_shell-1223/chrome-headless-shell-linux64/chrome-headless-shell
    ╔════════════════════════════════════════════════════════════╗
    ║ Looks like Playwright was just installed or updated.       ║
    ║ Please run the following command to download new browsers: ║
    ║                                                            ║
    ║     npx playwright install                                 ║
    ║                                                            ║
    ║ <3 Playwright Team                                         ║
    ╚════════════════════════════════════════════════════════════╝

    Error Context: test-results/ui-v2-shell-URL-normale-un-a2b93--ne-change-pas-le-défaut-V2-local/error-context.md


[1A[2K[101/103] [local] › tests/e2e/ui-v2-shell.spec.js:398:1 › aperçu : « Créer » ferme l'aide contextuelle qui la recouvrirait
[1A[2K  101) [local] › tests/e2e/ui-v2-shell.spec.js:398:1 › aperçu : « Créer » ferme l'aide contextuelle qui la recouvrirait 

    Error: browserType.launch: Executable doesn't exist at /opt/pw-browsers/chromium_headless_shell-1223/chrome-headless-shell-linux64/chrome-headless-shell
    ╔════════════════════════════════════════════════════════════╗
    ║ Looks like Playwright was just installed or updated.       ║
    ║ Please run the following command to download new browsers: ║
    ║                                                            ║
    ║     npx playwright install                                 ║
    ║                                                            ║
    ║ <3 Playwright Team                                         ║
    ╚════════════════════════════════════════════════════════════╝

    Error Context: test-results/ui-v2-shell-aperçu-«-Créer-cdce6-xtuelle-qui-la-recouvrirait-local/error-context.md


[1A[2K[102/103] [local] › tests/e2e/ui-v2-shell.spec.js:442:1 › aperçu : ancien navOrder normalisé sans effacer les autres réglages
[1A[2K  102) [local] › tests/e2e/ui-v2-shell.spec.js:442:1 › aperçu : ancien navOrder normalisé sans effacer les autres réglages 

    Error: browserType.launch: Executable doesn't exist at /opt/pw-browsers/chromium_headless_shell-1223/chrome-headless-shell-linux64/chrome-headless-shell
    ╔════════════════════════════════════════════════════════════╗
    ║ Looks like Playwright was just installed or updated.       ║
    ║ Please run the following command to download new browsers: ║
    ║                                                            ║
    ║     npx playwright install                                 ║
    ║                                                            ║
    ║ <3 Playwright Team                                         ║
    ╚════════════════════════════════════════════════════════════╝

    Error Context: test-results/ui-v2-shell-aperçu-ancien--918a5-effacer-les-autres-réglages-local/error-context.md


[1A[2K[103/103] [local] › tests/e2e/ui-v2-shell.spec.js:462:1 › aperçu 390 × 844 : libellés entiers, cibles tactiles suffisantes
[1A[2K  103) [local] › tests/e2e/ui-v2-shell.spec.js:462:1 › aperçu 390 × 844 : libellés entiers, cibles tactiles suffisantes 

    Error: browserType.launch: Executable doesn't exist at /opt/pw-browsers/chromium_headless_shell-1223/chrome-headless-shell-linux64/chrome-headless-shell
    ╔════════════════════════════════════════════════════════════╗
    ║ Looks like Playwright was just installed or updated.       ║
    ║ Please run the following command to download new browsers: ║
    ║                                                            ║
    ║     npx playwright install                                 ║
    ║                                                            ║
    ║ <3 Playwright Team                                         ║
    ╚════════════════════════════════════════════════════════════╝

    Error Context: test-results/ui-v2-shell-aperçu-390-×-8-bc3ae-cibles-tactiles-suffisantes-local/error-context.md


[1A[2K  103 failed
    [local] › tests/e2e/aides-contextuelles.spec.js:58:1 › §8 — la première carte du Fil explique comment ouvrir une Passio 
    [local] › tests/e2e/aides-contextuelles.spec.js:66:1 › §8 — une aide est dismissible, et ne revient jamais 
    [local] › tests/e2e/aides-contextuelles.spec.js:86:1 › §8 — jamais deux aides à l'écran ────────
    [local] › tests/e2e/aides-contextuelles.spec.js:116:1 › §8 — montrerHint refuse lui-même une aide déjà vue 
    [local] › tests/e2e/aides-contextuelles.spec.js:137:1 › §8 — une aide ne bloque rien : pas de modale, pas de voile 
    [local] › tests/e2e/aides-contextuelles.spec.js:167:1 › §8 — changer d'écran retire l'aide au lieu de la laisser flotter 
    [local] › tests/e2e/aides-contextuelles.spec.js:175:1 › §8 — l'aide « second profil » ne s'affiche que si l'utilisateur n'en a qu'un 
    [local] › tests/e2e/aides-contextuelles.spec.js:196:1 › §8 — avec un seul profil, l'aide « second profil » s'affiche 
    [local] › tests/e2e/aides-contextuelles.spec.js:223:1 › §8 — sans UI-6B, l'aide « second profil » trouve encore une ancre 
    [local] › tests/e2e/aides-contextuelles.spec.js:249:1 › §8 — le texte affiché est celui de HINTS, sans contenu utilisateur 
    [local] › tests/e2e/connexion-compte-existant.spec.js:69:3 › Carte de bienvenue › propose une connexion au compte déjà créé, sans geste préalable 
    [local] › tests/e2e/connexion-compte-existant.spec.js:88:3 › Carte de bienvenue › « Continuer à explorer » ramène au fil, sans compte créé 
    [local] › tests/e2e/connexion-compte-existant.spec.js:104:3 › Paramètres → Compte › un visiteur y lit « J'ai déjà un compte » — et pas « Se déconnecter » 
    [local] › tests/e2e/connexion-compte-existant.spec.js:124:3 › Paramètres → Compte › un compte connecté y lit « Se connecter avec un autre compte » 
    [local] › tests/e2e/connexion-compte-existant.spec.js:156:3 › Déconnexion › l'intention de reconnexion SURVIT à la purge des clés de compte 
    [local] › tests/e2e/connexion-compte-existant.spec.js:180:3 › Déconnexion › après la déconnexion, l'écran de connexion s'ouvre — pas le fil invité 
    [local] › tests/e2e/connexion-compte-existant.spec.js:195:3 › Déconnexion › l'intention consommée ne rouvre pas la connexion au rechargement suivant 
    [local] › tests/e2e/connexion-compte-existant.spec.js:210:3 › Déconnexion › « Continuer à explorer » depuis cet écran rend un fil INVITÉ complet 
    [local] › tests/e2e/connexion-compte-existant.spec.js:233:3 › Déconnexion › drapeau coupé : la landing historique reprend la main, pas l'écran d'auth 
    [local] › tests/e2e/connexion-compte-existant.spec.js:260:3 › Déconnexion › une intention PÉRIMÉE est ignorée : le fil invité, pas un mur de connexion 
    [local] › tests/e2e/connexion-compte-existant.spec.js:275:3 › Déconnexion › doLogout() SANS argument ne pose aucune intention 
    [local] › tests/e2e/connexion-compte-existant.spec.js:286:3 › Déconnexion › un signOut qui ÉCHOUE ne laisse pas la session ouverte pour autant 
    [local] › tests/e2e/connexion-compte-existant.spec.js:300:3 › Déconnexion › purgerJetonAuthLocal ne touche QUE les jetons du SDK 
    [local] › tests/e2e/connexion-compte-existant.spec.js:323:3 › Déconnexion › le bouton « Se déconnecter » des Paramètres passe bien par la confirmation 
    [local] › tests/e2e/connexion-compte-existant.spec.js:346:3 › Déconnexion › « Changer de compte » va lui aussi jusqu'à doLogout('signin') 
    [local] › tests/e2e/first-run.spec.js:18:3 › Entrée › un nouveau visiteur arrive directement dans Découvrir 
    [local] › tests/e2e/first-run.spec.js:32:3 › Entrée › aucune demande de géolocalisation ni de notification n'est déclenchée 
    [local] › tests/e2e/first-run.spec.js:64:3 › Entrée › aucune écriture Supabase en mode invité — et pas de compte anonyme 
    [local] › tests/e2e/first-run.spec.js:93:3 › Entrée › un utilisateur existant n'est jamais renvoyé dans le nouveau parcours 
    [local] › tests/e2e/first-run.spec.js:123:3 › Entrée › un lien profond garde sa destination, le tour est différé 
    [local] › tests/e2e/first-run.spec.js:148:3 › Carte de bienvenue › elle s'affiche, ne masque pas l'écran, et se ferme sans revenir 
    [local] › tests/e2e/first-run.spec.js:175:3 › Carte de bienvenue › tant qu'aucun compte n'existe, elle REVIENT à la visite suivante 
    [local] › tests/e2e/first-run.spec.js:214:3 › Carte de bienvenue › quand des passions sont déjà choisies, la carte le DIT au lieu de répéter « Bienvenue » 
    [local] › tests/e2e/first-run.spec.js:234:3 › Personnalisation › le panneau propose les populaires, la recherche, tout le catalogue et les spécialités 
    [local] › tests/e2e/first-run.spec.js:259:3 › Personnalisation › choisir une spécialité sélectionne automatiquement sa passion principale 
    [local] › tests/e2e/first-run.spec.js:274:3 › Personnalisation › après validation, le Fil se personnalise IMMÉDIATEMENT, sans rechargement 
    [local] › tests/e2e/first-run.spec.js:312:3 › Personnalisation › une spécialité choisie arrive dans le fil, et sa bulle la NOMME 
    [local] › tests/e2e/first-run.spec.js:346:3 › Personnalisation › le référentiel plat n'est demandé au démarrage QUE si une spécialité l'exige 
    [local] › tests/e2e/first-run.spec.js:358:3 › Personnalisation › … et il l'est quand une spécialité déjà choisie doit être nommée 
    [local] › tests/e2e/first-run.spec.js:374:3 › Tour contextuel › trois indications au maximum, non bloquantes, mémorisées, relançables 
    [local] › tests/e2e/first-run.spec.js:405:3 › Tour contextuel › l'étape « Rencontrer » apparaît à la première ouverture de l'écran IRL 
    [local] › tests/e2e/first-run.spec.js:415:3 › Tour contextuel › navigation clavier : Entrée active une seule fois, Échap ferme 
    [local] › tests/e2e/first-run.spec.js:446:3 › Tour contextuel › le premier tour s'arrête à trois étapes ; Profil, Messages et Studio ont la leur, à part 
    [local] › tests/e2e/first-run.spec.js:509:5 › Aides au geste › toucher passions explique passions, une seule fois 
    [local] › tests/e2e/first-run.spec.js:509:5 › Aides au geste › toucher envies explique envies, une seule fois 
    [local] › tests/e2e/first-run.spec.js:509:5 › Aides au geste › toucher stories explique stories, une seule fois 
    [local] › tests/e2e/first-run.spec.js:544:3 › Aides au geste › le geste n'est jamais empêché : la commande touchée agit quand même 
    [local] › tests/e2e/first-run.spec.js:570:3 › Aides au geste › toute aide déclarée a une ancre RÉELLEMENT atteignable 
    [local] › tests/e2e/first-run.spec.js:613:3 › Aides au geste › jamais deux bulles à l'écran en même temps 
    [local] › tests/e2e/first-run.spec.js:627:3 › Gate d'authentification › le gate EXPLIQUE l'action demandée, et propose trois issues 
    [local] › tests/e2e/first-run.spec.js:650:3 › Gate d'authentification › un like de visiteur est ARRÊTÉ : ni état local modifié, ni écriture 
    [local] › tests/e2e/first-run.spec.js:663:3 › Gate d'authentification › une activité de DÉMONSTRATION refuse la participation, sans promettre un compte 
    [local] › tests/e2e/first-run.spec.js:683:3 › Gate d'authentification › TOUTES les portes d'écriture sont gardées, y compris celles des bobines 
    [local] › tests/e2e/first-run.spec.js:724:3 › Gate d'authentification › « Ta story » n'ouvre PAS la caméra à un visiteur 
    [local] › tests/e2e/first-run.spec.js:747:3 › Gate d'authentification › le contenu de démonstration est étiqueté « Exemple PASSIO » 
    [local] › tests/e2e/first-run.spec.js:753:3 › Gate d'authentification › une activité de démonstration n'invente ni proximité ni participants 
    [local] › tests/e2e/first-run.spec.js:793:3 › Transfert du mode invité › un compte qui a DÉJÀ ses passions n'en reçoit AUCUNE de l'exploration 
    [local] › tests/e2e/first-run.spec.js:824:3 › Transfert du mode invité › hors ligne, le repli protège quand même le compte qui a ses passions 
    [local] › tests/e2e/first-run.spec.js:849:3 › Transfert du mode invité › le profil de remplissage de boot() ne fait pas passer un compte neuf pour un compte garni 
    [local] › tests/e2e/first-run.spec.js:867:3 › Transfert du mode invité › les choix du visiteur passent en TÊTE : le remplissage ne devient pas la passion primaire 
    [local] › tests/e2e/first-run.spec.js:884:3 › Transfert du mode invité › un compte NEUF adopte les choix du visiteur : dédoublonnés, nettoyés, une seule fois 
    [local] › tests/e2e/first-run.spec.js:921:3 › Transfert du mode invité › une interruption laisse la migration à refaire, et la refaire aboutit 
    [local] › tests/e2e/first-run.spec.js:942:3 › Transfert du mode invité › après authentification : retour à la destination, et AUCUNE action rejouée 
    [local] › tests/e2e/first-run.spec.js:968:3 › Transfert du mode invité › une destination disparue ramène proprement dans Découvrir 
    [local] › tests/e2e/first-run.spec.js:987:3 › Kill switch › drapeau COUPÉ : l'ancien parcours est restitué, sans aucune trace du lot 
    [local] › tests/e2e/first-run.spec.js:1016:3 › Kill switch › l'URL NORMALE suffit désormais, et le lot n'écrit toujours rien pour activer 
    [local] › tests/e2e/first-run.spec.js:1037:3 › Kill switch › un ancien appareil d'aperçu (« 1 » persisté) reste coupable par le kill switch 
    [local] › tests/e2e/first-run.spec.js:1061:5 › Cadrage mobile › à 320 px : aucun débordement horizontal, cibles ≥ 44 px 
    [local] › tests/e2e/first-run.spec.js:1061:5 › Cadrage mobile › à 390 px : aucun débordement horizontal, cibles ≥ 44 px 
    [local] › tests/e2e/first-run.spec.js:1061:5 › Cadrage mobile › à 430 px : aucun débordement horizontal, cibles ≥ 44 px 
    [local] › tests/e2e/navigation.spec.js:17:1 › tour des 6 écrans : zéro erreur JS, chaque écran devient actif 
    [local] › tests/e2e/navigation.spec.js:85:1 › bottom-nav : CDV retiré, et son ancien lien redirigé 
    [local] › tests/e2e/onboarding-passions-v2.spec.js:63:1 › §5 — jusqu'à 7 passions, la 8e est refusée 
    [local] › tests/e2e/onboarding-passions-v2.spec.js:74:1 › §5 — une seule passion suffit pour entrer 
    [local] › tests/e2e/onboarding-passions-v2.spec.js:92:1 › §5 — la copie ne promet plus un profil par passion 
    [local] › tests/e2e/onboarding-passions-v2.spec.js:106:1 › §5 — le profil de départ est énoncé, et modifiable d'un tap 
    [local] › tests/e2e/onboarding-passions-v2.spec.js:153:1 › §5 — la recherche filtre sans jamais masquer une passion déjà cochée 
    [local] › tests/e2e/onboarding-passions-v2.spec.js:176:1 › §5 — la pastille ★ est ancrée dans SA tuile, pas ailleurs 
    [local] › tests/e2e/onboarding-passions-v2.spec.js:194:1 › §5 — drapeau V2 à false : écran d'origine strictement rétabli 
    [local] › tests/e2e/onboarding-passions-v2.spec.js:227:1 › §8 — aucun tour forcé après l'inscription, ni à l'entrée ni au rechargement 
    [local] › tests/e2e/onboarding-passions-v2.spec.js:254:1 › §8 — drapeau V2 à false : le tour d'origine est bien relancé 
    [local] › tests/e2e/onboarding-v2.spec.js:53:1 › setFeedPassions écrit les deux sources, déduplique et garde l'ordre 
    [local] › tests/e2e/onboarding-v2.spec.js:71:1 › onbFinish V2 : un seul profil de départ, mais toutes les passions dans le fil 
    [local] › tests/e2e/onboarding-v2.spec.js:105:1 › les intérêts choisis survivent à un rechargement complet 
    [local] › tests/e2e/onboarding-v2.spec.js:124:1 › un compte antérieur est migré depuis ses profils, sans qu'aucun soit supprimé 
    [local] › tests/e2e/onboarding-v2.spec.js:158:1 › la télémétrie d'activation part avec des clés qui survivent au filtre PII 
    [local] › tests/e2e/onboarding-v2.spec.js:189:1 › drapeau à false : l'ancien comportement est strictement rétabli 
    [local] › tests/e2e/smoke.spec.js:26:1 › la page charge avec le bon titre ──────────────────────
    [local] › tests/e2e/smoke.spec.js:31:1 › la landing s'affiche (logo, badge beta, CTA) ──────────
    [local] › tests/e2e/smoke.spec.js:38:1 › le bouton Se connecter ouvre le formulaire d'authentification 
    [local] › tests/e2e/smoke.spec.js:45:1 › aucune erreur JavaScript fatale au démarrage ──────────
    [local] › tests/e2e/smoke.spec.js:54:1 › le manifest PWA et le service worker sont servis ──────
    [local] › tests/e2e/ui-v2-shell.spec.js:74:1 › kill switch : navigation historique intacte, aucun nœud V2 créé 
    [local] › tests/e2e/ui-v2-shell.spec.js:103:1 › URL normale : cinq entrées libellées, chacune menant à sa route existante 
    [local] › tests/e2e/ui-v2-shell.spec.js:140:1 › aperçu : « Créer » ouvre le sélecteur et non l'écran Studio 
    [local] › tests/e2e/ui-v2-shell.spec.js:201:1 › aperçu : chaque choix « Créer » rebranche un éditeur existant 
    [local] › tests/e2e/ui-v2-shell.spec.js:267:1 › barre des stories : plus de bulle de création Live, mais les vrais directs restent 
    [local] › tests/e2e/ui-v2-shell.spec.js:292:1 › aperçu : Bobines sort de la barre mais reste atteignable 
    [local] › tests/e2e/ui-v2-shell.spec.js:325:1 › aperçu : aucun réglage durable écrit, profil actif inchangé 
    [local] › tests/e2e/ui-v2-shell.spec.js:369:1 › URL normale : un passio_ui_v2 « 1 » hérité ne change pas le défaut V2 
    [local] › tests/e2e/ui-v2-shell.spec.js:398:1 › aperçu : « Créer » ferme l'aide contextuelle qui la recouvrirait 
    [local] › tests/e2e/ui-v2-shell.spec.js:442:1 › aperçu : ancien navOrder normalisé sans effacer les autres réglages 
    [local] › tests/e2e/ui-v2-shell.spec.js:462:1 › aperçu 390 × 844 : libellés entiers, cibles tactiles suffisantes 
EXIT=1
