Starting up http-server, serving .

http-server version: 14.1.1

http-server settings: 
CORS: disabled
Cache: -1 seconds
Connection Timeout: 120 seconds
Directory Listings: visible
AutoIndex: visible
Serve GZIP Files: false
Serve Brotli Files: false
Default File Extension: none

Available on:
  http://127.0.0.1:8112
Hit CTRL-C to stop the server

[2026-09-04T14:56:51.223Z]  "GET /index.html" "curl/8.5.0"
(node:24398) [DEP0066] DeprecationWarning: OutgoingMessage.prototype._headers is deprecated
(Use `node --trace-deprecation ...` to show where the warning was created)
[2026-09-04T14:57:02.049Z]  "GET /index.html" "Mozilla/5.0 (X11; Linux x86_64) AppleWebKit/537.36 (KHTML, like Gecko) HeadlessChrome/141.0.7390.37 Safari/537.36"
[2026-09-04T14:57:02.073Z]  "GET /js/access-gate.js" "Mozilla/5.0 (X11; Linux x86_64) AppleWebKit/537.36 (KHTML, like Gecko) HeadlessChrome/141.0.7390.37 Safari/537.36"
[2026-09-04T14:57:02.099Z]  "GET /js/platform.js" "Mozilla/5.0 (X11; Linux x86_64) AppleWebKit/537.36 (KHTML, like Gecko) HeadlessChrome/141.0.7390.37 Safari/537.36"
[2026-09-04T14:57:02.099Z]  "GET /js/telemetry.js" "Mozilla/5.0 (X11; Linux x86_64) AppleWebKit/537.36 (KHTML, like Gecko) HeadlessChrome/141.0.7390.37 Safari/537.36"
[2026-09-04T14:57:02.100Z]  "GET /js/perf-ios.js" "Mozilla/5.0 (X11; Linux x86_64) AppleWebKit/537.36 (KHTML, like Gecko) HeadlessChrome/141.0.7390.37 Safari/537.36"
[2026-09-04T14:57:02.103Z]  "GET /js/pwa-detect.js" "Mozilla/5.0 (X11; Linux x86_64) AppleWebKit/537.36 (KHTML, like Gecko) HeadlessChrome/141.0.7390.37 Safari/537.36"
[2026-09-04T14:57:02.105Z]  "GET /styles.css" "Mozilla/5.0 (X11; Linux x86_64) AppleWebKit/537.36 (KHTML, like Gecko) HeadlessChrome/141.0.7390.37 Safari/537.36"
[2026-09-04T14:57:02.106Z]  "GET /js/supabase-loader.js" "Mozilla/5.0 (X11; Linux x86_64) AppleWebKit/537.36 (KHTML, like Gecko) HeadlessChrome/141.0.7390.37 Safari/537.36"
[2026-09-04T14:57:02.129Z]  "GET /js/map-loader.js" "Mozilla/5.0 (X11; Linux x86_64) AppleWebKit/537.36 (KHTML, like Gecko) HeadlessChrome/141.0.7390.37 Safari/537.36"
[2026-09-04T14:57:02.130Z]  "GET /js/idb-store.js" "Mozilla/5.0 (X11; Linux x86_64) AppleWebKit/537.36 (KHTML, like Gecko) HeadlessChrome/141.0.7390.37 Safari/537.36"
[2026-09-04T14:57:02.130Z]  "GET /js/first-run.js" "Mozilla/5.0 (X11; Linux x86_64) AppleWebKit/537.36 (KHTML, like Gecko) HeadlessChrome/141.0.7390.37 Safari/537.36"
[2026-09-04T14:57:02.130Z]  "GET /js/app-01-diag-seed.js" "Mozilla/5.0 (X11; Linux x86_64) AppleWebKit/537.36 (KHTML, like Gecko) HeadlessChrome/141.0.7390.37 Safari/537.36"
[2026-09-04T14:57:02.131Z]  "GET /js/app-02-state-utils.js" "Mozilla/5.0 (X11; Linux x86_64) AppleWebKit/537.36 (KHTML, like Gecko) HeadlessChrome/141.0.7390.37 Safari/537.36"
[2026-09-04T14:57:02.133Z]  "GET /js/app-03-posts-vlogs.js" "Mozilla/5.0 (X11; Linux x86_64) AppleWebKit/537.36 (KHTML, like Gecko) HeadlessChrome/141.0.7390.37 Safari/537.36"
[2026-09-04T14:57:02.133Z]  "GET /js/app-04-comments-shop.js" "Mozilla/5.0 (X11; Linux x86_64) AppleWebKit/537.36 (KHTML, like Gecko) HeadlessChrome/141.0.7390.37 Safari/537.36"
[2026-09-04T14:57:02.141Z]  "GET /js/app-05-config-profil.js" "Mozilla/5.0 (X11; Linux x86_64) AppleWebKit/537.36 (KHTML, like Gecko) HeadlessChrome/141.0.7390.37 Safari/537.36"
[2026-09-04T14:57:02.142Z]  "GET /js/app-06-reels-partage.js" "Mozilla/5.0 (X11; Linux x86_64) AppleWebKit/537.36 (KHTML, like Gecko) HeadlessChrome/141.0.7390.37 Safari/537.36"
[2026-09-04T14:57:02.143Z]  "GET /js/app-07-ia-explore-irl.js" "Mozilla/5.0 (X11; Linux x86_64) AppleWebKit/537.36 (KHTML, like Gecko) HeadlessChrome/141.0.7390.37 Safari/537.36"
[2026-09-04T14:57:02.153Z]  "GET /js/app-08-ui-modals-tour.js" "Mozilla/5.0 (X11; Linux x86_64) AppleWebKit/537.36 (KHTML, like Gecko) HeadlessChrome/141.0.7390.37 Safari/537.36"
[2026-09-04T14:57:02.153Z]  "GET /js/app-09-boot-pwa.js" "Mozilla/5.0 (X11; Linux x86_64) AppleWebKit/537.36 (KHTML, like Gecko) HeadlessChrome/141.0.7390.37 Safari/537.36"
[2026-09-04T14:57:02.154Z]  "GET /js/contextual-nav.js" "Mozilla/5.0 (X11; Linux x86_64) AppleWebKit/537.36 (KHTML, like Gecko) HeadlessChrome/141.0.7390.37 Safari/537.36"
[2026-09-04T14:57:02.161Z]  "GET /js/ui-v2-shell.js" "Mozilla/5.0 (X11; Linux x86_64) AppleWebKit/537.36 (KHTML, like Gecko) HeadlessChrome/141.0.7390.37 Safari/537.36"
[2026-09-04T14:57:02.161Z]  "GET /js/ui-v3-passerelle.js" "Mozilla/5.0 (X11; Linux x86_64) AppleWebKit/537.36 (KHTML, like Gecko) HeadlessChrome/141.0.7390.37 Safari/537.36"
[2026-09-04T14:57:02.162Z]  "GET /js/ui-v4b-fiche.js" "Mozilla/5.0 (X11; Linux x86_64) AppleWebKit/537.36 (KHTML, like Gecko) HeadlessChrome/141.0.7390.37 Safari/537.36"
[2026-09-04T14:57:02.162Z]  "GET /js/ui-v4a0-tete.js" "Mozilla/5.0 (X11; Linux x86_64) AppleWebKit/537.36 (KHTML, like Gecko) HeadlessChrome/141.0.7390.37 Safari/537.36"
[2026-09-04T14:57:02.162Z]  "GET /js/ui-v4a1-intentions.js" "Mozilla/5.0 (X11; Linux x86_64) AppleWebKit/537.36 (KHTML, like Gecko) HeadlessChrome/141.0.7390.37 Safari/537.36"
[2026-09-04T14:57:02.165Z]  "GET /js/ui-v4a2-cartes.js" "Mozilla/5.0 (X11; Linux x86_64) AppleWebKit/537.36 (KHTML, like Gecko) HeadlessChrome/141.0.7390.37 Safari/537.36"
[2026-09-04T14:57:02.174Z]  "GET /js/ui-v4a3-vue.js" "Mozilla/5.0 (X11; Linux x86_64) AppleWebKit/537.36 (KHTML, like Gecko) HeadlessChrome/141.0.7390.37 Safari/537.36"
[2026-09-04T14:57:02.175Z]  "GET /js/ui-v5-bobines.js" "Mozilla/5.0 (X11; Linux x86_64) AppleWebKit/537.36 (KHTML, like Gecko) HeadlessChrome/141.0.7390.37 Safari/537.36"
[2026-09-04T14:57:02.175Z]  "GET /js/ui-v4a4-outils.js" "Mozilla/5.0 (X11; Linux x86_64) AppleWebKit/537.36 (KHTML, like Gecko) HeadlessChrome/141.0.7390.37 Safari/537.36"
[2026-09-04T14:57:02.175Z]  "GET /js/ui-v4a5-filtres.js" "Mozilla/5.0 (X11; Linux x86_64) AppleWebKit/537.36 (KHTML, like Gecko) HeadlessChrome/141.0.7390.37 Safari/537.36"
[2026-09-04T14:57:02.176Z]  "GET /js/ui-v6-composer.js" "Mozilla/5.0 (X11; Linux x86_64) AppleWebKit/537.36 (KHTML, like Gecko) HeadlessChrome/141.0.7390.37 Safari/537.36"
[2026-09-04T14:57:02.176Z]  "GET /js/ui-v6a-messages.js" "Mozilla/5.0 (X11; Linux x86_64) AppleWebKit/537.36 (KHTML, like Gecko) HeadlessChrome/141.0.7390.37 Safari/537.36"
[2026-09-04T14:57:02.207Z]  "GET /js/ui-v6b-profil.js" "Mozilla/5.0 (X11; Linux x86_64) AppleWebKit/537.36 (KHTML, like Gecko) HeadlessChrome/141.0.7390.37 Safari/537.36"
[2026-09-04T14:57:02.217Z]  "GET /js/ui-v6c-proposer-irl.js" "Mozilla/5.0 (X11; Linux x86_64) AppleWebKit/537.36 (KHTML, like Gecko) HeadlessChrome/141.0.7390.37 Safari/537.36"
[2026-09-04T14:57:02.218Z]  "GET /js/ui-v7-lot.js" "Mozilla/5.0 (X11; Linux x86_64) AppleWebKit/537.36 (KHTML, like Gecko) HeadlessChrome/141.0.7390.37 Safari/537.36"
[2026-09-04T14:57:02.221Z]  "GET /js/passions-flat.js" "Mozilla/5.0 (X11; Linux x86_64) AppleWebKit/537.36 (KHTML, like Gecko) HeadlessChrome/141.0.7390.37 Safari/537.36"
[2026-09-04T14:57:02.223Z]  "GET /js/passion-selector.js" "Mozilla/5.0 (X11; Linux x86_64) AppleWebKit/537.36 (KHTML, like Gecko) HeadlessChrome/141.0.7390.37 Safari/537.36"
[2026-09-04T14:57:02.230Z]  "GET /js/passions-flat-ui.js" "Mozilla/5.0 (X11; Linux x86_64) AppleWebKit/537.36 (KHTML, like Gecko) HeadlessChrome/141.0.7390.37 Safari/537.36"
[2026-09-04T14:57:02.231Z]  "GET /js/pwa-landing.js" "Mozilla/5.0 (X11; Linux x86_64) AppleWebKit/537.36 (KHTML, like Gecko) HeadlessChrome/141.0.7390.37 Safari/537.36"
[2026-09-04T14:57:02.231Z]  "GET /js/emoji-misc.js" "Mozilla/5.0 (X11; Linux x86_64) AppleWebKit/537.36 (KHTML, like Gecko) HeadlessChrome/141.0.7390.37 Safari/537.36"
[2026-09-04T14:57:12.201Z]  "GET /index.html" "Mozilla/5.0 (X11; Linux x86_64) AppleWebKit/537.36 (KHTML, like Gecko) HeadlessChrome/141.0.7390.37 Safari/537.36"
[2026-09-04T14:57:12.224Z]  "GET /js/access-gate.js" "Mozilla/5.0 (X11; Linux x86_64) AppleWebKit/537.36 (KHTML, like Gecko) HeadlessChrome/141.0.7390.37 Safari/537.36"
[2026-09-04T14:57:12.225Z]  "GET /js/platform.js" "Mozilla/5.0 (X11; Linux x86_64) AppleWebKit/537.36 (KHTML, like Gecko) HeadlessChrome/141.0.7390.37 Safari/537.36"
[2026-09-04T14:57:12.226Z]  "GET /js/telemetry.js" "Mozilla/5.0 (X11; Linux x86_64) AppleWebKit/537.36 (KHTML, like Gecko) HeadlessChrome/141.0.7390.37 Safari/537.36"
[2026-09-04T14:57:12.226Z]  "GET /js/perf-ios.js" "Mozilla/5.0 (X11; Linux x86_64) AppleWebKit/537.36 (KHTML, like Gecko) HeadlessChrome/141.0.7390.37 Safari/537.36"
[2026-09-04T14:57:12.230Z]  "GET /styles.css" "Mozilla/5.0 (X11; Linux x86_64) AppleWebKit/537.36 (KHTML, like Gecko) HeadlessChrome/141.0.7390.37 Safari/537.36"
[2026-09-04T14:57:12.231Z]  "GET /js/pwa-detect.js" "Mozilla/5.0 (X11; Linux x86_64) AppleWebKit/537.36 (KHTML, like Gecko) HeadlessChrome/141.0.7390.37 Safari/537.36"
[2026-09-04T14:57:12.242Z]  "GET /js/supabase-loader.js" "Mozilla/5.0 (X11; Linux x86_64) AppleWebKit/537.36 (KHTML, like Gecko) HeadlessChrome/141.0.7390.37 Safari/537.36"
[2026-09-04T14:57:12.246Z]  "GET /js/map-loader.js" "Mozilla/5.0 (X11; Linux x86_64) AppleWebKit/537.36 (KHTML, like Gecko) HeadlessChrome/141.0.7390.37 Safari/537.36"
[2026-09-04T14:57:12.251Z]  "GET /js/idb-store.js" "Mozilla/5.0 (X11; Linux x86_64) AppleWebKit/537.36 (KHTML, like Gecko) HeadlessChrome/141.0.7390.37 Safari/537.36"
[2026-09-04T14:57:12.251Z]  "GET /js/first-run.js" "Mozilla/5.0 (X11; Linux x86_64) AppleWebKit/537.36 (KHTML, like Gecko) HeadlessChrome/141.0.7390.37 Safari/537.36"
[2026-09-04T14:57:12.252Z]  "GET /js/app-01-diag-seed.js" "Mozilla/5.0 (X11; Linux x86_64) AppleWebKit/537.36 (KHTML, like Gecko) HeadlessChrome/141.0.7390.37 Safari/537.36"
[2026-09-04T14:57:12.252Z]  "GET /js/app-02-state-utils.js" "Mozilla/5.0 (X11; Linux x86_64) AppleWebKit/537.36 (KHTML, like Gecko) HeadlessChrome/141.0.7390.37 Safari/537.36"
[2026-09-04T14:57:12.255Z]  "GET /js/app-03-posts-vlogs.js" "Mozilla/5.0 (X11; Linux x86_64) AppleWebKit/537.36 (KHTML, like Gecko) HeadlessChrome/141.0.7390.37 Safari/537.36"
[2026-09-04T14:57:12.255Z]  "GET /js/app-04-comments-shop.js" "Mozilla/5.0 (X11; Linux x86_64) AppleWebKit/537.36 (KHTML, like Gecko) HeadlessChrome/141.0.7390.37 Safari/537.36"
[2026-09-04T14:57:12.271Z]  "GET /js/app-05-config-profil.js" "Mozilla/5.0 (X11; Linux x86_64) AppleWebKit/537.36 (KHTML, like Gecko) HeadlessChrome/141.0.7390.37 Safari/537.36"
[2026-09-04T14:57:12.273Z]  "GET /js/app-06-reels-partage.js" "Mozilla/5.0 (X11; Linux x86_64) AppleWebKit/537.36 (KHTML, like Gecko) HeadlessChrome/141.0.7390.37 Safari/537.36"
[2026-09-04T14:57:12.276Z]  "GET /js/app-07-ia-explore-irl.js" "Mozilla/5.0 (X11; Linux x86_64) AppleWebKit/537.36 (KHTML, like Gecko) HeadlessChrome/141.0.7390.37 Safari/537.36"
[2026-09-04T14:57:12.283Z]  "GET /js/app-08-ui-modals-tour.js" "Mozilla/5.0 (X11; Linux x86_64) AppleWebKit/537.36 (KHTML, like Gecko) HeadlessChrome/141.0.7390.37 Safari/537.36"
[2026-09-04T14:57:12.284Z]  "GET /js/app-09-boot-pwa.js" "Mozilla/5.0 (X11; Linux x86_64) AppleWebKit/537.36 (KHTML, like Gecko) HeadlessChrome/141.0.7390.37 Safari/537.36"
[2026-09-04T14:57:12.285Z]  "GET /js/contextual-nav.js" "Mozilla/5.0 (X11; Linux x86_64) AppleWebKit/537.36 (KHTML, like Gecko) HeadlessChrome/141.0.7390.37 Safari/537.36"
[2026-09-04T14:57:12.293Z]  "GET /js/ui-v2-shell.js" "Mozilla/5.0 (X11; Linux x86_64) AppleWebKit/537.36 (KHTML, like Gecko) HeadlessChrome/141.0.7390.37 Safari/537.36"
[2026-09-04T14:57:12.298Z]  "GET /js/ui-v3-passerelle.js" "Mozilla/5.0 (X11; Linux x86_64) AppleWebKit/537.36 (KHTML, like Gecko) HeadlessChrome/141.0.7390.37 Safari/537.36"
[2026-09-04T14:57:12.300Z]  "GET /js/ui-v4b-fiche.js" "Mozilla/5.0 (X11; Linux x86_64) AppleWebKit/537.36 (KHTML, like Gecko) HeadlessChrome/141.0.7390.37 Safari/537.36"
[2026-09-04T14:57:12.300Z]  "GET /js/ui-v4a0-tete.js" "Mozilla/5.0 (X11; Linux x86_64) AppleWebKit/537.36 (KHTML, like Gecko) HeadlessChrome/141.0.7390.37 Safari/537.36"
[2026-09-04T14:57:12.301Z]  "GET /js/ui-v4a1-intentions.js" "Mozilla/5.0 (X11; Linux x86_64) AppleWebKit/537.36 (KHTML, like Gecko) HeadlessChrome/141.0.7390.37 Safari/537.36"
[2026-09-04T14:57:12.302Z]  "GET /js/ui-v4a2-cartes.js" "Mozilla/5.0 (X11; Linux x86_64) AppleWebKit/537.36 (KHTML, like Gecko) HeadlessChrome/141.0.7390.37 Safari/537.36"
[2026-09-04T14:57:12.307Z]  "GET /js/ui-v4a3-vue.js" "Mozilla/5.0 (X11; Linux x86_64) AppleWebKit/537.36 (KHTML, like Gecko) HeadlessChrome/141.0.7390.37 Safari/537.36"
[2026-09-04T14:57:12.313Z]  "GET /js/ui-v5-bobines.js" "Mozilla/5.0 (X11; Linux x86_64) AppleWebKit/537.36 (KHTML, like Gecko) HeadlessChrome/141.0.7390.37 Safari/537.36"
[2026-09-04T14:57:12.316Z]  "GET /js/ui-v4a4-outils.js" "Mozilla/5.0 (X11; Linux x86_64) AppleWebKit/537.36 (KHTML, like Gecko) HeadlessChrome/141.0.7390.37 Safari/537.36"
[2026-09-04T14:57:12.318Z]  "GET /js/ui-v4a5-filtres.js" "Mozilla/5.0 (X11; Linux x86_64) AppleWebKit/537.36 (KHTML, like Gecko) HeadlessChrome/141.0.7390.37 Safari/537.36"
[2026-09-04T14:57:12.319Z]  "GET /js/ui-v6-composer.js" "Mozilla/5.0 (X11; Linux x86_64) AppleWebKit/537.36 (KHTML, like Gecko) HeadlessChrome/141.0.7390.37 Safari/537.36"
[2026-09-04T14:57:12.319Z]  "GET /js/ui-v6a-messages.js" "Mozilla/5.0 (X11; Linux x86_64) AppleWebKit/537.36 (KHTML, like Gecko) HeadlessChrome/141.0.7390.37 Safari/537.36"
[2026-09-04T14:57:12.319Z]  "GET /js/ui-v6b-profil.js" "Mozilla/5.0 (X11; Linux x86_64) AppleWebKit/537.36 (KHTML, like Gecko) HeadlessChrome/141.0.7390.37 Safari/537.36"
[2026-09-04T14:57:12.321Z]  "GET /js/ui-v6c-proposer-irl.js" "Mozilla/5.0 (X11; Linux x86_64) AppleWebKit/537.36 (KHTML, like Gecko) HeadlessChrome/141.0.7390.37 Safari/537.36"
[2026-09-04T14:57:12.324Z]  "GET /js/ui-v7-lot.js" "Mozilla/5.0 (X11; Linux x86_64) AppleWebKit/537.36 (KHTML, like Gecko) HeadlessChrome/141.0.7390.37 Safari/537.36"
[2026-09-04T14:57:12.336Z]  "GET /js/passions-flat.js" "Mozilla/5.0 (X11; Linux x86_64) AppleWebKit/537.36 (KHTML, like Gecko) HeadlessChrome/141.0.7390.37 Safari/537.36"
[2026-09-04T14:57:12.336Z]  "GET /js/passion-selector.js" "Mozilla/5.0 (X11; Linux x86_64) AppleWebKit/537.36 (KHTML, like Gecko) HeadlessChrome/141.0.7390.37 Safari/537.36"
[2026-09-04T14:57:12.337Z]  "GET /js/passions-flat-ui.js" "Mozilla/5.0 (X11; Linux x86_64) AppleWebKit/537.36 (KHTML, like Gecko) HeadlessChrome/141.0.7390.37 Safari/537.36"
[2026-09-04T14:57:12.337Z]  "GET /js/pwa-landing.js" "Mozilla/5.0 (X11; Linux x86_64) AppleWebKit/537.36 (KHTML, like Gecko) HeadlessChrome/141.0.7390.37 Safari/537.36"
[2026-09-04T14:57:12.338Z]  "GET /js/emoji-misc.js" "Mozilla/5.0 (X11; Linux x86_64) AppleWebKit/537.36 (KHTML, like Gecko) HeadlessChrome/141.0.7390.37 Safari/537.36"
[2026-09-04T14:57:17.370Z]  "GET /sw.js" "Mozilla/5.0 (X11; Linux x86_64) AppleWebKit/537.36 (KHTML, like Gecko) HeadlessChrome/141.0.7390.37 Safari/537.36"
[2026-09-04T14:57:17.385Z]  "GET /index.html" "Mozilla/5.0 (X11; Linux x86_64) AppleWebKit/537.36 (KHTML, like Gecko) HeadlessChrome/141.0.7390.37 Safari/537.36"
[2026-09-04T14:57:17.386Z]  "GET /styles.css" "Mozilla/5.0 (X11; Linux x86_64) AppleWebKit/537.36 (KHTML, like Gecko) HeadlessChrome/141.0.7390.37 Safari/537.36"
[2026-09-04T14:57:17.386Z]  "GET /manifest.json" "Mozilla/5.0 (X11; Linux x86_64) AppleWebKit/537.36 (KHTML, like Gecko) HeadlessChrome/141.0.7390.37 Safari/537.36"
[2026-09-04T14:57:17.403Z]  "GET /icon-192.png" "Mozilla/5.0 (X11; Linux x86_64) AppleWebKit/537.36 (KHTML, like Gecko) HeadlessChrome/141.0.7390.37 Safari/537.36"
[2026-09-04T14:57:17.403Z]  "GET /icon-512.png" "Mozilla/5.0 (X11; Linux x86_64) AppleWebKit/537.36 (KHTML, like Gecko) HeadlessChrome/141.0.7390.37 Safari/537.36"
[2026-09-04T14:57:17.422Z]  "GET /sw.js" "Mozilla/5.0 (X11; Linux x86_64) AppleWebKit/537.36 (KHTML, like Gecko) HeadlessChrome/141.0.7390.37 Safari/537.36"
[2026-09-04T14:57:25.886Z]  "GET /sw.js" "Mozilla/5.0 (X11; Linux x86_64) AppleWebKit/537.36 (KHTML, like Gecko) HeadlessChrome/141.0.7390.37 Safari/537.36"
[2026-09-04T14:57:25.911Z]  "GET /index.html" "Mozilla/5.0 (X11; Linux x86_64) AppleWebKit/537.36 (KHTML, like Gecko) HeadlessChrome/141.0.7390.37 Safari/537.36"
[2026-09-04T14:57:25.911Z]  "GET /styles.css" "Mozilla/5.0 (X11; Linux x86_64) AppleWebKit/537.36 (KHTML, like Gecko) HeadlessChrome/141.0.7390.37 Safari/537.36"
[2026-09-04T14:57:25.913Z]  "GET /manifest.json" "Mozilla/5.0 (X11; Linux x86_64) AppleWebKit/537.36 (KHTML, like Gecko) HeadlessChrome/141.0.7390.37 Safari/537.36"
[2026-09-04T14:57:25.925Z]  "GET /icon-192.png" "Mozilla/5.0 (X11; Linux x86_64) AppleWebKit/537.36 (KHTML, like Gecko) HeadlessChrome/141.0.7390.37 Safari/537.36"
[2026-09-04T14:57:25.928Z]  "GET /icon-512.png" "Mozilla/5.0 (X11; Linux x86_64) AppleWebKit/537.36 (KHTML, like Gecko) HeadlessChrome/141.0.7390.37 Safari/537.36"
[2026-09-04T14:57:25.939Z]  "GET /sw.js" "Mozilla/5.0 (X11; Linux x86_64) AppleWebKit/537.36 (KHTML, like Gecko) HeadlessChrome/141.0.7390.37 Safari/537.36"
[2026-09-04T14:57:28.446Z]  "GET /index.html" "Mozilla/5.0 (X11; Linux x86_64) AppleWebKit/537.36 (KHTML, like Gecko) HeadlessChrome/141.0.7390.37 Safari/537.36"
[2026-09-04T14:57:28.473Z]  "GET /js/access-gate.js" "Mozilla/5.0 (X11; Linux x86_64) AppleWebKit/537.36 (KHTML, like Gecko) HeadlessChrome/141.0.7390.37 Safari/537.36"
[2026-09-04T14:57:28.474Z]  "GET /js/platform.js" "Mozilla/5.0 (X11; Linux x86_64) AppleWebKit/537.36 (KHTML, like Gecko) HeadlessChrome/141.0.7390.37 Safari/537.36"
[2026-09-04T14:57:28.474Z]  "GET /js/telemetry.js" "Mozilla/5.0 (X11; Linux x86_64) AppleWebKit/537.36 (KHTML, like Gecko) HeadlessChrome/141.0.7390.37 Safari/537.36"
[2026-09-04T14:57:28.502Z]  "GET /styles.css" "Mozilla/5.0 (X11; Linux x86_64) AppleWebKit/537.36 (KHTML, like Gecko) HeadlessChrome/141.0.7390.37 Safari/537.36"
[2026-09-04T14:57:28.505Z]  "GET /js/perf-ios.js" "Mozilla/5.0 (X11; Linux x86_64) AppleWebKit/537.36 (KHTML, like Gecko) HeadlessChrome/141.0.7390.37 Safari/537.36"
[2026-09-04T14:57:28.505Z]  "GET /js/pwa-detect.js" "Mozilla/5.0 (X11; Linux x86_64) AppleWebKit/537.36 (KHTML, like Gecko) HeadlessChrome/141.0.7390.37 Safari/537.36"
[2026-09-04T14:57:28.505Z]  "GET /js/supabase-loader.js" "Mozilla/5.0 (X11; Linux x86_64) AppleWebKit/537.36 (KHTML, like Gecko) HeadlessChrome/141.0.7390.37 Safari/537.36"
[2026-09-04T14:57:28.505Z]  "GET /js/map-loader.js" "Mozilla/5.0 (X11; Linux x86_64) AppleWebKit/537.36 (KHTML, like Gecko) HeadlessChrome/141.0.7390.37 Safari/537.36"
[2026-09-04T14:57:28.506Z]  "GET /js/idb-store.js" "Mozilla/5.0 (X11; Linux x86_64) AppleWebKit/537.36 (KHTML, like Gecko) HeadlessChrome/141.0.7390.37 Safari/537.36"
[2026-09-04T14:57:28.508Z]  "GET /js/first-run.js" "Mozilla/5.0 (X11; Linux x86_64) AppleWebKit/537.36 (KHTML, like Gecko) HeadlessChrome/141.0.7390.37 Safari/537.36"
[2026-09-04T14:57:28.514Z]  "GET /js/app-01-diag-seed.js" "Mozilla/5.0 (X11; Linux x86_64) AppleWebKit/537.36 (KHTML, like Gecko) HeadlessChrome/141.0.7390.37 Safari/537.36"
[2026-09-04T14:57:28.515Z]  "GET /js/app-02-state-utils.js" "Mozilla/5.0 (X11; Linux x86_64) AppleWebKit/537.36 (KHTML, like Gecko) HeadlessChrome/141.0.7390.37 Safari/537.36"
[2026-09-04T14:57:28.515Z]  "GET /js/app-03-posts-vlogs.js" "Mozilla/5.0 (X11; Linux x86_64) AppleWebKit/537.36 (KHTML, like Gecko) HeadlessChrome/141.0.7390.37 Safari/537.36"
[2026-09-04T14:57:28.515Z]  "GET /js/app-04-comments-shop.js" "Mozilla/5.0 (X11; Linux x86_64) AppleWebKit/537.36 (KHTML, like Gecko) HeadlessChrome/141.0.7390.37 Safari/537.36"
[2026-09-04T14:57:28.515Z]  "GET /js/app-05-config-profil.js" "Mozilla/5.0 (X11; Linux x86_64) AppleWebKit/537.36 (KHTML, like Gecko) HeadlessChrome/141.0.7390.37 Safari/537.36"
[2026-09-04T14:57:28.515Z]  "GET /js/app-06-reels-partage.js" "Mozilla/5.0 (X11; Linux x86_64) AppleWebKit/537.36 (KHTML, like Gecko) HeadlessChrome/141.0.7390.37 Safari/537.36"
[2026-09-04T14:57:28.526Z]  "GET /js/app-07-ia-explore-irl.js" "Mozilla/5.0 (X11; Linux x86_64) AppleWebKit/537.36 (KHTML, like Gecko) HeadlessChrome/141.0.7390.37 Safari/537.36"
[2026-09-04T14:57:28.527Z]  "GET /js/app-08-ui-modals-tour.js" "Mozilla/5.0 (X11; Linux x86_64) AppleWebKit/537.36 (KHTML, like Gecko) HeadlessChrome/141.0.7390.37 Safari/537.36"
[2026-09-04T14:57:28.527Z]  "GET /js/app-09-boot-pwa.js" "Mozilla/5.0 (X11; Linux x86_64) AppleWebKit/537.36 (KHTML, like Gecko) HeadlessChrome/141.0.7390.37 Safari/537.36"
[2026-09-04T14:57:28.527Z]  "GET /js/contextual-nav.js" "Mozilla/5.0 (X11; Linux x86_64) AppleWebKit/537.36 (KHTML, like Gecko) HeadlessChrome/141.0.7390.37 Safari/537.36"
[2026-09-04T14:57:28.528Z]  "GET /js/ui-v2-shell.js" "Mozilla/5.0 (X11; Linux x86_64) AppleWebKit/537.36 (KHTML, like Gecko) HeadlessChrome/141.0.7390.37 Safari/537.36"
[2026-09-04T14:57:28.529Z]  "GET /js/ui-v3-passerelle.js" "Mozilla/5.0 (X11; Linux x86_64) AppleWebKit/537.36 (KHTML, like Gecko) HeadlessChrome/141.0.7390.37 Safari/537.36"
[2026-09-04T14:57:28.537Z]  "GET /js/ui-v4b-fiche.js" "Mozilla/5.0 (X11; Linux x86_64) AppleWebKit/537.36 (KHTML, like Gecko) HeadlessChrome/141.0.7390.37 Safari/537.36"
[2026-09-04T14:57:28.537Z]  "GET /js/ui-v4a0-tete.js" "Mozilla/5.0 (X11; Linux x86_64) AppleWebKit/537.36 (KHTML, like Gecko) HeadlessChrome/141.0.7390.37 Safari/537.36"
[2026-09-04T14:57:28.538Z]  "GET /js/ui-v4a1-intentions.js" "Mozilla/5.0 (X11; Linux x86_64) AppleWebKit/537.36 (KHTML, like Gecko) HeadlessChrome/141.0.7390.37 Safari/537.36"
[2026-09-04T14:57:28.539Z]  "GET /js/ui-v4a2-cartes.js" "Mozilla/5.0 (X11; Linux x86_64) AppleWebKit/537.36 (KHTML, like Gecko) HeadlessChrome/141.0.7390.37 Safari/537.36"
[2026-09-04T14:57:28.539Z]  "GET /js/ui-v4a3-vue.js" "Mozilla/5.0 (X11; Linux x86_64) AppleWebKit/537.36 (KHTML, like Gecko) HeadlessChrome/141.0.7390.37 Safari/537.36"
[2026-09-04T14:57:28.544Z]  "GET /js/ui-v5-bobines.js" "Mozilla/5.0 (X11; Linux x86_64) AppleWebKit/537.36 (KHTML, like Gecko) HeadlessChrome/141.0.7390.37 Safari/537.36"
[2026-09-04T14:57:28.545Z]  "GET /js/ui-v4a4-outils.js" "Mozilla/5.0 (X11; Linux x86_64) AppleWebKit/537.36 (KHTML, like Gecko) HeadlessChrome/141.0.7390.37 Safari/537.36"
[2026-09-04T14:57:28.549Z]  "GET /js/ui-v4a5-filtres.js" "Mozilla/5.0 (X11; Linux x86_64) AppleWebKit/537.36 (KHTML, like Gecko) HeadlessChrome/141.0.7390.37 Safari/537.36"
[2026-09-04T14:57:28.550Z]  "GET /js/ui-v6-composer.js" "Mozilla/5.0 (X11; Linux x86_64) AppleWebKit/537.36 (KHTML, like Gecko) HeadlessChrome/141.0.7390.37 Safari/537.36"
[2026-09-04T14:57:28.554Z]  "GET /js/ui-v6a-messages.js" "Mozilla/5.0 (X11; Linux x86_64) AppleWebKit/537.36 (KHTML, like Gecko) HeadlessChrome/141.0.7390.37 Safari/537.36"
[2026-09-04T14:57:28.555Z]  "GET /js/ui-v6b-profil.js" "Mozilla/5.0 (X11; Linux x86_64) AppleWebKit/537.36 (KHTML, like Gecko) HeadlessChrome/141.0.7390.37 Safari/537.36"
[2026-09-04T14:57:28.560Z]  "GET /js/ui-v6c-proposer-irl.js" "Mozilla/5.0 (X11; Linux x86_64) AppleWebKit/537.36 (KHTML, like Gecko) HeadlessChrome/141.0.7390.37 Safari/537.36"
[2026-09-04T14:57:28.560Z]  "GET /js/ui-v7-lot.js" "Mozilla/5.0 (X11; Linux x86_64) AppleWebKit/537.36 (KHTML, like Gecko) HeadlessChrome/141.0.7390.37 Safari/537.36"
[2026-09-04T14:57:28.563Z]  "GET /js/passions-flat.js" "Mozilla/5.0 (X11; Linux x86_64) AppleWebKit/537.36 (KHTML, like Gecko) HeadlessChrome/141.0.7390.37 Safari/537.36"
[2026-09-04T14:57:28.563Z]  "GET /js/passion-selector.js" "Mozilla/5.0 (X11; Linux x86_64) AppleWebKit/537.36 (KHTML, like Gecko) HeadlessChrome/141.0.7390.37 Safari/537.36"
[2026-09-04T14:57:28.563Z]  "GET /js/passions-flat-ui.js" "Mozilla/5.0 (X11; Linux x86_64) AppleWebKit/537.36 (KHTML, like Gecko) HeadlessChrome/141.0.7390.37 Safari/537.36"
[2026-09-04T14:57:28.564Z]  "GET /js/pwa-landing.js" "Mozilla/5.0 (X11; Linux x86_64) AppleWebKit/537.36 (KHTML, like Gecko) HeadlessChrome/141.0.7390.37 Safari/537.36"
[2026-09-04T14:57:28.577Z]  "GET /js/emoji-misc.js" "Mozilla/5.0 (X11; Linux x86_64) AppleWebKit/537.36 (KHTML, like Gecko) HeadlessChrome/141.0.7390.37 Safari/537.36"
[2026-09-04T14:57:32.531Z]  "GET /data/passions-v1.json" "Mozilla/5.0 (X11; Linux x86_64) AppleWebKit/537.36 (KHTML, like Gecko) HeadlessChrome/141.0.7390.37 Safari/537.36"
[2026-09-04T14:57:38.238Z]  "GET /index.html" "Mozilla/5.0 (X11; Linux x86_64) AppleWebKit/537.36 (KHTML, like Gecko) HeadlessChrome/141.0.7390.37 Safari/537.36"
[2026-09-04T14:57:38.267Z]  "GET /js/access-gate.js" "Mozilla/5.0 (X11; Linux x86_64) AppleWebKit/537.36 (KHTML, like Gecko) HeadlessChrome/141.0.7390.37 Safari/537.36"
[2026-09-04T14:57:38.283Z]  "GET /js/platform.js" "Mozilla/5.0 (X11; Linux x86_64) AppleWebKit/537.36 (KHTML, like Gecko) HeadlessChrome/141.0.7390.37 Safari/537.36"
[2026-09-04T14:57:38.290Z]  "GET /js/telemetry.js" "Mozilla/5.0 (X11; Linux x86_64) AppleWebKit/537.36 (KHTML, like Gecko) HeadlessChrome/141.0.7390.37 Safari/537.36"
[2026-09-04T14:57:38.294Z]  "GET /js/perf-ios.js" "Mozilla/5.0 (X11; Linux x86_64) AppleWebKit/537.36 (KHTML, like Gecko) HeadlessChrome/141.0.7390.37 Safari/537.36"
[2026-09-04T14:57:38.294Z]  "GET /js/pwa-detect.js" "Mozilla/5.0 (X11; Linux x86_64) AppleWebKit/537.36 (KHTML, like Gecko) HeadlessChrome/141.0.7390.37 Safari/537.36"
[2026-09-04T14:57:38.295Z]  "GET /js/supabase-loader.js" "Mozilla/5.0 (X11; Linux x86_64) AppleWebKit/537.36 (KHTML, like Gecko) HeadlessChrome/141.0.7390.37 Safari/537.36"
[2026-09-04T14:57:38.298Z]  "GET /styles.css" "Mozilla/5.0 (X11; Linux x86_64) AppleWebKit/537.36 (KHTML, like Gecko) HeadlessChrome/141.0.7390.37 Safari/537.36"
[2026-09-04T14:57:38.299Z]  "GET /js/map-loader.js" "Mozilla/5.0 (X11; Linux x86_64) AppleWebKit/537.36 (KHTML, like Gecko) HeadlessChrome/141.0.7390.37 Safari/537.36"
[2026-09-04T14:57:38.299Z]  "GET /js/idb-store.js" "Mozilla/5.0 (X11; Linux x86_64) AppleWebKit/537.36 (KHTML, like Gecko) HeadlessChrome/141.0.7390.37 Safari/537.36"
[2026-09-04T14:57:38.330Z]  "GET /js/first-run.js" "Mozilla/5.0 (X11; Linux x86_64) AppleWebKit/537.36 (KHTML, like Gecko) HeadlessChrome/141.0.7390.37 Safari/537.36"
[2026-09-04T14:57:38.334Z]  "GET /js/app-01-diag-seed.js" "Mozilla/5.0 (X11; Linux x86_64) AppleWebKit/537.36 (KHTML, like Gecko) HeadlessChrome/141.0.7390.37 Safari/537.36"
[2026-09-04T14:57:38.335Z]  "GET /js/app-02-state-utils.js" "Mozilla/5.0 (X11; Linux x86_64) AppleWebKit/537.36 (KHTML, like Gecko) HeadlessChrome/141.0.7390.37 Safari/537.36"
[2026-09-04T14:57:38.340Z]  "GET /js/app-03-posts-vlogs.js" "Mozilla/5.0 (X11; Linux x86_64) AppleWebKit/537.36 (KHTML, like Gecko) HeadlessChrome/141.0.7390.37 Safari/537.36"
[2026-09-04T14:57:38.341Z]  "GET /js/app-04-comments-shop.js" "Mozilla/5.0 (X11; Linux x86_64) AppleWebKit/537.36 (KHTML, like Gecko) HeadlessChrome/141.0.7390.37 Safari/537.36"
[2026-09-04T14:57:38.341Z]  "GET /js/app-05-config-profil.js" "Mozilla/5.0 (X11; Linux x86_64) AppleWebKit/537.36 (KHTML, like Gecko) HeadlessChrome/141.0.7390.37 Safari/537.36"
[2026-09-04T14:57:38.361Z]  "GET /js/app-06-reels-partage.js" "Mozilla/5.0 (X11; Linux x86_64) AppleWebKit/537.36 (KHTML, like Gecko) HeadlessChrome/141.0.7390.37 Safari/537.36"
[2026-09-04T14:57:38.361Z]  "GET /js/app-07-ia-explore-irl.js" "Mozilla/5.0 (X11; Linux x86_64) AppleWebKit/537.36 (KHTML, like Gecko) HeadlessChrome/141.0.7390.37 Safari/537.36"
[2026-09-04T14:57:38.376Z]  "GET /js/app-08-ui-modals-tour.js" "Mozilla/5.0 (X11; Linux x86_64) AppleWebKit/537.36 (KHTML, like Gecko) HeadlessChrome/141.0.7390.37 Safari/537.36"
[2026-09-04T14:57:38.378Z]  "GET /js/app-09-boot-pwa.js" "Mozilla/5.0 (X11; Linux x86_64) AppleWebKit/537.36 (KHTML, like Gecko) HeadlessChrome/141.0.7390.37 Safari/537.36"
[2026-09-04T14:57:38.378Z]  "GET /js/contextual-nav.js" "Mozilla/5.0 (X11; Linux x86_64) AppleWebKit/537.36 (KHTML, like Gecko) HeadlessChrome/141.0.7390.37 Safari/537.36"
[2026-09-04T14:57:38.378Z]  "GET /js/ui-v2-shell.js" "Mozilla/5.0 (X11; Linux x86_64) AppleWebKit/537.36 (KHTML, like Gecko) HeadlessChrome/141.0.7390.37 Safari/537.36"
[2026-09-04T14:57:38.390Z]  "GET /js/ui-v3-passerelle.js" "Mozilla/5.0 (X11; Linux x86_64) AppleWebKit/537.36 (KHTML, like Gecko) HeadlessChrome/141.0.7390.37 Safari/537.36"
[2026-09-04T14:57:38.390Z]  "GET /js/ui-v4b-fiche.js" "Mozilla/5.0 (X11; Linux x86_64) AppleWebKit/537.36 (KHTML, like Gecko) HeadlessChrome/141.0.7390.37 Safari/537.36"
[2026-09-04T14:57:38.390Z]  "GET /js/ui-v4a0-tete.js" "Mozilla/5.0 (X11; Linux x86_64) AppleWebKit/537.36 (KHTML, like Gecko) HeadlessChrome/141.0.7390.37 Safari/537.36"
[2026-09-04T14:57:38.393Z]  "GET /js/ui-v4a1-intentions.js" "Mozilla/5.0 (X11; Linux x86_64) AppleWebKit/537.36 (KHTML, like Gecko) HeadlessChrome/141.0.7390.37 Safari/537.36"
[2026-09-04T14:57:38.393Z]  "GET /js/ui-v4a2-cartes.js" "Mozilla/5.0 (X11; Linux x86_64) AppleWebKit/537.36 (KHTML, like Gecko) HeadlessChrome/141.0.7390.37 Safari/537.36"
[2026-09-04T14:57:38.393Z]  "GET /js/ui-v4a3-vue.js" "Mozilla/5.0 (X11; Linux x86_64) AppleWebKit/537.36 (KHTML, like Gecko) HeadlessChrome/141.0.7390.37 Safari/537.36"
[2026-09-04T14:57:38.427Z]  "GET /js/ui-v5-bobines.js" "Mozilla/5.0 (X11; Linux x86_64) AppleWebKit/537.36 (KHTML, like Gecko) HeadlessChrome/141.0.7390.37 Safari/537.36"
[2026-09-04T14:57:38.428Z]  "GET /js/ui-v4a4-outils.js" "Mozilla/5.0 (X11; Linux x86_64) AppleWebKit/537.36 (KHTML, like Gecko) HeadlessChrome/141.0.7390.37 Safari/537.36"
[2026-09-04T14:57:38.428Z]  "GET /js/ui-v4a5-filtres.js" "Mozilla/5.0 (X11; Linux x86_64) AppleWebKit/537.36 (KHTML, like Gecko) HeadlessChrome/141.0.7390.37 Safari/537.36"
[2026-09-04T14:57:38.428Z]  "GET /js/ui-v6-composer.js" "Mozilla/5.0 (X11; Linux x86_64) AppleWebKit/537.36 (KHTML, like Gecko) HeadlessChrome/141.0.7390.37 Safari/537.36"
[2026-09-04T14:57:38.428Z]  "GET /js/ui-v6a-messages.js" "Mozilla/5.0 (X11; Linux x86_64) AppleWebKit/537.36 (KHTML, like Gecko) HeadlessChrome/141.0.7390.37 Safari/537.36"
[2026-09-04T14:57:38.428Z]  "GET /js/ui-v6b-profil.js" "Mozilla/5.0 (X11; Linux x86_64) AppleWebKit/537.36 (KHTML, like Gecko) HeadlessChrome/141.0.7390.37 Safari/537.36"
[2026-09-04T14:57:38.458Z]  "GET /js/ui-v6c-proposer-irl.js" "Mozilla/5.0 (X11; Linux x86_64) AppleWebKit/537.36 (KHTML, like Gecko) HeadlessChrome/141.0.7390.37 Safari/537.36"
[2026-09-04T14:57:38.458Z]  "GET /js/ui-v7-lot.js" "Mozilla/5.0 (X11; Linux x86_64) AppleWebKit/537.36 (KHTML, like Gecko) HeadlessChrome/141.0.7390.37 Safari/537.36"
[2026-09-04T14:57:38.458Z]  "GET /js/passions-flat.js" "Mozilla/5.0 (X11; Linux x86_64) AppleWebKit/537.36 (KHTML, like Gecko) HeadlessChrome/141.0.7390.37 Safari/537.36"
[2026-09-04T14:57:38.459Z]  "GET /js/passion-selector.js" "Mozilla/5.0 (X11; Linux x86_64) AppleWebKit/537.36 (KHTML, like Gecko) HeadlessChrome/141.0.7390.37 Safari/537.36"
[2026-09-04T14:57:38.459Z]  "GET /js/passions-flat-ui.js" "Mozilla/5.0 (X11; Linux x86_64) AppleWebKit/537.36 (KHTML, like Gecko) HeadlessChrome/141.0.7390.37 Safari/537.36"
[2026-09-04T14:57:38.459Z]  "GET /js/pwa-landing.js" "Mozilla/5.0 (X11; Linux x86_64) AppleWebKit/537.36 (KHTML, like Gecko) HeadlessChrome/141.0.7390.37 Safari/537.36"
[2026-09-04T14:57:38.483Z]  "GET /js/emoji-misc.js" "Mozilla/5.0 (X11; Linux x86_64) AppleWebKit/537.36 (KHTML, like Gecko) HeadlessChrome/141.0.7390.37 Safari/537.36"
[2026-09-04T14:57:42.064Z]  "GET /sw.js" "Mozilla/5.0 (X11; Linux x86_64) AppleWebKit/537.36 (KHTML, like Gecko) HeadlessChrome/141.0.7390.37 Safari/537.36"
[2026-09-04T14:57:42.080Z]  "GET /index.html" "Mozilla/5.0 (X11; Linux x86_64) AppleWebKit/537.36 (KHTML, like Gecko) HeadlessChrome/141.0.7390.37 Safari/537.36"
[2026-09-04T14:57:42.093Z]  "GET /icon-192.png" "Mozilla/5.0 (X11; Linux x86_64) AppleWebKit/537.36 (KHTML, like Gecko) HeadlessChrome/141.0.7390.37 Safari/537.36"
[2026-09-04T14:57:42.094Z]  "GET /styles.css" "Mozilla/5.0 (X11; Linux x86_64) AppleWebKit/537.36 (KHTML, like Gecko) HeadlessChrome/141.0.7390.37 Safari/537.36"
[2026-09-04T14:57:42.097Z]  "GET /manifest.json" "Mozilla/5.0 (X11; Linux x86_64) AppleWebKit/537.36 (KHTML, like Gecko) HeadlessChrome/141.0.7390.37 Safari/537.36"
[2026-09-04T14:57:42.105Z]  "GET /icon-512.png" "Mozilla/5.0 (X11; Linux x86_64) AppleWebKit/537.36 (KHTML, like Gecko) HeadlessChrome/141.0.7390.37 Safari/537.36"
[2026-09-04T14:57:42.120Z]  "GET /sw.js" "Mozilla/5.0 (X11; Linux x86_64) AppleWebKit/537.36 (KHTML, like Gecko) HeadlessChrome/141.0.7390.37 Safari/537.36"
[2026-09-04T14:57:46.087Z]  "GET /index.html" "Mozilla/5.0 (X11; Linux x86_64) AppleWebKit/537.36 (KHTML, like Gecko) HeadlessChrome/141.0.7390.37 Safari/537.36"
[2026-09-04T14:57:46.114Z]  "GET /js/access-gate.js" "Mozilla/5.0 (X11; Linux x86_64) AppleWebKit/537.36 (KHTML, like Gecko) HeadlessChrome/141.0.7390.37 Safari/537.36"
[2026-09-04T14:57:46.117Z]  "GET /js/platform.js" "Mozilla/5.0 (X11; Linux x86_64) AppleWebKit/537.36 (KHTML, like Gecko) HeadlessChrome/141.0.7390.37 Safari/537.36"
[2026-09-04T14:57:46.117Z]  "GET /js/telemetry.js" "Mozilla/5.0 (X11; Linux x86_64) AppleWebKit/537.36 (KHTML, like Gecko) HeadlessChrome/141.0.7390.37 Safari/537.36"
[2026-09-04T14:57:46.119Z]  "GET /js/perf-ios.js" "Mozilla/5.0 (X11; Linux x86_64) AppleWebKit/537.36 (KHTML, like Gecko) HeadlessChrome/141.0.7390.37 Safari/537.36"
[2026-09-04T14:57:46.120Z]  "GET /js/pwa-detect.js" "Mozilla/5.0 (X11; Linux x86_64) AppleWebKit/537.36 (KHTML, like Gecko) HeadlessChrome/141.0.7390.37 Safari/537.36"
[2026-09-04T14:57:46.120Z]  "GET /js/supabase-loader.js" "Mozilla/5.0 (X11; Linux x86_64) AppleWebKit/537.36 (KHTML, like Gecko) HeadlessChrome/141.0.7390.37 Safari/537.36"
[2026-09-04T14:57:46.147Z]  "GET /styles.css" "Mozilla/5.0 (X11; Linux x86_64) AppleWebKit/537.36 (KHTML, like Gecko) HeadlessChrome/141.0.7390.37 Safari/537.36"
[2026-09-04T14:57:46.147Z]  "GET /js/map-loader.js" "Mozilla/5.0 (X11; Linux x86_64) AppleWebKit/537.36 (KHTML, like Gecko) HeadlessChrome/141.0.7390.37 Safari/537.36"
[2026-09-04T14:57:46.147Z]  "GET /js/idb-store.js" "Mozilla/5.0 (X11; Linux x86_64) AppleWebKit/537.36 (KHTML, like Gecko) HeadlessChrome/141.0.7390.37 Safari/537.36"
[2026-09-04T14:57:46.148Z]  "GET /js/first-run.js" "Mozilla/5.0 (X11; Linux x86_64) AppleWebKit/537.36 (KHTML, like Gecko) HeadlessChrome/141.0.7390.37 Safari/537.36"
[2026-09-04T14:57:46.148Z]  "GET /js/app-01-diag-seed.js" "Mozilla/5.0 (X11; Linux x86_64) AppleWebKit/537.36 (KHTML, like Gecko) HeadlessChrome/141.0.7390.37 Safari/537.36"
[2026-09-04T14:57:46.150Z]  "GET /js/app-02-state-utils.js" "Mozilla/5.0 (X11; Linux x86_64) AppleWebKit/537.36 (KHTML, like Gecko) HeadlessChrome/141.0.7390.37 Safari/537.36"
[2026-09-04T14:57:46.166Z]  "GET /js/app-03-posts-vlogs.js" "Mozilla/5.0 (X11; Linux x86_64) AppleWebKit/537.36 (KHTML, like Gecko) HeadlessChrome/141.0.7390.37 Safari/537.36"
[2026-09-04T14:57:46.166Z]  "GET /js/app-04-comments-shop.js" "Mozilla/5.0 (X11; Linux x86_64) AppleWebKit/537.36 (KHTML, like Gecko) HeadlessChrome/141.0.7390.37 Safari/537.36"
[2026-09-04T14:57:46.168Z]  "GET /js/app-05-config-profil.js" "Mozilla/5.0 (X11; Linux x86_64) AppleWebKit/537.36 (KHTML, like Gecko) HeadlessChrome/141.0.7390.37 Safari/537.36"
[2026-09-04T14:57:46.177Z]  "GET /js/app-06-reels-partage.js" "Mozilla/5.0 (X11; Linux x86_64) AppleWebKit/537.36 (KHTML, like Gecko) HeadlessChrome/141.0.7390.37 Safari/537.36"
[2026-09-04T14:57:46.185Z]  "GET /js/app-07-ia-explore-irl.js" "Mozilla/5.0 (X11; Linux x86_64) AppleWebKit/537.36 (KHTML, like Gecko) HeadlessChrome/141.0.7390.37 Safari/537.36"
[2026-09-04T14:57:46.185Z]  "GET /js/app-08-ui-modals-tour.js" "Mozilla/5.0 (X11; Linux x86_64) AppleWebKit/537.36 (KHTML, like Gecko) HeadlessChrome/141.0.7390.37 Safari/537.36"
[2026-09-04T14:57:46.185Z]  "GET /js/app-09-boot-pwa.js" "Mozilla/5.0 (X11; Linux x86_64) AppleWebKit/537.36 (KHTML, like Gecko) HeadlessChrome/141.0.7390.37 Safari/537.36"
[2026-09-04T14:57:46.185Z]  "GET /js/contextual-nav.js" "Mozilla/5.0 (X11; Linux x86_64) AppleWebKit/537.36 (KHTML, like Gecko) HeadlessChrome/141.0.7390.37 Safari/537.36"
[2026-09-04T14:57:46.186Z]  "GET /js/ui-v2-shell.js" "Mozilla/5.0 (X11; Linux x86_64) AppleWebKit/537.36 (KHTML, like Gecko) HeadlessChrome/141.0.7390.37 Safari/537.36"
[2026-09-04T14:57:46.186Z]  "GET /js/ui-v3-passerelle.js" "Mozilla/5.0 (X11; Linux x86_64) AppleWebKit/537.36 (KHTML, like Gecko) HeadlessChrome/141.0.7390.37 Safari/537.36"
[2026-09-04T14:57:46.199Z]  "GET /js/ui-v4b-fiche.js" "Mozilla/5.0 (X11; Linux x86_64) AppleWebKit/537.36 (KHTML, like Gecko) HeadlessChrome/141.0.7390.37 Safari/537.36"
[2026-09-04T14:57:46.200Z]  "GET /js/ui-v4a0-tete.js" "Mozilla/5.0 (X11; Linux x86_64) AppleWebKit/537.36 (KHTML, like Gecko) HeadlessChrome/141.0.7390.37 Safari/537.36"
[2026-09-04T14:57:46.200Z]  "GET /js/ui-v4a1-intentions.js" "Mozilla/5.0 (X11; Linux x86_64) AppleWebKit/537.36 (KHTML, like Gecko) HeadlessChrome/141.0.7390.37 Safari/537.36"
[2026-09-04T14:57:46.201Z]  "GET /js/ui-v4a2-cartes.js" "Mozilla/5.0 (X11; Linux x86_64) AppleWebKit/537.36 (KHTML, like Gecko) HeadlessChrome/141.0.7390.37 Safari/537.36"
[2026-09-04T14:57:46.201Z]  "GET /js/ui-v4a3-vue.js" "Mozilla/5.0 (X11; Linux x86_64) AppleWebKit/537.36 (KHTML, like Gecko) HeadlessChrome/141.0.7390.37 Safari/537.36"
[2026-09-04T14:57:46.201Z]  "GET /js/ui-v5-bobines.js" "Mozilla/5.0 (X11; Linux x86_64) AppleWebKit/537.36 (KHTML, like Gecko) HeadlessChrome/141.0.7390.37 Safari/537.36"
[2026-09-04T14:57:46.214Z]  "GET /js/ui-v4a4-outils.js" "Mozilla/5.0 (X11; Linux x86_64) AppleWebKit/537.36 (KHTML, like Gecko) HeadlessChrome/141.0.7390.37 Safari/537.36"
[2026-09-04T14:57:46.214Z]  "GET /js/ui-v4a5-filtres.js" "Mozilla/5.0 (X11; Linux x86_64) AppleWebKit/537.36 (KHTML, like Gecko) HeadlessChrome/141.0.7390.37 Safari/537.36"
[2026-09-04T14:57:46.214Z]  "GET /js/ui-v6-composer.js" "Mozilla/5.0 (X11; Linux x86_64) AppleWebKit/537.36 (KHTML, like Gecko) HeadlessChrome/141.0.7390.37 Safari/537.36"
[2026-09-04T14:57:46.214Z]  "GET /js/ui-v6a-messages.js" "Mozilla/5.0 (X11; Linux x86_64) AppleWebKit/537.36 (KHTML, like Gecko) HeadlessChrome/141.0.7390.37 Safari/537.36"
[2026-09-04T14:57:46.214Z]  "GET /js/ui-v6b-profil.js" "Mozilla/5.0 (X11; Linux x86_64) AppleWebKit/537.36 (KHTML, like Gecko) HeadlessChrome/141.0.7390.37 Safari/537.36"
[2026-09-04T14:57:46.215Z]  "GET /js/ui-v6c-proposer-irl.js" "Mozilla/5.0 (X11; Linux x86_64) AppleWebKit/537.36 (KHTML, like Gecko) HeadlessChrome/141.0.7390.37 Safari/537.36"
[2026-09-04T14:57:46.239Z]  "GET /js/ui-v7-lot.js" "Mozilla/5.0 (X11; Linux x86_64) AppleWebKit/537.36 (KHTML, like Gecko) HeadlessChrome/141.0.7390.37 Safari/537.36"
[2026-09-04T14:57:46.241Z]  "GET /js/passions-flat.js" "Mozilla/5.0 (X11; Linux x86_64) AppleWebKit/537.36 (KHTML, like Gecko) HeadlessChrome/141.0.7390.37 Safari/537.36"
[2026-09-04T14:57:46.242Z]  "GET /js/passion-selector.js" "Mozilla/5.0 (X11; Linux x86_64) AppleWebKit/537.36 (KHTML, like Gecko) HeadlessChrome/141.0.7390.37 Safari/537.36"
[2026-09-04T14:57:46.243Z]  "GET /js/passions-flat-ui.js" "Mozilla/5.0 (X11; Linux x86_64) AppleWebKit/537.36 (KHTML, like Gecko) HeadlessChrome/141.0.7390.37 Safari/537.36"
[2026-09-04T14:57:46.243Z]  "GET /js/pwa-landing.js" "Mozilla/5.0 (X11; Linux x86_64) AppleWebKit/537.36 (KHTML, like Gecko) HeadlessChrome/141.0.7390.37 Safari/537.36"
[2026-09-04T14:57:46.245Z]  "GET /js/emoji-misc.js" "Mozilla/5.0 (X11; Linux x86_64) AppleWebKit/537.36 (KHTML, like Gecko) HeadlessChrome/141.0.7390.37 Safari/537.36"
[2026-09-04T14:57:52.149Z]  "GET /sw.js" "Mozilla/5.0 (X11; Linux x86_64) AppleWebKit/537.36 (KHTML, like Gecko) HeadlessChrome/141.0.7390.37 Safari/537.36"
[2026-09-04T14:57:52.170Z]  "GET /index.html" "Mozilla/5.0 (X11; Linux x86_64) AppleWebKit/537.36 (KHTML, like Gecko) HeadlessChrome/141.0.7390.37 Safari/537.36"
[2026-09-04T14:57:52.171Z]  "GET /styles.css" "Mozilla/5.0 (X11; Linux x86_64) AppleWebKit/537.36 (KHTML, like Gecko) HeadlessChrome/141.0.7390.37 Safari/537.36"
[2026-09-04T14:57:52.171Z]  "GET /manifest.json" "Mozilla/5.0 (X11; Linux x86_64) AppleWebKit/537.36 (KHTML, like Gecko) HeadlessChrome/141.0.7390.37 Safari/537.36"
[2026-09-04T14:57:52.181Z]  "GET /icon-192.png" "Mozilla/5.0 (X11; Linux x86_64) AppleWebKit/537.36 (KHTML, like Gecko) HeadlessChrome/141.0.7390.37 Safari/537.36"
[2026-09-04T14:57:52.182Z]  "GET /icon-512.png" "Mozilla/5.0 (X11; Linux x86_64) AppleWebKit/537.36 (KHTML, like Gecko) HeadlessChrome/141.0.7390.37 Safari/537.36"
[2026-09-04T14:57:52.189Z]  "GET /sw.js" "Mozilla/5.0 (X11; Linux x86_64) AppleWebKit/537.36 (KHTML, like Gecko) HeadlessChrome/141.0.7390.37 Safari/537.36"
[2026-09-04T14:57:58.826Z]  "GET /data/passions-v1.json" "Mozilla/5.0 (X11; Linux x86_64) AppleWebKit/537.36 (KHTML, like Gecko) HeadlessChrome/141.0.7390.37 Safari/537.36"
[2026-09-04T14:58:00.000Z]  "GET /sw.js" "Mozilla/5.0 (X11; Linux x86_64) AppleWebKit/537.36 (KHTML, like Gecko) HeadlessChrome/141.0.7390.37 Safari/537.36"
[2026-09-04T14:58:03.213Z]  "GET /sw.js" "Mozilla/5.0 (X11; Linux x86_64) AppleWebKit/537.36 (KHTML, like Gecko) HeadlessChrome/141.0.7390.37 Safari/537.36"
[2026-09-04T14:58:04.554Z]  "GET /index.html" "Mozilla/5.0 (X11; Linux x86_64) AppleWebKit/537.36 (KHTML, like Gecko) HeadlessChrome/141.0.7390.37 Safari/537.36"
[2026-09-04T14:58:04.578Z]  "GET /js/access-gate.js" "Mozilla/5.0 (X11; Linux x86_64) AppleWebKit/537.36 (KHTML, like Gecko) HeadlessChrome/141.0.7390.37 Safari/537.36"
[2026-09-04T14:58:04.583Z]  "GET /styles.css" "Mozilla/5.0 (X11; Linux x86_64) AppleWebKit/537.36 (KHTML, like Gecko) HeadlessChrome/141.0.7390.37 Safari/537.36"
[2026-09-04T14:58:04.583Z]  "GET /js/platform.js" "Mozilla/5.0 (X11; Linux x86_64) AppleWebKit/537.36 (KHTML, like Gecko) HeadlessChrome/141.0.7390.37 Safari/537.36"
[2026-09-04T14:58:04.583Z]  "GET /js/telemetry.js" "Mozilla/5.0 (X11; Linux x86_64) AppleWebKit/537.36 (KHTML, like Gecko) HeadlessChrome/141.0.7390.37 Safari/537.36"
[2026-09-04T14:58:04.583Z]  "GET /js/perf-ios.js" "Mozilla/5.0 (X11; Linux x86_64) AppleWebKit/537.36 (KHTML, like Gecko) HeadlessChrome/141.0.7390.37 Safari/537.36"
[2026-09-04T14:58:04.583Z]  "GET /js/pwa-detect.js" "Mozilla/5.0 (X11; Linux x86_64) AppleWebKit/537.36 (KHTML, like Gecko) HeadlessChrome/141.0.7390.37 Safari/537.36"
[2026-09-04T14:58:04.584Z]  "GET /js/supabase-loader.js" "Mozilla/5.0 (X11; Linux x86_64) AppleWebKit/537.36 (KHTML, like Gecko) HeadlessChrome/141.0.7390.37 Safari/537.36"
[2026-09-04T14:58:04.607Z]  "GET /js/map-loader.js" "Mozilla/5.0 (X11; Linux x86_64) AppleWebKit/537.36 (KHTML, like Gecko) HeadlessChrome/141.0.7390.37 Safari/537.36"
[2026-09-04T14:58:04.607Z]  "GET /js/idb-store.js" "Mozilla/5.0 (X11; Linux x86_64) AppleWebKit/537.36 (KHTML, like Gecko) HeadlessChrome/141.0.7390.37 Safari/537.36"
[2026-09-04T14:58:04.607Z]  "GET /js/first-run.js" "Mozilla/5.0 (X11; Linux x86_64) AppleWebKit/537.36 (KHTML, like Gecko) HeadlessChrome/141.0.7390.37 Safari/537.36"
[2026-09-04T14:58:04.607Z]  "GET /js/app-01-diag-seed.js" "Mozilla/5.0 (X11; Linux x86_64) AppleWebKit/537.36 (KHTML, like Gecko) HeadlessChrome/141.0.7390.37 Safari/537.36"
[2026-09-04T14:58:04.608Z]  "GET /js/app-02-state-utils.js" "Mozilla/5.0 (X11; Linux x86_64) AppleWebKit/537.36 (KHTML, like Gecko) HeadlessChrome/141.0.7390.37 Safari/537.36"
[2026-09-04T14:58:04.608Z]  "GET /js/app-03-posts-vlogs.js" "Mozilla/5.0 (X11; Linux x86_64) AppleWebKit/537.36 (KHTML, like Gecko) HeadlessChrome/141.0.7390.37 Safari/537.36"
[2026-09-04T14:58:04.633Z]  "GET /js/app-04-comments-shop.js" "Mozilla/5.0 (X11; Linux x86_64) AppleWebKit/537.36 (KHTML, like Gecko) HeadlessChrome/141.0.7390.37 Safari/537.36"
[2026-09-04T14:58:04.633Z]  "GET /js/app-05-config-profil.js" "Mozilla/5.0 (X11; Linux x86_64) AppleWebKit/537.36 (KHTML, like Gecko) HeadlessChrome/141.0.7390.37 Safari/537.36"
[2026-09-04T14:58:04.633Z]  "GET /js/app-06-reels-partage.js" "Mozilla/5.0 (X11; Linux x86_64) AppleWebKit/537.36 (KHTML, like Gecko) HeadlessChrome/141.0.7390.37 Safari/537.36"
[2026-09-04T14:58:04.634Z]  "GET /js/app-07-ia-explore-irl.js" "Mozilla/5.0 (X11; Linux x86_64) AppleWebKit/537.36 (KHTML, like Gecko) HeadlessChrome/141.0.7390.37 Safari/537.36"
[2026-09-04T14:58:04.638Z]  "GET /js/app-08-ui-modals-tour.js" "Mozilla/5.0 (X11; Linux x86_64) AppleWebKit/537.36 (KHTML, like Gecko) HeadlessChrome/141.0.7390.37 Safari/537.36"
[2026-09-04T14:58:04.640Z]  "GET /js/app-09-boot-pwa.js" "Mozilla/5.0 (X11; Linux x86_64) AppleWebKit/537.36 (KHTML, like Gecko) HeadlessChrome/141.0.7390.37 Safari/537.36"
[2026-09-04T14:58:04.641Z]  "GET /js/contextual-nav.js" "Mozilla/5.0 (X11; Linux x86_64) AppleWebKit/537.36 (KHTML, like Gecko) HeadlessChrome/141.0.7390.37 Safari/537.36"
[2026-09-04T14:58:04.651Z]  "GET /js/ui-v2-shell.js" "Mozilla/5.0 (X11; Linux x86_64) AppleWebKit/537.36 (KHTML, like Gecko) HeadlessChrome/141.0.7390.37 Safari/537.36"
[2026-09-04T14:58:04.651Z]  "GET /js/ui-v3-passerelle.js" "Mozilla/5.0 (X11; Linux x86_64) AppleWebKit/537.36 (KHTML, like Gecko) HeadlessChrome/141.0.7390.37 Safari/537.36"
[2026-09-04T14:58:04.652Z]  "GET /js/ui-v4b-fiche.js" "Mozilla/5.0 (X11; Linux x86_64) AppleWebKit/537.36 (KHTML, like Gecko) HeadlessChrome/141.0.7390.37 Safari/537.36"
[2026-09-04T14:58:04.652Z]  "GET /js/ui-v4a0-tete.js" "Mozilla/5.0 (X11; Linux x86_64) AppleWebKit/537.36 (KHTML, like Gecko) HeadlessChrome/141.0.7390.37 Safari/537.36"
[2026-09-04T14:58:04.654Z]  "GET /js/ui-v4a1-intentions.js" "Mozilla/5.0 (X11; Linux x86_64) AppleWebKit/537.36 (KHTML, like Gecko) HeadlessChrome/141.0.7390.37 Safari/537.36"
[2026-09-04T14:58:04.657Z]  "GET /js/ui-v4a2-cartes.js" "Mozilla/5.0 (X11; Linux x86_64) AppleWebKit/537.36 (KHTML, like Gecko) HeadlessChrome/141.0.7390.37 Safari/537.36"
[2026-09-04T14:58:04.664Z]  "GET /js/ui-v4a3-vue.js" "Mozilla/5.0 (X11; Linux x86_64) AppleWebKit/537.36 (KHTML, like Gecko) HeadlessChrome/141.0.7390.37 Safari/537.36"
[2026-09-04T14:58:04.665Z]  "GET /js/ui-v5-bobines.js" "Mozilla/5.0 (X11; Linux x86_64) AppleWebKit/537.36 (KHTML, like Gecko) HeadlessChrome/141.0.7390.37 Safari/537.36"
[2026-09-04T14:58:04.672Z]  "GET /js/ui-v4a4-outils.js" "Mozilla/5.0 (X11; Linux x86_64) AppleWebKit/537.36 (KHTML, like Gecko) HeadlessChrome/141.0.7390.37 Safari/537.36"
[2026-09-04T14:58:04.672Z]  "GET /js/ui-v4a5-filtres.js" "Mozilla/5.0 (X11; Linux x86_64) AppleWebKit/537.36 (KHTML, like Gecko) HeadlessChrome/141.0.7390.37 Safari/537.36"
[2026-09-04T14:58:04.673Z]  "GET /js/ui-v6-composer.js" "Mozilla/5.0 (X11; Linux x86_64) AppleWebKit/537.36 (KHTML, like Gecko) HeadlessChrome/141.0.7390.37 Safari/537.36"
[2026-09-04T14:58:04.680Z]  "GET /js/ui-v6a-messages.js" "Mozilla/5.0 (X11; Linux x86_64) AppleWebKit/537.36 (KHTML, like Gecko) HeadlessChrome/141.0.7390.37 Safari/537.36"
[2026-09-04T14:58:04.681Z]  "GET /js/ui-v6b-profil.js" "Mozilla/5.0 (X11; Linux x86_64) AppleWebKit/537.36 (KHTML, like Gecko) HeadlessChrome/141.0.7390.37 Safari/537.36"
[2026-09-04T14:58:04.681Z]  "GET /js/ui-v6c-proposer-irl.js" "Mozilla/5.0 (X11; Linux x86_64) AppleWebKit/537.36 (KHTML, like Gecko) HeadlessChrome/141.0.7390.37 Safari/537.36"
[2026-09-04T14:58:04.696Z]  "GET /js/ui-v7-lot.js" "Mozilla/5.0 (X11; Linux x86_64) AppleWebKit/537.36 (KHTML, like Gecko) HeadlessChrome/141.0.7390.37 Safari/537.36"
[2026-09-04T14:58:04.696Z]  "GET /js/passions-flat.js" "Mozilla/5.0 (X11; Linux x86_64) AppleWebKit/537.36 (KHTML, like Gecko) HeadlessChrome/141.0.7390.37 Safari/537.36"
[2026-09-04T14:58:04.697Z]  "GET /js/passion-selector.js" "Mozilla/5.0 (X11; Linux x86_64) AppleWebKit/537.36 (KHTML, like Gecko) HeadlessChrome/141.0.7390.37 Safari/537.36"
[2026-09-04T14:58:04.697Z]  "GET /js/passions-flat-ui.js" "Mozilla/5.0 (X11; Linux x86_64) AppleWebKit/537.36 (KHTML, like Gecko) HeadlessChrome/141.0.7390.37 Safari/537.36"
[2026-09-04T14:58:04.699Z]  "GET /js/pwa-landing.js" "Mozilla/5.0 (X11; Linux x86_64) AppleWebKit/537.36 (KHTML, like Gecko) HeadlessChrome/141.0.7390.37 Safari/537.36"
[2026-09-04T14:58:04.701Z]  "GET /js/emoji-misc.js" "Mozilla/5.0 (X11; Linux x86_64) AppleWebKit/537.36 (KHTML, like Gecko) HeadlessChrome/141.0.7390.37 Safari/537.36"
[2026-09-04T14:58:05.455Z]  "GET /sw.js" "Mozilla/5.0 (X11; Linux x86_64) AppleWebKit/537.36 (KHTML, like Gecko) HeadlessChrome/141.0.7390.37 Safari/537.36"
[2026-09-04T14:58:06.834Z]  "GET /index.html" "Mozilla/5.0 (X11; Linux x86_64) AppleWebKit/537.36 (KHTML, like Gecko) HeadlessChrome/141.0.7390.37 Safari/537.36"
[2026-09-04T14:58:06.863Z]  "GET /js/access-gate.js" "Mozilla/5.0 (X11; Linux x86_64) AppleWebKit/537.36 (KHTML, like Gecko) HeadlessChrome/141.0.7390.37 Safari/537.36"
[2026-09-04T14:58:06.864Z]  "GET /js/platform.js" "Mozilla/5.0 (X11; Linux x86_64) AppleWebKit/537.36 (KHTML, like Gecko) HeadlessChrome/141.0.7390.37 Safari/537.36"
[2026-09-04T14:58:06.891Z]  "GET /js/telemetry.js" "Mozilla/5.0 (X11; Linux x86_64) AppleWebKit/537.36 (KHTML, like Gecko) HeadlessChrome/141.0.7390.37 Safari/537.36"
[2026-09-04T14:58:06.892Z]  "GET /js/perf-ios.js" "Mozilla/5.0 (X11; Linux x86_64) AppleWebKit/537.36 (KHTML, like Gecko) HeadlessChrome/141.0.7390.37 Safari/537.36"
[2026-09-04T14:58:06.896Z]  "GET /js/pwa-detect.js" "Mozilla/5.0 (X11; Linux x86_64) AppleWebKit/537.36 (KHTML, like Gecko) HeadlessChrome/141.0.7390.37 Safari/537.36"
[2026-09-04T14:58:06.899Z]  "GET /js/supabase-loader.js" "Mozilla/5.0 (X11; Linux x86_64) AppleWebKit/537.36 (KHTML, like Gecko) HeadlessChrome/141.0.7390.37 Safari/537.36"
[2026-09-04T14:58:06.899Z]  "GET /styles.css" "Mozilla/5.0 (X11; Linux x86_64) AppleWebKit/537.36 (KHTML, like Gecko) HeadlessChrome/141.0.7390.37 Safari/537.36"
[2026-09-04T14:58:06.900Z]  "GET /js/map-loader.js" "Mozilla/5.0 (X11; Linux x86_64) AppleWebKit/537.36 (KHTML, like Gecko) HeadlessChrome/141.0.7390.37 Safari/537.36"
[2026-09-04T14:58:06.901Z]  "GET /js/idb-store.js" "Mozilla/5.0 (X11; Linux x86_64) AppleWebKit/537.36 (KHTML, like Gecko) HeadlessChrome/141.0.7390.37 Safari/537.36"
[2026-09-04T14:58:06.901Z]  "GET /js/first-run.js" "Mozilla/5.0 (X11; Linux x86_64) AppleWebKit/537.36 (KHTML, like Gecko) HeadlessChrome/141.0.7390.37 Safari/537.36"
[2026-09-04T14:58:06.901Z]  "GET /js/app-01-diag-seed.js" "Mozilla/5.0 (X11; Linux x86_64) AppleWebKit/537.36 (KHTML, like Gecko) HeadlessChrome/141.0.7390.37 Safari/537.36"
[2026-09-04T14:58:06.914Z]  "GET /js/app-02-state-utils.js" "Mozilla/5.0 (X11; Linux x86_64) AppleWebKit/537.36 (KHTML, like Gecko) HeadlessChrome/141.0.7390.37 Safari/537.36"
[2026-09-04T14:58:06.919Z]  "GET /js/app-03-posts-vlogs.js" "Mozilla/5.0 (X11; Linux x86_64) AppleWebKit/537.36 (KHTML, like Gecko) HeadlessChrome/141.0.7390.37 Safari/537.36"
[2026-09-04T14:58:06.926Z]  "GET /js/app-04-comments-shop.js" "Mozilla/5.0 (X11; Linux x86_64) AppleWebKit/537.36 (KHTML, like Gecko) HeadlessChrome/141.0.7390.37 Safari/537.36"
[2026-09-04T14:58:06.929Z]  "GET /js/app-05-config-profil.js" "Mozilla/5.0 (X11; Linux x86_64) AppleWebKit/537.36 (KHTML, like Gecko) HeadlessChrome/141.0.7390.37 Safari/537.36"
[2026-09-04T14:58:06.938Z]  "GET /js/app-06-reels-partage.js" "Mozilla/5.0 (X11; Linux x86_64) AppleWebKit/537.36 (KHTML, like Gecko) HeadlessChrome/141.0.7390.37 Safari/537.36"
[2026-09-04T14:58:06.939Z]  "GET /js/app-07-ia-explore-irl.js" "Mozilla/5.0 (X11; Linux x86_64) AppleWebKit/537.36 (KHTML, like Gecko) HeadlessChrome/141.0.7390.37 Safari/537.36"
[2026-09-04T14:58:06.939Z]  "GET /js/app-08-ui-modals-tour.js" "Mozilla/5.0 (X11; Linux x86_64) AppleWebKit/537.36 (KHTML, like Gecko) HeadlessChrome/141.0.7390.37 Safari/537.36"
[2026-09-04T14:58:06.940Z]  "GET /js/app-09-boot-pwa.js" "Mozilla/5.0 (X11; Linux x86_64) AppleWebKit/537.36 (KHTML, like Gecko) HeadlessChrome/141.0.7390.37 Safari/537.36"
[2026-09-04T14:58:06.940Z]  "GET /js/contextual-nav.js" "Mozilla/5.0 (X11; Linux x86_64) AppleWebKit/537.36 (KHTML, like Gecko) HeadlessChrome/141.0.7390.37 Safari/537.36"
[2026-09-04T14:58:06.941Z]  "GET /js/ui-v2-shell.js" "Mozilla/5.0 (X11; Linux x86_64) AppleWebKit/537.36 (KHTML, like Gecko) HeadlessChrome/141.0.7390.37 Safari/537.36"
[2026-09-04T14:58:06.947Z]  "GET /js/ui-v3-passerelle.js" "Mozilla/5.0 (X11; Linux x86_64) AppleWebKit/537.36 (KHTML, like Gecko) HeadlessChrome/141.0.7390.37 Safari/537.36"
[2026-09-04T14:58:06.959Z]  "GET /js/ui-v4b-fiche.js" "Mozilla/5.0 (X11; Linux x86_64) AppleWebKit/537.36 (KHTML, like Gecko) HeadlessChrome/141.0.7390.37 Safari/537.36"
[2026-09-04T14:58:06.960Z]  "GET /js/ui-v4a0-tete.js" "Mozilla/5.0 (X11; Linux x86_64) AppleWebKit/537.36 (KHTML, like Gecko) HeadlessChrome/141.0.7390.37 Safari/537.36"
[2026-09-04T14:58:06.961Z]  "GET /js/ui-v4a1-intentions.js" "Mozilla/5.0 (X11; Linux x86_64) AppleWebKit/537.36 (KHTML, like Gecko) HeadlessChrome/141.0.7390.37 Safari/537.36"
[2026-09-04T14:58:06.967Z]  "GET /js/ui-v4a2-cartes.js" "Mozilla/5.0 (X11; Linux x86_64) AppleWebKit/537.36 (KHTML, like Gecko) HeadlessChrome/141.0.7390.37 Safari/537.36"
[2026-09-04T14:58:06.971Z]  "GET /js/ui-v4a3-vue.js" "Mozilla/5.0 (X11; Linux x86_64) AppleWebKit/537.36 (KHTML, like Gecko) HeadlessChrome/141.0.7390.37 Safari/537.36"
[2026-09-04T14:58:06.974Z]  "GET /js/ui-v5-bobines.js" "Mozilla/5.0 (X11; Linux x86_64) AppleWebKit/537.36 (KHTML, like Gecko) HeadlessChrome/141.0.7390.37 Safari/537.36"
[2026-09-04T14:58:06.976Z]  "GET /js/ui-v4a4-outils.js" "Mozilla/5.0 (X11; Linux x86_64) AppleWebKit/537.36 (KHTML, like Gecko) HeadlessChrome/141.0.7390.37 Safari/537.36"
[2026-09-04T14:58:06.979Z]  "GET /js/ui-v4a5-filtres.js" "Mozilla/5.0 (X11; Linux x86_64) AppleWebKit/537.36 (KHTML, like Gecko) HeadlessChrome/141.0.7390.37 Safari/537.36"
[2026-09-04T14:58:06.980Z]  "GET /js/ui-v6-composer.js" "Mozilla/5.0 (X11; Linux x86_64) AppleWebKit/537.36 (KHTML, like Gecko) HeadlessChrome/141.0.7390.37 Safari/537.36"
[2026-09-04T14:58:06.981Z]  "GET /js/ui-v6a-messages.js" "Mozilla/5.0 (X11; Linux x86_64) AppleWebKit/537.36 (KHTML, like Gecko) HeadlessChrome/141.0.7390.37 Safari/537.36"
[2026-09-04T14:58:06.987Z]  "GET /js/ui-v6b-profil.js" "Mozilla/5.0 (X11; Linux x86_64) AppleWebKit/537.36 (KHTML, like Gecko) HeadlessChrome/141.0.7390.37 Safari/537.36"
[2026-09-04T14:58:06.988Z]  "GET /js/ui-v6c-proposer-irl.js" "Mozilla/5.0 (X11; Linux x86_64) AppleWebKit/537.36 (KHTML, like Gecko) HeadlessChrome/141.0.7390.37 Safari/537.36"
[2026-09-04T14:58:06.988Z]  "GET /js/ui-v7-lot.js" "Mozilla/5.0 (X11; Linux x86_64) AppleWebKit/537.36 (KHTML, like Gecko) HeadlessChrome/141.0.7390.37 Safari/537.36"
[2026-09-04T14:58:06.989Z]  "GET /js/passions-flat.js" "Mozilla/5.0 (X11; Linux x86_64) AppleWebKit/537.36 (KHTML, like Gecko) HeadlessChrome/141.0.7390.37 Safari/537.36"
[2026-09-04T14:58:06.991Z]  "GET /js/passion-selector.js" "Mozilla/5.0 (X11; Linux x86_64) AppleWebKit/537.36 (KHTML, like Gecko) HeadlessChrome/141.0.7390.37 Safari/537.36"
[2026-09-04T14:58:06.991Z]  "GET /js/passions-flat-ui.js" "Mozilla/5.0 (X11; Linux x86_64) AppleWebKit/537.36 (KHTML, like Gecko) HeadlessChrome/141.0.7390.37 Safari/537.36"
[2026-09-04T14:58:07.004Z]  "GET /js/pwa-landing.js" "Mozilla/5.0 (X11; Linux x86_64) AppleWebKit/537.36 (KHTML, like Gecko) HeadlessChrome/141.0.7390.37 Safari/537.36"
[2026-09-04T14:58:07.004Z]  "GET /js/emoji-misc.js" "Mozilla/5.0 (X11; Linux x86_64) AppleWebKit/537.36 (KHTML, like Gecko) HeadlessChrome/141.0.7390.37 Safari/537.36"
[2026-09-04T14:58:20.029Z]  "GET /sw.js" "Mozilla/5.0 (X11; Linux x86_64) AppleWebKit/537.36 (KHTML, like Gecko) HeadlessChrome/141.0.7390.37 Safari/537.36"
[2026-09-04T14:58:20.050Z]  "GET /index.html" "Mozilla/5.0 (X11; Linux x86_64) AppleWebKit/537.36 (KHTML, like Gecko) HeadlessChrome/141.0.7390.37 Safari/537.36"
[2026-09-04T14:58:20.050Z]  "GET /styles.css" "Mozilla/5.0 (X11; Linux x86_64) AppleWebKit/537.36 (KHTML, like Gecko) HeadlessChrome/141.0.7390.37 Safari/537.36"
[2026-09-04T14:58:20.050Z]  "GET /manifest.json" "Mozilla/5.0 (X11; Linux x86_64) AppleWebKit/537.36 (KHTML, like Gecko) HeadlessChrome/141.0.7390.37 Safari/537.36"
[2026-09-04T14:58:20.066Z]  "GET /icon-192.png" "Mozilla/5.0 (X11; Linux x86_64) AppleWebKit/537.36 (KHTML, like Gecko) HeadlessChrome/141.0.7390.37 Safari/537.36"
[2026-09-04T14:58:20.067Z]  "GET /icon-512.png" "Mozilla/5.0 (X11; Linux x86_64) AppleWebKit/537.36 (KHTML, like Gecko) HeadlessChrome/141.0.7390.37 Safari/537.36"
[2026-09-04T14:58:20.079Z]  "GET /sw.js" "Mozilla/5.0 (X11; Linux x86_64) AppleWebKit/537.36 (KHTML, like Gecko) HeadlessChrome/141.0.7390.37 Safari/537.36"
[2026-09-04T14:58:20.710Z]  "GET /sw.js" "Mozilla/5.0 (X11; Linux x86_64) AppleWebKit/537.36 (KHTML, like Gecko) HeadlessChrome/141.0.7390.37 Safari/537.36"
[2026-09-04T14:58:21.845Z]  "GET /sw.js" "Mozilla/5.0 (X11; Linux x86_64) AppleWebKit/537.36 (KHTML, like Gecko) HeadlessChrome/141.0.7390.37 Safari/537.36"
[2026-09-04T14:58:25.416Z]  "GET /manifest.json" "Mozilla/5.0 (X11; Linux x86_64) AppleWebKit/537.36 (KHTML, like Gecko) HeadlessChrome/141.0.7390.37 Safari/537.36"
[2026-09-04T14:58:25.423Z]  "GET /icon-192.png" "Mozilla/5.0 (X11; Linux x86_64) AppleWebKit/537.36 (KHTML, like Gecko) HeadlessChrome/141.0.7390.37 Safari/537.36"
[2026-09-04T14:58:25.433Z]  "GET /icon-512.png" "Mozilla/5.0 (X11; Linux x86_64) AppleWebKit/537.36 (KHTML, like Gecko) HeadlessChrome/141.0.7390.37 Safari/537.36"
[2026-09-04T14:58:25.436Z]  "GET /sw.js" "Mozilla/5.0 (X11; Linux x86_64) AppleWebKit/537.36 (KHTML, like Gecko) HeadlessChrome/141.0.7390.37 Safari/537.36"
[2026-09-04T14:58:26.740Z]  "GET /data/passions-v1.json" "Mozilla/5.0 (X11; Linux x86_64) AppleWebKit/537.36 (KHTML, like Gecko) HeadlessChrome/141.0.7390.37 Safari/537.36"
[2026-09-04T14:58:36.422Z]  "GET /index.html" "Mozilla/5.0 (X11; Linux x86_64) AppleWebKit/537.36 (KHTML, like Gecko) HeadlessChrome/141.0.7390.37 Safari/537.36"
[2026-09-04T14:58:36.459Z]  "GET /js/access-gate.js" "Mozilla/5.0 (X11; Linux x86_64) AppleWebKit/537.36 (KHTML, like Gecko) HeadlessChrome/141.0.7390.37 Safari/537.36"
[2026-09-04T14:58:36.466Z]  "GET /styles.css" "Mozilla/5.0 (X11; Linux x86_64) AppleWebKit/537.36 (KHTML, like Gecko) HeadlessChrome/141.0.7390.37 Safari/537.36"
[2026-09-04T14:58:36.468Z]  "GET /js/platform.js" "Mozilla/5.0 (X11; Linux x86_64) AppleWebKit/537.36 (KHTML, like Gecko) HeadlessChrome/141.0.7390.37 Safari/537.36"
[2026-09-04T14:58:36.473Z]  "GET /js/telemetry.js" "Mozilla/5.0 (X11; Linux x86_64) AppleWebKit/537.36 (KHTML, like Gecko) HeadlessChrome/141.0.7390.37 Safari/537.36"
[2026-09-04T14:58:36.478Z]  "GET /js/perf-ios.js" "Mozilla/5.0 (X11; Linux x86_64) AppleWebKit/537.36 (KHTML, like Gecko) HeadlessChrome/141.0.7390.37 Safari/537.36"
[2026-09-04T14:58:36.480Z]  "GET /js/pwa-detect.js" "Mozilla/5.0 (X11; Linux x86_64) AppleWebKit/537.36 (KHTML, like Gecko) HeadlessChrome/141.0.7390.37 Safari/537.36"
[2026-09-04T14:58:36.488Z]  "GET /js/supabase-loader.js" "Mozilla/5.0 (X11; Linux x86_64) AppleWebKit/537.36 (KHTML, like Gecko) HeadlessChrome/141.0.7390.37 Safari/537.36"
[2026-09-04T14:58:36.494Z]  "GET /js/map-loader.js" "Mozilla/5.0 (X11; Linux x86_64) AppleWebKit/537.36 (KHTML, like Gecko) HeadlessChrome/141.0.7390.37 Safari/537.36"
[2026-09-04T14:58:36.494Z]  "GET /js/idb-store.js" "Mozilla/5.0 (X11; Linux x86_64) AppleWebKit/537.36 (KHTML, like Gecko) HeadlessChrome/141.0.7390.37 Safari/537.36"
[2026-09-04T14:58:36.494Z]  "GET /js/first-run.js" "Mozilla/5.0 (X11; Linux x86_64) AppleWebKit/537.36 (KHTML, like Gecko) HeadlessChrome/141.0.7390.37 Safari/537.36"
[2026-09-04T14:58:36.494Z]  "GET /js/app-01-diag-seed.js" "Mozilla/5.0 (X11; Linux x86_64) AppleWebKit/537.36 (KHTML, like Gecko) HeadlessChrome/141.0.7390.37 Safari/537.36"
[2026-09-04T14:58:36.494Z]  "GET /js/app-02-state-utils.js" "Mozilla/5.0 (X11; Linux x86_64) AppleWebKit/537.36 (KHTML, like Gecko) HeadlessChrome/141.0.7390.37 Safari/537.36"
[2026-09-04T14:58:36.529Z]  "GET /js/app-03-posts-vlogs.js" "Mozilla/5.0 (X11; Linux x86_64) AppleWebKit/537.36 (KHTML, like Gecko) HeadlessChrome/141.0.7390.37 Safari/537.36"
[2026-09-04T14:58:36.529Z]  "GET /js/app-04-comments-shop.js" "Mozilla/5.0 (X11; Linux x86_64) AppleWebKit/537.36 (KHTML, like Gecko) HeadlessChrome/141.0.7390.37 Safari/537.36"
[2026-09-04T14:58:36.530Z]  "GET /js/app-05-config-profil.js" "Mozilla/5.0 (X11; Linux x86_64) AppleWebKit/537.36 (KHTML, like Gecko) HeadlessChrome/141.0.7390.37 Safari/537.36"
[2026-09-04T14:58:36.541Z]  "GET /js/app-06-reels-partage.js" "Mozilla/5.0 (X11; Linux x86_64) AppleWebKit/537.36 (KHTML, like Gecko) HeadlessChrome/141.0.7390.37 Safari/537.36"
[2026-09-04T14:58:36.541Z]  "GET /js/app-07-ia-explore-irl.js" "Mozilla/5.0 (X11; Linux x86_64) AppleWebKit/537.36 (KHTML, like Gecko) HeadlessChrome/141.0.7390.37 Safari/537.36"
[2026-09-04T14:58:36.541Z]  "GET /js/app-08-ui-modals-tour.js" "Mozilla/5.0 (X11; Linux x86_64) AppleWebKit/537.36 (KHTML, like Gecko) HeadlessChrome/141.0.7390.37 Safari/537.36"
[2026-09-04T14:58:36.561Z]  "GET /js/app-09-boot-pwa.js" "Mozilla/5.0 (X11; Linux x86_64) AppleWebKit/537.36 (KHTML, like Gecko) HeadlessChrome/141.0.7390.37 Safari/537.36"
[2026-09-04T14:58:36.561Z]  "GET /js/contextual-nav.js" "Mozilla/5.0 (X11; Linux x86_64) AppleWebKit/537.36 (KHTML, like Gecko) HeadlessChrome/141.0.7390.37 Safari/537.36"
[2026-09-04T14:58:36.563Z]  "GET /js/ui-v2-shell.js" "Mozilla/5.0 (X11; Linux x86_64) AppleWebKit/537.36 (KHTML, like Gecko) HeadlessChrome/141.0.7390.37 Safari/537.36"
[2026-09-04T14:58:36.569Z]  "GET /js/ui-v3-passerelle.js" "Mozilla/5.0 (X11; Linux x86_64) AppleWebKit/537.36 (KHTML, like Gecko) HeadlessChrome/141.0.7390.37 Safari/537.36"
[2026-09-04T14:58:36.569Z]  "GET /js/ui-v4b-fiche.js" "Mozilla/5.0 (X11; Linux x86_64) AppleWebKit/537.36 (KHTML, like Gecko) HeadlessChrome/141.0.7390.37 Safari/537.36"
[2026-09-04T14:58:36.569Z]  "GET /js/ui-v4a0-tete.js" "Mozilla/5.0 (X11; Linux x86_64) AppleWebKit/537.36 (KHTML, like Gecko) HeadlessChrome/141.0.7390.37 Safari/537.36"
[2026-09-04T14:58:36.579Z]  "GET /js/ui-v4a1-intentions.js" "Mozilla/5.0 (X11; Linux x86_64) AppleWebKit/537.36 (KHTML, like Gecko) HeadlessChrome/141.0.7390.37 Safari/537.36"
[2026-09-04T14:58:36.579Z]  "GET /js/ui-v4a2-cartes.js" "Mozilla/5.0 (X11; Linux x86_64) AppleWebKit/537.36 (KHTML, like Gecko) HeadlessChrome/141.0.7390.37 Safari/537.36"
[2026-09-04T14:58:36.579Z]  "GET /js/ui-v4a3-vue.js" "Mozilla/5.0 (X11; Linux x86_64) AppleWebKit/537.36 (KHTML, like Gecko) HeadlessChrome/141.0.7390.37 Safari/537.36"
[2026-09-04T14:58:36.607Z]  "GET /js/ui-v5-bobines.js" "Mozilla/5.0 (X11; Linux x86_64) AppleWebKit/537.36 (KHTML, like Gecko) HeadlessChrome/141.0.7390.37 Safari/537.36"
[2026-09-04T14:58:36.608Z]  "GET /js/ui-v4a4-outils.js" "Mozilla/5.0 (X11; Linux x86_64) AppleWebKit/537.36 (KHTML, like Gecko) HeadlessChrome/141.0.7390.37 Safari/537.36"
[2026-09-04T14:58:36.608Z]  "GET /js/ui-v4a5-filtres.js" "Mozilla/5.0 (X11; Linux x86_64) AppleWebKit/537.36 (KHTML, like Gecko) HeadlessChrome/141.0.7390.37 Safari/537.36"
[2026-09-04T14:58:36.608Z]  "GET /js/ui-v6-composer.js" "Mozilla/5.0 (X11; Linux x86_64) AppleWebKit/537.36 (KHTML, like Gecko) HeadlessChrome/141.0.7390.37 Safari/537.36"
[2026-09-04T14:58:36.608Z]  "GET /js/ui-v6a-messages.js" "Mozilla/5.0 (X11; Linux x86_64) AppleWebKit/537.36 (KHTML, like Gecko) HeadlessChrome/141.0.7390.37 Safari/537.36"
[2026-09-04T14:58:36.608Z]  "GET /js/ui-v6b-profil.js" "Mozilla/5.0 (X11; Linux x86_64) AppleWebKit/537.36 (KHTML, like Gecko) HeadlessChrome/141.0.7390.37 Safari/537.36"
[2026-09-04T14:58:36.634Z]  "GET /js/ui-v6c-proposer-irl.js" "Mozilla/5.0 (X11; Linux x86_64) AppleWebKit/537.36 (KHTML, like Gecko) HeadlessChrome/141.0.7390.37 Safari/537.36"
[2026-09-04T14:58:36.634Z]  "GET /js/ui-v7-lot.js" "Mozilla/5.0 (X11; Linux x86_64) AppleWebKit/537.36 (KHTML, like Gecko) HeadlessChrome/141.0.7390.37 Safari/537.36"
[2026-09-04T14:58:36.635Z]  "GET /js/passions-flat.js" "Mozilla/5.0 (X11; Linux x86_64) AppleWebKit/537.36 (KHTML, like Gecko) HeadlessChrome/141.0.7390.37 Safari/537.36"
[2026-09-04T14:58:36.635Z]  "GET /js/passion-selector.js" "Mozilla/5.0 (X11; Linux x86_64) AppleWebKit/537.36 (KHTML, like Gecko) HeadlessChrome/141.0.7390.37 Safari/537.36"
[2026-09-04T14:58:36.635Z]  "GET /js/passions-flat-ui.js" "Mozilla/5.0 (X11; Linux x86_64) AppleWebKit/537.36 (KHTML, like Gecko) HeadlessChrome/141.0.7390.37 Safari/537.36"
[2026-09-04T14:58:36.635Z]  "GET /js/pwa-landing.js" "Mozilla/5.0 (X11; Linux x86_64) AppleWebKit/537.36 (KHTML, like Gecko) HeadlessChrome/141.0.7390.37 Safari/537.36"
[2026-09-04T14:58:36.650Z]  "GET /js/emoji-misc.js" "Mozilla/5.0 (X11; Linux x86_64) AppleWebKit/537.36 (KHTML, like Gecko) HeadlessChrome/141.0.7390.37 Safari/537.36"
[2026-09-04T14:58:49.829Z]  "GET /sw.js" "Mozilla/5.0 (X11; Linux x86_64) AppleWebKit/537.36 (KHTML, like Gecko) HeadlessChrome/141.0.7390.37 Safari/537.36"
[2026-09-04T14:58:49.864Z]  "GET /index.html" "Mozilla/5.0 (X11; Linux x86_64) AppleWebKit/537.36 (KHTML, like Gecko) HeadlessChrome/141.0.7390.37 Safari/537.36"
[2026-09-04T14:58:49.874Z]  "GET /styles.css" "Mozilla/5.0 (X11; Linux x86_64) AppleWebKit/537.36 (KHTML, like Gecko) HeadlessChrome/141.0.7390.37 Safari/537.36"
[2026-09-04T14:58:49.881Z]  "GET /manifest.json" "Mozilla/5.0 (X11; Linux x86_64) AppleWebKit/537.36 (KHTML, like Gecko) HeadlessChrome/141.0.7390.37 Safari/537.36"
[2026-09-04T14:58:49.883Z]  "GET /icon-192.png" "Mozilla/5.0 (X11; Linux x86_64) AppleWebKit/537.36 (KHTML, like Gecko) HeadlessChrome/141.0.7390.37 Safari/537.36"
[2026-09-04T14:58:49.901Z]  "GET /icon-512.png" "Mozilla/5.0 (X11; Linux x86_64) AppleWebKit/537.36 (KHTML, like Gecko) HeadlessChrome/141.0.7390.37 Safari/537.36"
[2026-09-04T14:58:49.925Z]  "GET /sw.js" "Mozilla/5.0 (X11; Linux x86_64) AppleWebKit/537.36 (KHTML, like Gecko) HeadlessChrome/141.0.7390.37 Safari/537.36"
[2026-09-04T14:58:56.537Z]  "GET /data/passions-v1.json" "Mozilla/5.0 (X11; Linux x86_64) AppleWebKit/537.36 (KHTML, like Gecko) HeadlessChrome/141.0.7390.37 Safari/537.36"
[2026-09-04T14:59:02.263Z]  "GET /index.html" "Mozilla/5.0 (X11; Linux x86_64) AppleWebKit/537.36 (KHTML, like Gecko) HeadlessChrome/141.0.7390.37 Safari/537.36"
[2026-09-04T14:59:02.305Z]  "GET /js/access-gate.js" "Mozilla/5.0 (X11; Linux x86_64) AppleWebKit/537.36 (KHTML, like Gecko) HeadlessChrome/141.0.7390.37 Safari/537.36"
[2026-09-04T14:59:02.306Z]  "GET /styles.css" "Mozilla/5.0 (X11; Linux x86_64) AppleWebKit/537.36 (KHTML, like Gecko) HeadlessChrome/141.0.7390.37 Safari/537.36"
[2026-09-04T14:59:02.306Z]  "GET /js/platform.js" "Mozilla/5.0 (X11; Linux x86_64) AppleWebKit/537.36 (KHTML, like Gecko) HeadlessChrome/141.0.7390.37 Safari/537.36"
[2026-09-04T14:59:02.307Z]  "GET /js/telemetry.js" "Mozilla/5.0 (X11; Linux x86_64) AppleWebKit/537.36 (KHTML, like Gecko) HeadlessChrome/141.0.7390.37 Safari/537.36"
[2026-09-04T14:59:02.322Z]  "GET /js/supabase-loader.js" "Mozilla/5.0 (X11; Linux x86_64) AppleWebKit/537.36 (KHTML, like Gecko) HeadlessChrome/141.0.7390.37 Safari/537.36"
[2026-09-04T14:59:02.325Z]  "GET /js/map-loader.js" "Mozilla/5.0 (X11; Linux x86_64) AppleWebKit/537.36 (KHTML, like Gecko) HeadlessChrome/141.0.7390.37 Safari/537.36"
[2026-09-04T14:59:02.325Z]  "GET /js/idb-store.js" "Mozilla/5.0 (X11; Linux x86_64) AppleWebKit/537.36 (KHTML, like Gecko) HeadlessChrome/141.0.7390.37 Safari/537.36"
[2026-09-04T14:59:02.325Z]  "GET /js/perf-ios.js" "Mozilla/5.0 (X11; Linux x86_64) AppleWebKit/537.36 (KHTML, like Gecko) HeadlessChrome/141.0.7390.37 Safari/537.36"
[2026-09-04T14:59:02.329Z]  "GET /js/pwa-detect.js" "Mozilla/5.0 (X11; Linux x86_64) AppleWebKit/537.36 (KHTML, like Gecko) HeadlessChrome/141.0.7390.37 Safari/537.36"
[2026-09-04T14:59:02.338Z]  "GET /js/first-run.js" "Mozilla/5.0 (X11; Linux x86_64) AppleWebKit/537.36 (KHTML, like Gecko) HeadlessChrome/141.0.7390.37 Safari/537.36"
[2026-09-04T14:59:02.339Z]  "GET /js/app-01-diag-seed.js" "Mozilla/5.0 (X11; Linux x86_64) AppleWebKit/537.36 (KHTML, like Gecko) HeadlessChrome/141.0.7390.37 Safari/537.36"
[2026-09-04T14:59:02.339Z]  "GET /js/app-02-state-utils.js" "Mozilla/5.0 (X11; Linux x86_64) AppleWebKit/537.36 (KHTML, like Gecko) HeadlessChrome/141.0.7390.37 Safari/537.36"
[2026-09-04T14:59:02.342Z]  "GET /js/app-03-posts-vlogs.js" "Mozilla/5.0 (X11; Linux x86_64) AppleWebKit/537.36 (KHTML, like Gecko) HeadlessChrome/141.0.7390.37 Safari/537.36"
[2026-09-04T14:59:02.342Z]  "GET /js/app-04-comments-shop.js" "Mozilla/5.0 (X11; Linux x86_64) AppleWebKit/537.36 (KHTML, like Gecko) HeadlessChrome/141.0.7390.37 Safari/537.36"
[2026-09-04T14:59:02.342Z]  "GET /js/app-05-config-profil.js" "Mozilla/5.0 (X11; Linux x86_64) AppleWebKit/537.36 (KHTML, like Gecko) HeadlessChrome/141.0.7390.37 Safari/537.36"
[2026-09-04T14:59:02.346Z]  "GET /js/app-06-reels-partage.js" "Mozilla/5.0 (X11; Linux x86_64) AppleWebKit/537.36 (KHTML, like Gecko) HeadlessChrome/141.0.7390.37 Safari/537.36"
[2026-09-04T14:59:02.359Z]  "GET /js/app-07-ia-explore-irl.js" "Mozilla/5.0 (X11; Linux x86_64) AppleWebKit/537.36 (KHTML, like Gecko) HeadlessChrome/141.0.7390.37 Safari/537.36"
[2026-09-04T14:59:02.363Z]  "GET /js/app-08-ui-modals-tour.js" "Mozilla/5.0 (X11; Linux x86_64) AppleWebKit/537.36 (KHTML, like Gecko) HeadlessChrome/141.0.7390.37 Safari/537.36"
[2026-09-04T14:59:02.363Z]  "GET /js/app-09-boot-pwa.js" "Mozilla/5.0 (X11; Linux x86_64) AppleWebKit/537.36 (KHTML, like Gecko) HeadlessChrome/141.0.7390.37 Safari/537.36"
[2026-09-04T14:59:02.363Z]  "GET /js/contextual-nav.js" "Mozilla/5.0 (X11; Linux x86_64) AppleWebKit/537.36 (KHTML, like Gecko) HeadlessChrome/141.0.7390.37 Safari/537.36"
[2026-09-04T14:59:02.363Z]  "GET /js/ui-v2-shell.js" "Mozilla/5.0 (X11; Linux x86_64) AppleWebKit/537.36 (KHTML, like Gecko) HeadlessChrome/141.0.7390.37 Safari/537.36"
[2026-09-04T14:59:02.363Z]  "GET /js/ui-v3-passerelle.js" "Mozilla/5.0 (X11; Linux x86_64) AppleWebKit/537.36 (KHTML, like Gecko) HeadlessChrome/141.0.7390.37 Safari/537.36"
[2026-09-04T14:59:02.364Z]  "GET /js/ui-v4b-fiche.js" "Mozilla/5.0 (X11; Linux x86_64) AppleWebKit/537.36 (KHTML, like Gecko) HeadlessChrome/141.0.7390.37 Safari/537.36"
[2026-09-04T14:59:02.372Z]  "GET /js/ui-v4a0-tete.js" "Mozilla/5.0 (X11; Linux x86_64) AppleWebKit/537.36 (KHTML, like Gecko) HeadlessChrome/141.0.7390.37 Safari/537.36"
[2026-09-04T14:59:02.372Z]  "GET /js/ui-v4a1-intentions.js" "Mozilla/5.0 (X11; Linux x86_64) AppleWebKit/537.36 (KHTML, like Gecko) HeadlessChrome/141.0.7390.37 Safari/537.36"
[2026-09-04T14:59:02.372Z]  "GET /js/ui-v4a2-cartes.js" "Mozilla/5.0 (X11; Linux x86_64) AppleWebKit/537.36 (KHTML, like Gecko) HeadlessChrome/141.0.7390.37 Safari/537.36"
[2026-09-04T14:59:02.386Z]  "GET /js/ui-v4a3-vue.js" "Mozilla/5.0 (X11; Linux x86_64) AppleWebKit/537.36 (KHTML, like Gecko) HeadlessChrome/141.0.7390.37 Safari/537.36"
[2026-09-04T14:59:02.386Z]  "GET /js/ui-v5-bobines.js" "Mozilla/5.0 (X11; Linux x86_64) AppleWebKit/537.36 (KHTML, like Gecko) HeadlessChrome/141.0.7390.37 Safari/537.36"
[2026-09-04T14:59:02.387Z]  "GET /js/ui-v4a4-outils.js" "Mozilla/5.0 (X11; Linux x86_64) AppleWebKit/537.36 (KHTML, like Gecko) HeadlessChrome/141.0.7390.37 Safari/537.36"
[2026-09-04T14:59:02.387Z]  "GET /js/ui-v4a5-filtres.js" "Mozilla/5.0 (X11; Linux x86_64) AppleWebKit/537.36 (KHTML, like Gecko) HeadlessChrome/141.0.7390.37 Safari/537.36"
[2026-09-04T14:59:02.388Z]  "GET /js/ui-v6-composer.js" "Mozilla/5.0 (X11; Linux x86_64) AppleWebKit/537.36 (KHTML, like Gecko) HeadlessChrome/141.0.7390.37 Safari/537.36"
[2026-09-04T14:59:02.388Z]  "GET /js/ui-v6a-messages.js" "Mozilla/5.0 (X11; Linux x86_64) AppleWebKit/537.36 (KHTML, like Gecko) HeadlessChrome/141.0.7390.37 Safari/537.36"
[2026-09-04T14:59:02.397Z]  "GET /js/ui-v6b-profil.js" "Mozilla/5.0 (X11; Linux x86_64) AppleWebKit/537.36 (KHTML, like Gecko) HeadlessChrome/141.0.7390.37 Safari/537.36"
[2026-09-04T14:59:02.400Z]  "GET /js/ui-v6c-proposer-irl.js" "Mozilla/5.0 (X11; Linux x86_64) AppleWebKit/537.36 (KHTML, like Gecko) HeadlessChrome/141.0.7390.37 Safari/537.36"
[2026-09-04T14:59:02.400Z]  "GET /js/ui-v7-lot.js" "Mozilla/5.0 (X11; Linux x86_64) AppleWebKit/537.36 (KHTML, like Gecko) HeadlessChrome/141.0.7390.37 Safari/537.36"
[2026-09-04T14:59:02.400Z]  "GET /js/passions-flat.js" "Mozilla/5.0 (X11; Linux x86_64) AppleWebKit/537.36 (KHTML, like Gecko) HeadlessChrome/141.0.7390.37 Safari/537.36"
[2026-09-04T14:59:02.400Z]  "GET /js/passion-selector.js" "Mozilla/5.0 (X11; Linux x86_64) AppleWebKit/537.36 (KHTML, like Gecko) HeadlessChrome/141.0.7390.37 Safari/537.36"
[2026-09-04T14:59:02.400Z]  "GET /js/passions-flat-ui.js" "Mozilla/5.0 (X11; Linux x86_64) AppleWebKit/537.36 (KHTML, like Gecko) HeadlessChrome/141.0.7390.37 Safari/537.36"
[2026-09-04T14:59:02.401Z]  "GET /js/pwa-landing.js" "Mozilla/5.0 (X11; Linux x86_64) AppleWebKit/537.36 (KHTML, like Gecko) HeadlessChrome/141.0.7390.37 Safari/537.36"
[2026-09-04T14:59:02.409Z]  "GET /js/emoji-misc.js" "Mozilla/5.0 (X11; Linux x86_64) AppleWebKit/537.36 (KHTML, like Gecko) HeadlessChrome/141.0.7390.37 Safari/537.36"
[2026-09-04T14:59:07.643Z]  "GET /index.html" "Mozilla/5.0 (X11; Linux x86_64) AppleWebKit/537.36 (KHTML, like Gecko) HeadlessChrome/141.0.7390.37 Safari/537.36"
[2026-09-04T14:59:07.676Z]  "GET /js/access-gate.js" "Mozilla/5.0 (X11; Linux x86_64) AppleWebKit/537.36 (KHTML, like Gecko) HeadlessChrome/141.0.7390.37 Safari/537.36"
[2026-09-04T14:59:07.695Z]  "GET /js/platform.js" "Mozilla/5.0 (X11; Linux x86_64) AppleWebKit/537.36 (KHTML, like Gecko) HeadlessChrome/141.0.7390.37 Safari/537.36"
[2026-09-04T14:59:07.696Z]  "GET /js/telemetry.js" "Mozilla/5.0 (X11; Linux x86_64) AppleWebKit/537.36 (KHTML, like Gecko) HeadlessChrome/141.0.7390.37 Safari/537.36"
[2026-09-04T14:59:07.697Z]  "GET /js/perf-ios.js" "Mozilla/5.0 (X11; Linux x86_64) AppleWebKit/537.36 (KHTML, like Gecko) HeadlessChrome/141.0.7390.37 Safari/537.36"
[2026-09-04T14:59:07.698Z]  "GET /js/pwa-detect.js" "Mozilla/5.0 (X11; Linux x86_64) AppleWebKit/537.36 (KHTML, like Gecko) HeadlessChrome/141.0.7390.37 Safari/537.36"
[2026-09-04T14:59:07.698Z]  "GET /js/supabase-loader.js" "Mozilla/5.0 (X11; Linux x86_64) AppleWebKit/537.36 (KHTML, like Gecko) HeadlessChrome/141.0.7390.37 Safari/537.36"
[2026-09-04T14:59:07.698Z]  "GET /styles.css" "Mozilla/5.0 (X11; Linux x86_64) AppleWebKit/537.36 (KHTML, like Gecko) HeadlessChrome/141.0.7390.37 Safari/537.36"
[2026-09-04T14:59:07.713Z]  "GET /js/map-loader.js" "Mozilla/5.0 (X11; Linux x86_64) AppleWebKit/537.36 (KHTML, like Gecko) HeadlessChrome/141.0.7390.37 Safari/537.36"
[2026-09-04T14:59:07.714Z]  "GET /js/idb-store.js" "Mozilla/5.0 (X11; Linux x86_64) AppleWebKit/537.36 (KHTML, like Gecko) HeadlessChrome/141.0.7390.37 Safari/537.36"
[2026-09-04T14:59:07.714Z]  "GET /js/first-run.js" "Mozilla/5.0 (X11; Linux x86_64) AppleWebKit/537.36 (KHTML, like Gecko) HeadlessChrome/141.0.7390.37 Safari/537.36"
[2026-09-04T14:59:07.714Z]  "GET /js/app-01-diag-seed.js" "Mozilla/5.0 (X11; Linux x86_64) AppleWebKit/537.36 (KHTML, like Gecko) HeadlessChrome/141.0.7390.37 Safari/537.36"
[2026-09-04T14:59:07.714Z]  "GET /js/app-02-state-utils.js" "Mozilla/5.0 (X11; Linux x86_64) AppleWebKit/537.36 (KHTML, like Gecko) HeadlessChrome/141.0.7390.37 Safari/537.36"
[2026-09-04T14:59:07.722Z]  "GET /js/app-03-posts-vlogs.js" "Mozilla/5.0 (X11; Linux x86_64) AppleWebKit/537.36 (KHTML, like Gecko) HeadlessChrome/141.0.7390.37 Safari/537.36"
[2026-09-04T14:59:07.728Z]  "GET /js/app-04-comments-shop.js" "Mozilla/5.0 (X11; Linux x86_64) AppleWebKit/537.36 (KHTML, like Gecko) HeadlessChrome/141.0.7390.37 Safari/537.36"
[2026-09-04T14:59:07.729Z]  "GET /js/app-05-config-profil.js" "Mozilla/5.0 (X11; Linux x86_64) AppleWebKit/537.36 (KHTML, like Gecko) HeadlessChrome/141.0.7390.37 Safari/537.36"
[2026-09-04T14:59:07.730Z]  "GET /js/app-06-reels-partage.js" "Mozilla/5.0 (X11; Linux x86_64) AppleWebKit/537.36 (KHTML, like Gecko) HeadlessChrome/141.0.7390.37 Safari/537.36"
[2026-09-04T14:59:07.730Z]  "GET /js/app-07-ia-explore-irl.js" "Mozilla/5.0 (X11; Linux x86_64) AppleWebKit/537.36 (KHTML, like Gecko) HeadlessChrome/141.0.7390.37 Safari/537.36"
[2026-09-04T14:59:07.748Z]  "GET /js/app-08-ui-modals-tour.js" "Mozilla/5.0 (X11; Linux x86_64) AppleWebKit/537.36 (KHTML, like Gecko) HeadlessChrome/141.0.7390.37 Safari/537.36"
[2026-09-04T14:59:07.750Z]  "GET /js/app-09-boot-pwa.js" "Mozilla/5.0 (X11; Linux x86_64) AppleWebKit/537.36 (KHTML, like Gecko) HeadlessChrome/141.0.7390.37 Safari/537.36"
[2026-09-04T14:59:07.763Z]  "GET /js/contextual-nav.js" "Mozilla/5.0 (X11; Linux x86_64) AppleWebKit/537.36 (KHTML, like Gecko) HeadlessChrome/141.0.7390.37 Safari/537.36"
[2026-09-04T14:59:07.766Z]  "GET /js/ui-v2-shell.js" "Mozilla/5.0 (X11; Linux x86_64) AppleWebKit/537.36 (KHTML, like Gecko) HeadlessChrome/141.0.7390.37 Safari/537.36"
[2026-09-04T14:59:07.766Z]  "GET /js/ui-v3-passerelle.js" "Mozilla/5.0 (X11; Linux x86_64) AppleWebKit/537.36 (KHTML, like Gecko) HeadlessChrome/141.0.7390.37 Safari/537.36"
[2026-09-04T14:59:07.766Z]  "GET /js/ui-v4b-fiche.js" "Mozilla/5.0 (X11; Linux x86_64) AppleWebKit/537.36 (KHTML, like Gecko) HeadlessChrome/141.0.7390.37 Safari/537.36"
[2026-09-04T14:59:07.766Z]  "GET /js/ui-v4a0-tete.js" "Mozilla/5.0 (X11; Linux x86_64) AppleWebKit/537.36 (KHTML, like Gecko) HeadlessChrome/141.0.7390.37 Safari/537.36"
[2026-09-04T14:59:07.766Z]  "GET /js/ui-v4a1-intentions.js" "Mozilla/5.0 (X11; Linux x86_64) AppleWebKit/537.36 (KHTML, like Gecko) HeadlessChrome/141.0.7390.37 Safari/537.36"
[2026-09-04T14:59:07.783Z]  "GET /js/ui-v4a2-cartes.js" "Mozilla/5.0 (X11; Linux x86_64) AppleWebKit/537.36 (KHTML, like Gecko) HeadlessChrome/141.0.7390.37 Safari/537.36"
[2026-09-04T14:59:07.784Z]  "GET /js/ui-v4a3-vue.js" "Mozilla/5.0 (X11; Linux x86_64) AppleWebKit/537.36 (KHTML, like Gecko) HeadlessChrome/141.0.7390.37 Safari/537.36"
[2026-09-04T14:59:07.785Z]  "GET /js/ui-v5-bobines.js" "Mozilla/5.0 (X11; Linux x86_64) AppleWebKit/537.36 (KHTML, like Gecko) HeadlessChrome/141.0.7390.37 Safari/537.36"
[2026-09-04T14:59:07.786Z]  "GET /js/ui-v4a4-outils.js" "Mozilla/5.0 (X11; Linux x86_64) AppleWebKit/537.36 (KHTML, like Gecko) HeadlessChrome/141.0.7390.37 Safari/537.36"
[2026-09-04T14:59:07.787Z]  "GET /js/ui-v4a5-filtres.js" "Mozilla/5.0 (X11; Linux x86_64) AppleWebKit/537.36 (KHTML, like Gecko) HeadlessChrome/141.0.7390.37 Safari/537.36"
[2026-09-04T14:59:07.787Z]  "GET /js/ui-v6-composer.js" "Mozilla/5.0 (X11; Linux x86_64) AppleWebKit/537.36 (KHTML, like Gecko) HeadlessChrome/141.0.7390.37 Safari/537.36"
[2026-09-04T14:59:07.802Z]  "GET /js/ui-v6a-messages.js" "Mozilla/5.0 (X11; Linux x86_64) AppleWebKit/537.36 (KHTML, like Gecko) HeadlessChrome/141.0.7390.37 Safari/537.36"
[2026-09-04T14:59:07.803Z]  "GET /js/ui-v6b-profil.js" "Mozilla/5.0 (X11; Linux x86_64) AppleWebKit/537.36 (KHTML, like Gecko) HeadlessChrome/141.0.7390.37 Safari/537.36"
[2026-09-04T14:59:07.803Z]  "GET /js/ui-v6c-proposer-irl.js" "Mozilla/5.0 (X11; Linux x86_64) AppleWebKit/537.36 (KHTML, like Gecko) HeadlessChrome/141.0.7390.37 Safari/537.36"
[2026-09-04T14:59:07.804Z]  "GET /js/ui-v7-lot.js" "Mozilla/5.0 (X11; Linux x86_64) AppleWebKit/537.36 (KHTML, like Gecko) HeadlessChrome/141.0.7390.37 Safari/537.36"
[2026-09-04T14:59:07.804Z]  "GET /js/passions-flat.js" "Mozilla/5.0 (X11; Linux x86_64) AppleWebKit/537.36 (KHTML, like Gecko) HeadlessChrome/141.0.7390.37 Safari/537.36"
[2026-09-04T14:59:07.804Z]  "GET /js/passion-selector.js" "Mozilla/5.0 (X11; Linux x86_64) AppleWebKit/537.36 (KHTML, like Gecko) HeadlessChrome/141.0.7390.37 Safari/537.36"
[2026-09-04T14:59:07.820Z]  "GET /js/passions-flat-ui.js" "Mozilla/5.0 (X11; Linux x86_64) AppleWebKit/537.36 (KHTML, like Gecko) HeadlessChrome/141.0.7390.37 Safari/537.36"
[2026-09-04T14:59:07.821Z]  "GET /js/pwa-landing.js" "Mozilla/5.0 (X11; Linux x86_64) AppleWebKit/537.36 (KHTML, like Gecko) HeadlessChrome/141.0.7390.37 Safari/537.36"
[2026-09-04T14:59:07.821Z]  "GET /js/emoji-misc.js" "Mozilla/5.0 (X11; Linux x86_64) AppleWebKit/537.36 (KHTML, like Gecko) HeadlessChrome/141.0.7390.37 Safari/537.36"
[2026-09-04T14:59:15.785Z]  "GET /sw.js" "Mozilla/5.0 (X11; Linux x86_64) AppleWebKit/537.36 (KHTML, like Gecko) HeadlessChrome/141.0.7390.37 Safari/537.36"
[2026-09-04T14:59:15.811Z]  "GET /index.html" "Mozilla/5.0 (X11; Linux x86_64) AppleWebKit/537.36 (KHTML, like Gecko) HeadlessChrome/141.0.7390.37 Safari/537.36"
[2026-09-04T14:59:15.816Z]  "GET /styles.css" "Mozilla/5.0 (X11; Linux x86_64) AppleWebKit/537.36 (KHTML, like Gecko) HeadlessChrome/141.0.7390.37 Safari/537.36"
[2026-09-04T14:59:15.817Z]  "GET /manifest.json" "Mozilla/5.0 (X11; Linux x86_64) AppleWebKit/537.36 (KHTML, like Gecko) HeadlessChrome/141.0.7390.37 Safari/537.36"
[2026-09-04T14:59:15.827Z]  "GET /icon-192.png" "Mozilla/5.0 (X11; Linux x86_64) AppleWebKit/537.36 (KHTML, like Gecko) HeadlessChrome/141.0.7390.37 Safari/537.36"
[2026-09-04T14:59:15.829Z]  "GET /icon-512.png" "Mozilla/5.0 (X11; Linux x86_64) AppleWebKit/537.36 (KHTML, like Gecko) HeadlessChrome/141.0.7390.37 Safari/537.36"
[2026-09-04T14:59:15.850Z]  "GET /sw.js" "Mozilla/5.0 (X11; Linux x86_64) AppleWebKit/537.36 (KHTML, like Gecko) HeadlessChrome/141.0.7390.37 Safari/537.36"
[2026-09-04T14:59:21.023Z]  "GET /sw.js" "Mozilla/5.0 (X11; Linux x86_64) AppleWebKit/537.36 (KHTML, like Gecko) HeadlessChrome/141.0.7390.37 Safari/537.36"
[2026-09-04T14:59:21.058Z]  "GET /index.html" "Mozilla/5.0 (X11; Linux x86_64) AppleWebKit/537.36 (KHTML, like Gecko) HeadlessChrome/141.0.7390.37 Safari/537.36"
[2026-09-04T14:59:21.071Z]  "GET /styles.css" "Mozilla/5.0 (X11; Linux x86_64) AppleWebKit/537.36 (KHTML, like Gecko) HeadlessChrome/141.0.7390.37 Safari/537.36"
[2026-09-04T14:59:21.072Z]  "GET /manifest.json" "Mozilla/5.0 (X11; Linux x86_64) AppleWebKit/537.36 (KHTML, like Gecko) HeadlessChrome/141.0.7390.37 Safari/537.36"
[2026-09-04T14:59:21.111Z]  "GET /icon-192.png" "Mozilla/5.0 (X11; Linux x86_64) AppleWebKit/537.36 (KHTML, like Gecko) HeadlessChrome/141.0.7390.37 Safari/537.36"
[2026-09-04T14:59:21.112Z]  "GET /icon-512.png" "Mozilla/5.0 (X11; Linux x86_64) AppleWebKit/537.36 (KHTML, like Gecko) HeadlessChrome/141.0.7390.37 Safari/537.36"
[2026-09-04T14:59:21.171Z]  "GET /sw.js" "Mozilla/5.0 (X11; Linux x86_64) AppleWebKit/537.36 (KHTML, like Gecko) HeadlessChrome/141.0.7390.37 Safari/537.36"
[2026-09-04T14:59:22.924Z]  "GET /data/passions-v1.json" "Mozilla/5.0 (X11; Linux x86_64) AppleWebKit/537.36 (KHTML, like Gecko) HeadlessChrome/141.0.7390.37 Safari/537.36"
[2026-09-04T14:59:28.601Z]  "GET /index.html" "Mozilla/5.0 (X11; Linux x86_64) AppleWebKit/537.36 (KHTML, like Gecko) HeadlessChrome/141.0.7390.37 Safari/537.36"
[2026-09-04T14:59:28.620Z]  "GET /js/access-gate.js" "Mozilla/5.0 (X11; Linux x86_64) AppleWebKit/537.36 (KHTML, like Gecko) HeadlessChrome/141.0.7390.37 Safari/537.36"
[2026-09-04T14:59:28.623Z]  "GET /js/platform.js" "Mozilla/5.0 (X11; Linux x86_64) AppleWebKit/537.36 (KHTML, like Gecko) HeadlessChrome/141.0.7390.37 Safari/537.36"
[2026-09-04T14:59:28.626Z]  "GET /styles.css" "Mozilla/5.0 (X11; Linux x86_64) AppleWebKit/537.36 (KHTML, like Gecko) HeadlessChrome/141.0.7390.37 Safari/537.36"
[2026-09-04T14:59:28.626Z]  "GET /js/supabase-loader.js" "Mozilla/5.0 (X11; Linux x86_64) AppleWebKit/537.36 (KHTML, like Gecko) HeadlessChrome/141.0.7390.37 Safari/537.36"
[2026-09-04T14:59:28.627Z]  "GET /js/telemetry.js" "Mozilla/5.0 (X11; Linux x86_64) AppleWebKit/537.36 (KHTML, like Gecko) HeadlessChrome/141.0.7390.37 Safari/537.36"
[2026-09-04T14:59:28.628Z]  "GET /js/perf-ios.js" "Mozilla/5.0 (X11; Linux x86_64) AppleWebKit/537.36 (KHTML, like Gecko) HeadlessChrome/141.0.7390.37 Safari/537.36"
[2026-09-04T14:59:28.629Z]  "GET /js/pwa-detect.js" "Mozilla/5.0 (X11; Linux x86_64) AppleWebKit/537.36 (KHTML, like Gecko) HeadlessChrome/141.0.7390.37 Safari/537.36"
[2026-09-04T14:59:28.641Z]  "GET /js/map-loader.js" "Mozilla/5.0 (X11; Linux x86_64) AppleWebKit/537.36 (KHTML, like Gecko) HeadlessChrome/141.0.7390.37 Safari/537.36"
[2026-09-04T14:59:28.641Z]  "GET /js/idb-store.js" "Mozilla/5.0 (X11; Linux x86_64) AppleWebKit/537.36 (KHTML, like Gecko) HeadlessChrome/141.0.7390.37 Safari/537.36"
[2026-09-04T14:59:28.641Z]  "GET /js/first-run.js" "Mozilla/5.0 (X11; Linux x86_64) AppleWebKit/537.36 (KHTML, like Gecko) HeadlessChrome/141.0.7390.37 Safari/537.36"
[2026-09-04T14:59:28.641Z]  "GET /js/app-01-diag-seed.js" "Mozilla/5.0 (X11; Linux x86_64) AppleWebKit/537.36 (KHTML, like Gecko) HeadlessChrome/141.0.7390.37 Safari/537.36"
[2026-09-04T14:59:28.642Z]  "GET /js/app-02-state-utils.js" "Mozilla/5.0 (X11; Linux x86_64) AppleWebKit/537.36 (KHTML, like Gecko) HeadlessChrome/141.0.7390.37 Safari/537.36"
[2026-09-04T14:59:28.651Z]  "GET /js/app-03-posts-vlogs.js" "Mozilla/5.0 (X11; Linux x86_64) AppleWebKit/537.36 (KHTML, like Gecko) HeadlessChrome/141.0.7390.37 Safari/537.36"
[2026-09-04T14:59:28.653Z]  "GET /js/app-04-comments-shop.js" "Mozilla/5.0 (X11; Linux x86_64) AppleWebKit/537.36 (KHTML, like Gecko) HeadlessChrome/141.0.7390.37 Safari/537.36"
[2026-09-04T14:59:28.656Z]  "GET /js/app-05-config-profil.js" "Mozilla/5.0 (X11; Linux x86_64) AppleWebKit/537.36 (KHTML, like Gecko) HeadlessChrome/141.0.7390.37 Safari/537.36"
[2026-09-04T14:59:28.660Z]  "GET /js/app-06-reels-partage.js" "Mozilla/5.0 (X11; Linux x86_64) AppleWebKit/537.36 (KHTML, like Gecko) HeadlessChrome/141.0.7390.37 Safari/537.36"
[2026-09-04T14:59:28.674Z]  "GET /js/app-07-ia-explore-irl.js" "Mozilla/5.0 (X11; Linux x86_64) AppleWebKit/537.36 (KHTML, like Gecko) HeadlessChrome/141.0.7390.37 Safari/537.36"
[2026-09-04T14:59:28.680Z]  "GET /js/app-08-ui-modals-tour.js" "Mozilla/5.0 (X11; Linux x86_64) AppleWebKit/537.36 (KHTML, like Gecko) HeadlessChrome/141.0.7390.37 Safari/537.36"
[2026-09-04T14:59:28.680Z]  "GET /js/app-09-boot-pwa.js" "Mozilla/5.0 (X11; Linux x86_64) AppleWebKit/537.36 (KHTML, like Gecko) HeadlessChrome/141.0.7390.37 Safari/537.36"
[2026-09-04T14:59:28.690Z]  "GET /js/contextual-nav.js" "Mozilla/5.0 (X11; Linux x86_64) AppleWebKit/537.36 (KHTML, like Gecko) HeadlessChrome/141.0.7390.37 Safari/537.36"
[2026-09-04T14:59:28.690Z]  "GET /js/ui-v2-shell.js" "Mozilla/5.0 (X11; Linux x86_64) AppleWebKit/537.36 (KHTML, like Gecko) HeadlessChrome/141.0.7390.37 Safari/537.36"
[2026-09-04T14:59:28.690Z]  "GET /js/ui-v3-passerelle.js" "Mozilla/5.0 (X11; Linux x86_64) AppleWebKit/537.36 (KHTML, like Gecko) HeadlessChrome/141.0.7390.37 Safari/537.36"
[2026-09-04T14:59:28.690Z]  "GET /js/ui-v4b-fiche.js" "Mozilla/5.0 (X11; Linux x86_64) AppleWebKit/537.36 (KHTML, like Gecko) HeadlessChrome/141.0.7390.37 Safari/537.36"
[2026-09-04T14:59:28.691Z]  "GET /js/ui-v4a0-tete.js" "Mozilla/5.0 (X11; Linux x86_64) AppleWebKit/537.36 (KHTML, like Gecko) HeadlessChrome/141.0.7390.37 Safari/537.36"
[2026-09-04T14:59:28.691Z]  "GET /js/ui-v4a1-intentions.js" "Mozilla/5.0 (X11; Linux x86_64) AppleWebKit/537.36 (KHTML, like Gecko) HeadlessChrome/141.0.7390.37 Safari/537.36"
[2026-09-04T14:59:28.695Z]  "GET /js/ui-v4a2-cartes.js" "Mozilla/5.0 (X11; Linux x86_64) AppleWebKit/537.36 (KHTML, like Gecko) HeadlessChrome/141.0.7390.37 Safari/537.36"
[2026-09-04T14:59:28.705Z]  "GET /js/ui-v4a3-vue.js" "Mozilla/5.0 (X11; Linux x86_64) AppleWebKit/537.36 (KHTML, like Gecko) HeadlessChrome/141.0.7390.37 Safari/537.36"
[2026-09-04T14:59:28.705Z]  "GET /js/ui-v5-bobines.js" "Mozilla/5.0 (X11; Linux x86_64) AppleWebKit/537.36 (KHTML, like Gecko) HeadlessChrome/141.0.7390.37 Safari/537.36"
[2026-09-04T14:59:28.707Z]  "GET /js/ui-v4a4-outils.js" "Mozilla/5.0 (X11; Linux x86_64) AppleWebKit/537.36 (KHTML, like Gecko) HeadlessChrome/141.0.7390.37 Safari/537.36"
[2026-09-04T14:59:28.707Z]  "GET /js/ui-v4a5-filtres.js" "Mozilla/5.0 (X11; Linux x86_64) AppleWebKit/537.36 (KHTML, like Gecko) HeadlessChrome/141.0.7390.37 Safari/537.36"
[2026-09-04T14:59:28.707Z]  "GET /js/ui-v6-composer.js" "Mozilla/5.0 (X11; Linux x86_64) AppleWebKit/537.36 (KHTML, like Gecko) HeadlessChrome/141.0.7390.37 Safari/537.36"
[2026-09-04T14:59:28.707Z]  "GET /js/ui-v6a-messages.js" "Mozilla/5.0 (X11; Linux x86_64) AppleWebKit/537.36 (KHTML, like Gecko) HeadlessChrome/141.0.7390.37 Safari/537.36"
[2026-09-04T14:59:28.717Z]  "GET /js/ui-v6b-profil.js" "Mozilla/5.0 (X11; Linux x86_64) AppleWebKit/537.36 (KHTML, like Gecko) HeadlessChrome/141.0.7390.37 Safari/537.36"
[2026-09-04T14:59:28.718Z]  "GET /js/ui-v6c-proposer-irl.js" "Mozilla/5.0 (X11; Linux x86_64) AppleWebKit/537.36 (KHTML, like Gecko) HeadlessChrome/141.0.7390.37 Safari/537.36"
[2026-09-04T14:59:28.718Z]  "GET /js/ui-v7-lot.js" "Mozilla/5.0 (X11; Linux x86_64) AppleWebKit/537.36 (KHTML, like Gecko) HeadlessChrome/141.0.7390.37 Safari/537.36"
[2026-09-04T14:59:28.718Z]  "GET /js/passions-flat.js" "Mozilla/5.0 (X11; Linux x86_64) AppleWebKit/537.36 (KHTML, like Gecko) HeadlessChrome/141.0.7390.37 Safari/537.36"
[2026-09-04T14:59:28.718Z]  "GET /js/passion-selector.js" "Mozilla/5.0 (X11; Linux x86_64) AppleWebKit/537.36 (KHTML, like Gecko) HeadlessChrome/141.0.7390.37 Safari/537.36"
[2026-09-04T14:59:28.718Z]  "GET /js/passions-flat-ui.js" "Mozilla/5.0 (X11; Linux x86_64) AppleWebKit/537.36 (KHTML, like Gecko) HeadlessChrome/141.0.7390.37 Safari/537.36"
[2026-09-04T14:59:28.727Z]  "GET /js/pwa-landing.js" "Mozilla/5.0 (X11; Linux x86_64) AppleWebKit/537.36 (KHTML, like Gecko) HeadlessChrome/141.0.7390.37 Safari/537.36"
[2026-09-04T14:59:28.727Z]  "GET /js/emoji-misc.js" "Mozilla/5.0 (X11; Linux x86_64) AppleWebKit/537.36 (KHTML, like Gecko) HeadlessChrome/141.0.7390.37 Safari/537.36"
[2026-09-04T14:59:42.118Z]  "GET /sw.js" "Mozilla/5.0 (X11; Linux x86_64) AppleWebKit/537.36 (KHTML, like Gecko) HeadlessChrome/141.0.7390.37 Safari/537.36"
[2026-09-04T14:59:42.136Z]  "GET /index.html" "Mozilla/5.0 (X11; Linux x86_64) AppleWebKit/537.36 (KHTML, like Gecko) HeadlessChrome/141.0.7390.37 Safari/537.36"
[2026-09-04T14:59:42.136Z]  "GET /styles.css" "Mozilla/5.0 (X11; Linux x86_64) AppleWebKit/537.36 (KHTML, like Gecko) HeadlessChrome/141.0.7390.37 Safari/537.36"
[2026-09-04T14:59:42.138Z]  "GET /manifest.json" "Mozilla/5.0 (X11; Linux x86_64) AppleWebKit/537.36 (KHTML, like Gecko) HeadlessChrome/141.0.7390.37 Safari/537.36"
[2026-09-04T14:59:42.149Z]  "GET /icon-192.png" "Mozilla/5.0 (X11; Linux x86_64) AppleWebKit/537.36 (KHTML, like Gecko) HeadlessChrome/141.0.7390.37 Safari/537.36"
[2026-09-04T14:59:42.149Z]  "GET /icon-512.png" "Mozilla/5.0 (X11; Linux x86_64) AppleWebKit/537.36 (KHTML, like Gecko) HeadlessChrome/141.0.7390.37 Safari/537.36"
[2026-09-04T14:59:42.166Z]  "GET /sw.js" "Mozilla/5.0 (X11; Linux x86_64) AppleWebKit/537.36 (KHTML, like Gecko) HeadlessChrome/141.0.7390.37 Safari/537.36"
[2026-09-04T14:59:48.947Z]  "GET /data/passions-v1.json" "Mozilla/5.0 (X11; Linux x86_64) AppleWebKit/537.36 (KHTML, like Gecko) HeadlessChrome/141.0.7390.37 Safari/537.36"
[2026-09-04T14:59:54.785Z]  "GET /index.html" "Mozilla/5.0 (X11; Linux x86_64) AppleWebKit/537.36 (KHTML, like Gecko) HeadlessChrome/141.0.7390.37 Safari/537.36"
[2026-09-04T14:59:54.804Z]  "GET /js/access-gate.js" "Mozilla/5.0 (X11; Linux x86_64) AppleWebKit/537.36 (KHTML, like Gecko) HeadlessChrome/141.0.7390.37 Safari/537.36"
[2026-09-04T14:59:54.810Z]  "GET /js/platform.js" "Mozilla/5.0 (X11; Linux x86_64) AppleWebKit/537.36 (KHTML, like Gecko) HeadlessChrome/141.0.7390.37 Safari/537.36"
[2026-09-04T14:59:54.810Z]  "GET /js/telemetry.js" "Mozilla/5.0 (X11; Linux x86_64) AppleWebKit/537.36 (KHTML, like Gecko) HeadlessChrome/141.0.7390.37 Safari/537.36"
[2026-09-04T14:59:54.810Z]  "GET /js/perf-ios.js" "Mozilla/5.0 (X11; Linux x86_64) AppleWebKit/537.36 (KHTML, like Gecko) HeadlessChrome/141.0.7390.37 Safari/537.36"
[2026-09-04T14:59:54.811Z]  "GET /js/pwa-detect.js" "Mozilla/5.0 (X11; Linux x86_64) AppleWebKit/537.36 (KHTML, like Gecko) HeadlessChrome/141.0.7390.37 Safari/537.36"
[2026-09-04T14:59:54.811Z]  "GET /styles.css" "Mozilla/5.0 (X11; Linux x86_64) AppleWebKit/537.36 (KHTML, like Gecko) HeadlessChrome/141.0.7390.37 Safari/537.36"
[2026-09-04T14:59:54.812Z]  "GET /js/supabase-loader.js" "Mozilla/5.0 (X11; Linux x86_64) AppleWebKit/537.36 (KHTML, like Gecko) HeadlessChrome/141.0.7390.37 Safari/537.36"
[2026-09-04T14:59:54.827Z]  "GET /js/map-loader.js" "Mozilla/5.0 (X11; Linux x86_64) AppleWebKit/537.36 (KHTML, like Gecko) HeadlessChrome/141.0.7390.37 Safari/537.36"
[2026-09-04T14:59:54.827Z]  "GET /js/idb-store.js" "Mozilla/5.0 (X11; Linux x86_64) AppleWebKit/537.36 (KHTML, like Gecko) HeadlessChrome/141.0.7390.37 Safari/537.36"
[2026-09-04T14:59:54.827Z]  "GET /js/first-run.js" "Mozilla/5.0 (X11; Linux x86_64) AppleWebKit/537.36 (KHTML, like Gecko) HeadlessChrome/141.0.7390.37 Safari/537.36"
[2026-09-04T14:59:54.827Z]  "GET /js/app-01-diag-seed.js" "Mozilla/5.0 (X11; Linux x86_64) AppleWebKit/537.36 (KHTML, like Gecko) HeadlessChrome/141.0.7390.37 Safari/537.36"
[2026-09-04T14:59:54.828Z]  "GET /js/app-02-state-utils.js" "Mozilla/5.0 (X11; Linux x86_64) AppleWebKit/537.36 (KHTML, like Gecko) HeadlessChrome/141.0.7390.37 Safari/537.36"
[2026-09-04T14:59:54.831Z]  "GET /js/app-03-posts-vlogs.js" "Mozilla/5.0 (X11; Linux x86_64) AppleWebKit/537.36 (KHTML, like Gecko) HeadlessChrome/141.0.7390.37 Safari/537.36"
[2026-09-04T14:59:54.846Z]  "GET /js/app-04-comments-shop.js" "Mozilla/5.0 (X11; Linux x86_64) AppleWebKit/537.36 (KHTML, like Gecko) HeadlessChrome/141.0.7390.37 Safari/537.36"
[2026-09-04T14:59:54.846Z]  "GET /js/app-05-config-profil.js" "Mozilla/5.0 (X11; Linux x86_64) AppleWebKit/537.36 (KHTML, like Gecko) HeadlessChrome/141.0.7390.37 Safari/537.36"
[2026-09-04T14:59:54.847Z]  "GET /js/app-06-reels-partage.js" "Mozilla/5.0 (X11; Linux x86_64) AppleWebKit/537.36 (KHTML, like Gecko) HeadlessChrome/141.0.7390.37 Safari/537.36"
[2026-09-04T14:59:54.848Z]  "GET /js/app-07-ia-explore-irl.js" "Mozilla/5.0 (X11; Linux x86_64) AppleWebKit/537.36 (KHTML, like Gecko) HeadlessChrome/141.0.7390.37 Safari/537.36"
[2026-09-04T14:59:54.848Z]  "GET /js/app-08-ui-modals-tour.js" "Mozilla/5.0 (X11; Linux x86_64) AppleWebKit/537.36 (KHTML, like Gecko) HeadlessChrome/141.0.7390.37 Safari/537.36"
[2026-09-04T14:59:54.848Z]  "GET /js/app-09-boot-pwa.js" "Mozilla/5.0 (X11; Linux x86_64) AppleWebKit/537.36 (KHTML, like Gecko) HeadlessChrome/141.0.7390.37 Safari/537.36"
[2026-09-04T14:59:54.867Z]  "GET /js/contextual-nav.js" "Mozilla/5.0 (X11; Linux x86_64) AppleWebKit/537.36 (KHTML, like Gecko) HeadlessChrome/141.0.7390.37 Safari/537.36"
[2026-09-04T14:59:54.870Z]  "GET /js/ui-v2-shell.js" "Mozilla/5.0 (X11; Linux x86_64) AppleWebKit/537.36 (KHTML, like Gecko) HeadlessChrome/141.0.7390.37 Safari/537.36"
[2026-09-04T14:59:54.870Z]  "GET /js/ui-v3-passerelle.js" "Mozilla/5.0 (X11; Linux x86_64) AppleWebKit/537.36 (KHTML, like Gecko) HeadlessChrome/141.0.7390.37 Safari/537.36"
[2026-09-04T14:59:54.870Z]  "GET /js/ui-v4b-fiche.js" "Mozilla/5.0 (X11; Linux x86_64) AppleWebKit/537.36 (KHTML, like Gecko) HeadlessChrome/141.0.7390.37 Safari/537.36"
[2026-09-04T14:59:54.871Z]  "GET /js/ui-v4a0-tete.js" "Mozilla/5.0 (X11; Linux x86_64) AppleWebKit/537.36 (KHTML, like Gecko) HeadlessChrome/141.0.7390.37 Safari/537.36"
[2026-09-04T14:59:54.871Z]  "GET /js/ui-v4a1-intentions.js" "Mozilla/5.0 (X11; Linux x86_64) AppleWebKit/537.36 (KHTML, like Gecko) HeadlessChrome/141.0.7390.37 Safari/537.36"
[2026-09-04T14:59:54.871Z]  "GET /js/ui-v4a2-cartes.js" "Mozilla/5.0 (X11; Linux x86_64) AppleWebKit/537.36 (KHTML, like Gecko) HeadlessChrome/141.0.7390.37 Safari/537.36"
[2026-09-04T14:59:54.899Z]  "GET /js/ui-v4a3-vue.js" "Mozilla/5.0 (X11; Linux x86_64) AppleWebKit/537.36 (KHTML, like Gecko) HeadlessChrome/141.0.7390.37 Safari/537.36"
[2026-09-04T14:59:54.901Z]  "GET /js/ui-v5-bobines.js" "Mozilla/5.0 (X11; Linux x86_64) AppleWebKit/537.36 (KHTML, like Gecko) HeadlessChrome/141.0.7390.37 Safari/537.36"
[2026-09-04T14:59:54.902Z]  "GET /js/ui-v4a4-outils.js" "Mozilla/5.0 (X11; Linux x86_64) AppleWebKit/537.36 (KHTML, like Gecko) HeadlessChrome/141.0.7390.37 Safari/537.36"
[2026-09-04T14:59:54.902Z]  "GET /js/ui-v4a5-filtres.js" "Mozilla/5.0 (X11; Linux x86_64) AppleWebKit/537.36 (KHTML, like Gecko) HeadlessChrome/141.0.7390.37 Safari/537.36"
[2026-09-04T14:59:54.902Z]  "GET /js/ui-v6-composer.js" "Mozilla/5.0 (X11; Linux x86_64) AppleWebKit/537.36 (KHTML, like Gecko) HeadlessChrome/141.0.7390.37 Safari/537.36"
[2026-09-04T14:59:54.902Z]  "GET /js/ui-v6a-messages.js" "Mozilla/5.0 (X11; Linux x86_64) AppleWebKit/537.36 (KHTML, like Gecko) HeadlessChrome/141.0.7390.37 Safari/537.36"
[2026-09-04T14:59:54.920Z]  "GET /js/ui-v6b-profil.js" "Mozilla/5.0 (X11; Linux x86_64) AppleWebKit/537.36 (KHTML, like Gecko) HeadlessChrome/141.0.7390.37 Safari/537.36"
[2026-09-04T14:59:54.921Z]  "GET /js/ui-v6c-proposer-irl.js" "Mozilla/5.0 (X11; Linux x86_64) AppleWebKit/537.36 (KHTML, like Gecko) HeadlessChrome/141.0.7390.37 Safari/537.36"
[2026-09-04T14:59:54.923Z]  "GET /js/ui-v7-lot.js" "Mozilla/5.0 (X11; Linux x86_64) AppleWebKit/537.36 (KHTML, like Gecko) HeadlessChrome/141.0.7390.37 Safari/537.36"
[2026-09-04T14:59:54.924Z]  "GET /js/passions-flat.js" "Mozilla/5.0 (X11; Linux x86_64) AppleWebKit/537.36 (KHTML, like Gecko) HeadlessChrome/141.0.7390.37 Safari/537.36"
[2026-09-04T14:59:54.926Z]  "GET /js/passion-selector.js" "Mozilla/5.0 (X11; Linux x86_64) AppleWebKit/537.36 (KHTML, like Gecko) HeadlessChrome/141.0.7390.37 Safari/537.36"
[2026-09-04T14:59:54.927Z]  "GET /js/passions-flat-ui.js" "Mozilla/5.0 (X11; Linux x86_64) AppleWebKit/537.36 (KHTML, like Gecko) HeadlessChrome/141.0.7390.37 Safari/537.36"
[2026-09-04T14:59:54.932Z]  "GET /js/pwa-landing.js" "Mozilla/5.0 (X11; Linux x86_64) AppleWebKit/537.36 (KHTML, like Gecko) HeadlessChrome/141.0.7390.37 Safari/537.36"
[2026-09-04T14:59:54.932Z]  "GET /js/emoji-misc.js" "Mozilla/5.0 (X11; Linux x86_64) AppleWebKit/537.36 (KHTML, like Gecko) HeadlessChrome/141.0.7390.37 Safari/537.36"
[2026-09-04T15:00:12.629Z]  "GET /index.html" "Mozilla/5.0 (X11; Linux x86_64) AppleWebKit/537.36 (KHTML, like Gecko) HeadlessChrome/141.0.7390.37 Safari/537.36"
[2026-09-04T15:00:12.657Z]  "GET /js/access-gate.js" "Mozilla/5.0 (X11; Linux x86_64) AppleWebKit/537.36 (KHTML, like Gecko) HeadlessChrome/141.0.7390.37 Safari/537.36"
[2026-09-04T15:00:12.657Z]  "GET /js/platform.js" "Mozilla/5.0 (X11; Linux x86_64) AppleWebKit/537.36 (KHTML, like Gecko) HeadlessChrome/141.0.7390.37 Safari/537.36"
[2026-09-04T15:00:12.658Z]  "GET /js/telemetry.js" "Mozilla/5.0 (X11; Linux x86_64) AppleWebKit/537.36 (KHTML, like Gecko) HeadlessChrome/141.0.7390.37 Safari/537.36"
[2026-09-04T15:00:12.658Z]  "GET /js/perf-ios.js" "Mozilla/5.0 (X11; Linux x86_64) AppleWebKit/537.36 (KHTML, like Gecko) HeadlessChrome/141.0.7390.37 Safari/537.36"
[2026-09-04T15:00:12.658Z]  "GET /styles.css" "Mozilla/5.0 (X11; Linux x86_64) AppleWebKit/537.36 (KHTML, like Gecko) HeadlessChrome/141.0.7390.37 Safari/537.36"
[2026-09-04T15:00:12.658Z]  "GET /js/pwa-detect.js" "Mozilla/5.0 (X11; Linux x86_64) AppleWebKit/537.36 (KHTML, like Gecko) HeadlessChrome/141.0.7390.37 Safari/537.36"
[2026-09-04T15:00:12.680Z]  "GET /js/supabase-loader.js" "Mozilla/5.0 (X11; Linux x86_64) AppleWebKit/537.36 (KHTML, like Gecko) HeadlessChrome/141.0.7390.37 Safari/537.36"
[2026-09-04T15:00:12.681Z]  "GET /js/map-loader.js" "Mozilla/5.0 (X11; Linux x86_64) AppleWebKit/537.36 (KHTML, like Gecko) HeadlessChrome/141.0.7390.37 Safari/537.36"
[2026-09-04T15:00:12.681Z]  "GET /js/idb-store.js" "Mozilla/5.0 (X11; Linux x86_64) AppleWebKit/537.36 (KHTML, like Gecko) HeadlessChrome/141.0.7390.37 Safari/537.36"
[2026-09-04T15:00:12.681Z]  "GET /js/first-run.js" "Mozilla/5.0 (X11; Linux x86_64) AppleWebKit/537.36 (KHTML, like Gecko) HeadlessChrome/141.0.7390.37 Safari/537.36"
[2026-09-04T15:00:12.681Z]  "GET /js/app-01-diag-seed.js" "Mozilla/5.0 (X11; Linux x86_64) AppleWebKit/537.36 (KHTML, like Gecko) HeadlessChrome/141.0.7390.37 Safari/537.36"
[2026-09-04T15:00:12.681Z]  "GET /js/app-02-state-utils.js" "Mozilla/5.0 (X11; Linux x86_64) AppleWebKit/537.36 (KHTML, like Gecko) HeadlessChrome/141.0.7390.37 Safari/537.36"
[2026-09-04T15:00:12.703Z]  "GET /js/app-03-posts-vlogs.js" "Mozilla/5.0 (X11; Linux x86_64) AppleWebKit/537.36 (KHTML, like Gecko) HeadlessChrome/141.0.7390.37 Safari/537.36"
[2026-09-04T15:00:12.709Z]  "GET /js/app-04-comments-shop.js" "Mozilla/5.0 (X11; Linux x86_64) AppleWebKit/537.36 (KHTML, like Gecko) HeadlessChrome/141.0.7390.37 Safari/537.36"
[2026-09-04T15:00:12.710Z]  "GET /js/app-05-config-profil.js" "Mozilla/5.0 (X11; Linux x86_64) AppleWebKit/537.36 (KHTML, like Gecko) HeadlessChrome/141.0.7390.37 Safari/537.36"
[2026-09-04T15:00:12.710Z]  "GET /js/app-06-reels-partage.js" "Mozilla/5.0 (X11; Linux x86_64) AppleWebKit/537.36 (KHTML, like Gecko) HeadlessChrome/141.0.7390.37 Safari/537.36"
[2026-09-04T15:00:12.710Z]  "GET /js/app-07-ia-explore-irl.js" "Mozilla/5.0 (X11; Linux x86_64) AppleWebKit/537.36 (KHTML, like Gecko) HeadlessChrome/141.0.7390.37 Safari/537.36"
[2026-09-04T15:00:12.710Z]  "GET /js/app-08-ui-modals-tour.js" "Mozilla/5.0 (X11; Linux x86_64) AppleWebKit/537.36 (KHTML, like Gecko) HeadlessChrome/141.0.7390.37 Safari/537.36"
[2026-09-04T15:00:12.713Z]  "GET /js/app-09-boot-pwa.js" "Mozilla/5.0 (X11; Linux x86_64) AppleWebKit/537.36 (KHTML, like Gecko) HeadlessChrome/141.0.7390.37 Safari/537.36"
[2026-09-04T15:00:12.728Z]  "GET /js/contextual-nav.js" "Mozilla/5.0 (X11; Linux x86_64) AppleWebKit/537.36 (KHTML, like Gecko) HeadlessChrome/141.0.7390.37 Safari/537.36"
[2026-09-04T15:00:12.734Z]  "GET /js/ui-v2-shell.js" "Mozilla/5.0 (X11; Linux x86_64) AppleWebKit/537.36 (KHTML, like Gecko) HeadlessChrome/141.0.7390.37 Safari/537.36"
[2026-09-04T15:00:12.738Z]  "GET /js/ui-v3-passerelle.js" "Mozilla/5.0 (X11; Linux x86_64) AppleWebKit/537.36 (KHTML, like Gecko) HeadlessChrome/141.0.7390.37 Safari/537.36"
[2026-09-04T15:00:12.744Z]  "GET /js/ui-v4b-fiche.js" "Mozilla/5.0 (X11; Linux x86_64) AppleWebKit/537.36 (KHTML, like Gecko) HeadlessChrome/141.0.7390.37 Safari/537.36"
[2026-09-04T15:00:12.750Z]  "GET /js/ui-v4a0-tete.js" "Mozilla/5.0 (X11; Linux x86_64) AppleWebKit/537.36 (KHTML, like Gecko) HeadlessChrome/141.0.7390.37 Safari/537.36"
[2026-09-04T15:00:12.757Z]  "GET /js/ui-v4a1-intentions.js" "Mozilla/5.0 (X11; Linux x86_64) AppleWebKit/537.36 (KHTML, like Gecko) HeadlessChrome/141.0.7390.37 Safari/537.36"
[2026-09-04T15:00:12.760Z]  "GET /js/ui-v4a2-cartes.js" "Mozilla/5.0 (X11; Linux x86_64) AppleWebKit/537.36 (KHTML, like Gecko) HeadlessChrome/141.0.7390.37 Safari/537.36"
[2026-09-04T15:00:12.764Z]  "GET /js/ui-v4a3-vue.js" "Mozilla/5.0 (X11; Linux x86_64) AppleWebKit/537.36 (KHTML, like Gecko) HeadlessChrome/141.0.7390.37 Safari/537.36"
[2026-09-04T15:00:12.764Z]  "GET /js/ui-v5-bobines.js" "Mozilla/5.0 (X11; Linux x86_64) AppleWebKit/537.36 (KHTML, like Gecko) HeadlessChrome/141.0.7390.37 Safari/537.36"
[2026-09-04T15:00:12.765Z]  "GET /js/ui-v4a4-outils.js" "Mozilla/5.0 (X11; Linux x86_64) AppleWebKit/537.36 (KHTML, like Gecko) HeadlessChrome/141.0.7390.37 Safari/537.36"
[2026-09-04T15:00:12.765Z]  "GET /js/ui-v4a5-filtres.js" "Mozilla/5.0 (X11; Linux x86_64) AppleWebKit/537.36 (KHTML, like Gecko) HeadlessChrome/141.0.7390.37 Safari/537.36"
[2026-09-04T15:00:12.765Z]  "GET /js/ui-v6-composer.js" "Mozilla/5.0 (X11; Linux x86_64) AppleWebKit/537.36 (KHTML, like Gecko) HeadlessChrome/141.0.7390.37 Safari/537.36"
[2026-09-04T15:00:12.766Z]  "GET /js/ui-v6a-messages.js" "Mozilla/5.0 (X11; Linux x86_64) AppleWebKit/537.36 (KHTML, like Gecko) HeadlessChrome/141.0.7390.37 Safari/537.36"
[2026-09-04T15:00:12.783Z]  "GET /js/ui-v6b-profil.js" "Mozilla/5.0 (X11; Linux x86_64) AppleWebKit/537.36 (KHTML, like Gecko) HeadlessChrome/141.0.7390.37 Safari/537.36"
[2026-09-04T15:00:12.783Z]  "GET /js/ui-v6c-proposer-irl.js" "Mozilla/5.0 (X11; Linux x86_64) AppleWebKit/537.36 (KHTML, like Gecko) HeadlessChrome/141.0.7390.37 Safari/537.36"
[2026-09-04T15:00:12.783Z]  "GET /js/ui-v7-lot.js" "Mozilla/5.0 (X11; Linux x86_64) AppleWebKit/537.36 (KHTML, like Gecko) HeadlessChrome/141.0.7390.37 Safari/537.36"
[2026-09-04T15:00:12.783Z]  "GET /js/passions-flat.js" "Mozilla/5.0 (X11; Linux x86_64) AppleWebKit/537.36 (KHTML, like Gecko) HeadlessChrome/141.0.7390.37 Safari/537.36"
[2026-09-04T15:00:12.783Z]  "GET /js/passion-selector.js" "Mozilla/5.0 (X11; Linux x86_64) AppleWebKit/537.36 (KHTML, like Gecko) HeadlessChrome/141.0.7390.37 Safari/537.36"
[2026-09-04T15:00:12.784Z]  "GET /js/passions-flat-ui.js" "Mozilla/5.0 (X11; Linux x86_64) AppleWebKit/537.36 (KHTML, like Gecko) HeadlessChrome/141.0.7390.37 Safari/537.36"
[2026-09-04T15:00:12.799Z]  "GET /js/pwa-landing.js" "Mozilla/5.0 (X11; Linux x86_64) AppleWebKit/537.36 (KHTML, like Gecko) HeadlessChrome/141.0.7390.37 Safari/537.36"
[2026-09-04T15:00:12.801Z]  "GET /js/emoji-misc.js" "Mozilla/5.0 (X11; Linux x86_64) AppleWebKit/537.36 (KHTML, like Gecko) HeadlessChrome/141.0.7390.37 Safari/537.36"
[2026-09-04T15:00:17.983Z]  "GET /index.html" "Mozilla/5.0 (X11; Linux x86_64) AppleWebKit/537.36 (KHTML, like Gecko) HeadlessChrome/141.0.7390.37 Safari/537.36"
[2026-09-04T15:00:18.006Z]  "GET /js/access-gate.js" "Mozilla/5.0 (X11; Linux x86_64) AppleWebKit/537.36 (KHTML, like Gecko) HeadlessChrome/141.0.7390.37 Safari/537.36"
[2026-09-04T15:00:18.024Z]  "GET /js/platform.js" "Mozilla/5.0 (X11; Linux x86_64) AppleWebKit/537.36 (KHTML, like Gecko) HeadlessChrome/141.0.7390.37 Safari/537.36"
[2026-09-04T15:00:18.026Z]  "GET /js/telemetry.js" "Mozilla/5.0 (X11; Linux x86_64) AppleWebKit/537.36 (KHTML, like Gecko) HeadlessChrome/141.0.7390.37 Safari/537.36"
[2026-09-04T15:00:18.026Z]  "GET /js/perf-ios.js" "Mozilla/5.0 (X11; Linux x86_64) AppleWebKit/537.36 (KHTML, like Gecko) HeadlessChrome/141.0.7390.37 Safari/537.36"
[2026-09-04T15:00:18.026Z]  "GET /js/pwa-detect.js" "Mozilla/5.0 (X11; Linux x86_64) AppleWebKit/537.36 (KHTML, like Gecko) HeadlessChrome/141.0.7390.37 Safari/537.36"
[2026-09-04T15:00:18.027Z]  "GET /js/supabase-loader.js" "Mozilla/5.0 (X11; Linux x86_64) AppleWebKit/537.36 (KHTML, like Gecko) HeadlessChrome/141.0.7390.37 Safari/537.36"
[2026-09-04T15:00:18.028Z]  "GET /styles.css" "Mozilla/5.0 (X11; Linux x86_64) AppleWebKit/537.36 (KHTML, like Gecko) HeadlessChrome/141.0.7390.37 Safari/537.36"
[2026-09-04T15:00:18.030Z]  "GET /js/map-loader.js" "Mozilla/5.0 (X11; Linux x86_64) AppleWebKit/537.36 (KHTML, like Gecko) HeadlessChrome/141.0.7390.37 Safari/537.36"
[2026-09-04T15:00:18.039Z]  "GET /js/idb-store.js" "Mozilla/5.0 (X11; Linux x86_64) AppleWebKit/537.36 (KHTML, like Gecko) HeadlessChrome/141.0.7390.37 Safari/537.36"
[2026-09-04T15:00:18.040Z]  "GET /js/first-run.js" "Mozilla/5.0 (X11; Linux x86_64) AppleWebKit/537.36 (KHTML, like Gecko) HeadlessChrome/141.0.7390.37 Safari/537.36"
[2026-09-04T15:00:18.041Z]  "GET /js/app-01-diag-seed.js" "Mozilla/5.0 (X11; Linux x86_64) AppleWebKit/537.36 (KHTML, like Gecko) HeadlessChrome/141.0.7390.37 Safari/537.36"
[2026-09-04T15:00:18.042Z]  "GET /js/app-02-state-utils.js" "Mozilla/5.0 (X11; Linux x86_64) AppleWebKit/537.36 (KHTML, like Gecko) HeadlessChrome/141.0.7390.37 Safari/537.36"
[2026-09-04T15:00:18.042Z]  "GET /js/app-03-posts-vlogs.js" "Mozilla/5.0 (X11; Linux x86_64) AppleWebKit/537.36 (KHTML, like Gecko) HeadlessChrome/141.0.7390.37 Safari/537.36"
[2026-09-04T15:00:18.042Z]  "GET /js/app-04-comments-shop.js" "Mozilla/5.0 (X11; Linux x86_64) AppleWebKit/537.36 (KHTML, like Gecko) HeadlessChrome/141.0.7390.37 Safari/537.36"
[2026-09-04T15:00:18.056Z]  "GET /js/app-05-config-profil.js" "Mozilla/5.0 (X11; Linux x86_64) AppleWebKit/537.36 (KHTML, like Gecko) HeadlessChrome/141.0.7390.37 Safari/537.36"
[2026-09-04T15:00:18.059Z]  "GET /js/app-06-reels-partage.js" "Mozilla/5.0 (X11; Linux x86_64) AppleWebKit/537.36 (KHTML, like Gecko) HeadlessChrome/141.0.7390.37 Safari/537.36"
[2026-09-04T15:00:18.066Z]  "GET /js/app-07-ia-explore-irl.js" "Mozilla/5.0 (X11; Linux x86_64) AppleWebKit/537.36 (KHTML, like Gecko) HeadlessChrome/141.0.7390.37 Safari/537.36"
[2026-09-04T15:00:18.070Z]  "GET /js/app-08-ui-modals-tour.js" "Mozilla/5.0 (X11; Linux x86_64) AppleWebKit/537.36 (KHTML, like Gecko) HeadlessChrome/141.0.7390.37 Safari/537.36"
[2026-09-04T15:00:18.071Z]  "GET /js/app-09-boot-pwa.js" "Mozilla/5.0 (X11; Linux x86_64) AppleWebKit/537.36 (KHTML, like Gecko) HeadlessChrome/141.0.7390.37 Safari/537.36"
[2026-09-04T15:00:18.071Z]  "GET /js/contextual-nav.js" "Mozilla/5.0 (X11; Linux x86_64) AppleWebKit/537.36 (KHTML, like Gecko) HeadlessChrome/141.0.7390.37 Safari/537.36"
[2026-09-04T15:00:18.072Z]  "GET /js/ui-v2-shell.js" "Mozilla/5.0 (X11; Linux x86_64) AppleWebKit/537.36 (KHTML, like Gecko) HeadlessChrome/141.0.7390.37 Safari/537.36"
[2026-09-04T15:00:18.078Z]  "GET /js/ui-v3-passerelle.js" "Mozilla/5.0 (X11; Linux x86_64) AppleWebKit/537.36 (KHTML, like Gecko) HeadlessChrome/141.0.7390.37 Safari/537.36"
[2026-09-04T15:00:18.083Z]  "GET /js/ui-v4b-fiche.js" "Mozilla/5.0 (X11; Linux x86_64) AppleWebKit/537.36 (KHTML, like Gecko) HeadlessChrome/141.0.7390.37 Safari/537.36"
[2026-09-04T15:00:18.084Z]  "GET /js/ui-v4a0-tete.js" "Mozilla/5.0 (X11; Linux x86_64) AppleWebKit/537.36 (KHTML, like Gecko) HeadlessChrome/141.0.7390.37 Safari/537.36"
[2026-09-04T15:00:18.084Z]  "GET /js/ui-v4a1-intentions.js" "Mozilla/5.0 (X11; Linux x86_64) AppleWebKit/537.36 (KHTML, like Gecko) HeadlessChrome/141.0.7390.37 Safari/537.36"
[2026-09-04T15:00:18.084Z]  "GET /js/ui-v4a2-cartes.js" "Mozilla/5.0 (X11; Linux x86_64) AppleWebKit/537.36 (KHTML, like Gecko) HeadlessChrome/141.0.7390.37 Safari/537.36"
[2026-09-04T15:00:18.086Z]  "GET /js/ui-v4a3-vue.js" "Mozilla/5.0 (X11; Linux x86_64) AppleWebKit/537.36 (KHTML, like Gecko) HeadlessChrome/141.0.7390.37 Safari/537.36"
[2026-09-04T15:00:18.091Z]  "GET /js/ui-v5-bobines.js" "Mozilla/5.0 (X11; Linux x86_64) AppleWebKit/537.36 (KHTML, like Gecko) HeadlessChrome/141.0.7390.37 Safari/537.36"
[2026-09-04T15:00:18.098Z]  "GET /js/ui-v4a4-outils.js" "Mozilla/5.0 (X11; Linux x86_64) AppleWebKit/537.36 (KHTML, like Gecko) HeadlessChrome/141.0.7390.37 Safari/537.36"
[2026-09-04T15:00:18.098Z]  "GET /js/ui-v4a5-filtres.js" "Mozilla/5.0 (X11; Linux x86_64) AppleWebKit/537.36 (KHTML, like Gecko) HeadlessChrome/141.0.7390.37 Safari/537.36"
[2026-09-04T15:00:18.098Z]  "GET /js/ui-v6-composer.js" "Mozilla/5.0 (X11; Linux x86_64) AppleWebKit/537.36 (KHTML, like Gecko) HeadlessChrome/141.0.7390.37 Safari/537.36"
[2026-09-04T15:00:18.098Z]  "GET /js/ui-v6a-messages.js" "Mozilla/5.0 (X11; Linux x86_64) AppleWebKit/537.36 (KHTML, like Gecko) HeadlessChrome/141.0.7390.37 Safari/537.36"
[2026-09-04T15:00:18.099Z]  "GET /js/ui-v6b-profil.js" "Mozilla/5.0 (X11; Linux x86_64) AppleWebKit/537.36 (KHTML, like Gecko) HeadlessChrome/141.0.7390.37 Safari/537.36"
[2026-09-04T15:00:18.099Z]  "GET /js/ui-v6c-proposer-irl.js" "Mozilla/5.0 (X11; Linux x86_64) AppleWebKit/537.36 (KHTML, like Gecko) HeadlessChrome/141.0.7390.37 Safari/537.36"
[2026-09-04T15:00:18.111Z]  "GET /js/ui-v7-lot.js" "Mozilla/5.0 (X11; Linux x86_64) AppleWebKit/537.36 (KHTML, like Gecko) HeadlessChrome/141.0.7390.37 Safari/537.36"
[2026-09-04T15:00:18.113Z]  "GET /js/passions-flat.js" "Mozilla/5.0 (X11; Linux x86_64) AppleWebKit/537.36 (KHTML, like Gecko) HeadlessChrome/141.0.7390.37 Safari/537.36"
[2026-09-04T15:00:18.114Z]  "GET /js/passion-selector.js" "Mozilla/5.0 (X11; Linux x86_64) AppleWebKit/537.36 (KHTML, like Gecko) HeadlessChrome/141.0.7390.37 Safari/537.36"
[2026-09-04T15:00:18.114Z]  "GET /js/passions-flat-ui.js" "Mozilla/5.0 (X11; Linux x86_64) AppleWebKit/537.36 (KHTML, like Gecko) HeadlessChrome/141.0.7390.37 Safari/537.36"
[2026-09-04T15:00:18.114Z]  "GET /js/pwa-landing.js" "Mozilla/5.0 (X11; Linux x86_64) AppleWebKit/537.36 (KHTML, like Gecko) HeadlessChrome/141.0.7390.37 Safari/537.36"
[2026-09-04T15:00:18.114Z]  "GET /js/emoji-misc.js" "Mozilla/5.0 (X11; Linux x86_64) AppleWebKit/537.36 (KHTML, like Gecko) HeadlessChrome/141.0.7390.37 Safari/537.36"
[2026-09-04T15:00:26.160Z]  "GET /sw.js" "Mozilla/5.0 (X11; Linux x86_64) AppleWebKit/537.36 (KHTML, like Gecko) HeadlessChrome/141.0.7390.37 Safari/537.36"
[2026-09-04T15:00:26.246Z]  "GET /index.html" "Mozilla/5.0 (X11; Linux x86_64) AppleWebKit/537.36 (KHTML, like Gecko) HeadlessChrome/141.0.7390.37 Safari/537.36"
[2026-09-04T15:00:26.247Z]  "GET /styles.css" "Mozilla/5.0 (X11; Linux x86_64) AppleWebKit/537.36 (KHTML, like Gecko) HeadlessChrome/141.0.7390.37 Safari/537.36"
[2026-09-04T15:00:26.249Z]  "GET /manifest.json" "Mozilla/5.0 (X11; Linux x86_64) AppleWebKit/537.36 (KHTML, like Gecko) HeadlessChrome/141.0.7390.37 Safari/537.36"
[2026-09-04T15:00:26.288Z]  "GET /icon-192.png" "Mozilla/5.0 (X11; Linux x86_64) AppleWebKit/537.36 (KHTML, like Gecko) HeadlessChrome/141.0.7390.37 Safari/537.36"
[2026-09-04T15:00:26.288Z]  "GET /icon-512.png" "Mozilla/5.0 (X11; Linux x86_64) AppleWebKit/537.36 (KHTML, like Gecko) HeadlessChrome/141.0.7390.37 Safari/537.36"
[2026-09-04T15:00:26.416Z]  "GET /sw.js" "Mozilla/5.0 (X11; Linux x86_64) AppleWebKit/537.36 (KHTML, like Gecko) HeadlessChrome/141.0.7390.37 Safari/537.36"
[2026-09-04T15:00:31.657Z]  "GET /sw.js" "Mozilla/5.0 (X11; Linux x86_64) AppleWebKit/537.36 (KHTML, like Gecko) HeadlessChrome/141.0.7390.37 Safari/537.36"
[2026-09-04T15:00:31.706Z]  "GET /index.html" "Mozilla/5.0 (X11; Linux x86_64) AppleWebKit/537.36 (KHTML, like Gecko) HeadlessChrome/141.0.7390.37 Safari/537.36"
[2026-09-04T15:00:31.726Z]  "GET /styles.css" "Mozilla/5.0 (X11; Linux x86_64) AppleWebKit/537.36 (KHTML, like Gecko) HeadlessChrome/141.0.7390.37 Safari/537.36"
[2026-09-04T15:00:31.726Z]  "GET /manifest.json" "Mozilla/5.0 (X11; Linux x86_64) AppleWebKit/537.36 (KHTML, like Gecko) HeadlessChrome/141.0.7390.37 Safari/537.36"
[2026-09-04T15:00:31.768Z]  "GET /icon-192.png" "Mozilla/5.0 (X11; Linux x86_64) AppleWebKit/537.36 (KHTML, like Gecko) HeadlessChrome/141.0.7390.37 Safari/537.36"
[2026-09-04T15:00:31.769Z]  "GET /icon-512.png" "Mozilla/5.0 (X11; Linux x86_64) AppleWebKit/537.36 (KHTML, like Gecko) HeadlessChrome/141.0.7390.37 Safari/537.36"
[2026-09-04T15:00:31.819Z]  "GET /sw.js" "Mozilla/5.0 (X11; Linux x86_64) AppleWebKit/537.36 (KHTML, like Gecko) HeadlessChrome/141.0.7390.37 Safari/537.36"
[2026-09-04T15:00:33.075Z]  "GET /data/passions-v1.json" "Mozilla/5.0 (X11; Linux x86_64) AppleWebKit/537.36 (KHTML, like Gecko) HeadlessChrome/141.0.7390.37 Safari/537.36"
[2026-09-04T15:00:38.643Z]  "GET /index.html" "Mozilla/5.0 (X11; Linux x86_64) AppleWebKit/537.36 (KHTML, like Gecko) HeadlessChrome/141.0.7390.37 Safari/537.36"
[2026-09-04T15:00:38.662Z]  "GET /js/access-gate.js" "Mozilla/5.0 (X11; Linux x86_64) AppleWebKit/537.36 (KHTML, like Gecko) HeadlessChrome/141.0.7390.37 Safari/537.36"
[2026-09-04T15:00:38.665Z]  "GET /js/platform.js" "Mozilla/5.0 (X11; Linux x86_64) AppleWebKit/537.36 (KHTML, like Gecko) HeadlessChrome/141.0.7390.37 Safari/537.36"
[2026-09-04T15:00:38.666Z]  "GET /js/telemetry.js" "Mozilla/5.0 (X11; Linux x86_64) AppleWebKit/537.36 (KHTML, like Gecko) HeadlessChrome/141.0.7390.37 Safari/537.36"
[2026-09-04T15:00:38.666Z]  "GET /js/perf-ios.js" "Mozilla/5.0 (X11; Linux x86_64) AppleWebKit/537.36 (KHTML, like Gecko) HeadlessChrome/141.0.7390.37 Safari/537.36"
[2026-09-04T15:00:38.666Z]  "GET /styles.css" "Mozilla/5.0 (X11; Linux x86_64) AppleWebKit/537.36 (KHTML, like Gecko) HeadlessChrome/141.0.7390.37 Safari/537.36"
[2026-09-04T15:00:38.667Z]  "GET /js/pwa-detect.js" "Mozilla/5.0 (X11; Linux x86_64) AppleWebKit/537.36 (KHTML, like Gecko) HeadlessChrome/141.0.7390.37 Safari/537.36"
[2026-09-04T15:00:38.667Z]  "GET /js/supabase-loader.js" "Mozilla/5.0 (X11; Linux x86_64) AppleWebKit/537.36 (KHTML, like Gecko) HeadlessChrome/141.0.7390.37 Safari/537.36"
[2026-09-04T15:00:38.684Z]  "GET /js/map-loader.js" "Mozilla/5.0 (X11; Linux x86_64) AppleWebKit/537.36 (KHTML, like Gecko) HeadlessChrome/141.0.7390.37 Safari/537.36"
[2026-09-04T15:00:38.684Z]  "GET /js/idb-store.js" "Mozilla/5.0 (X11; Linux x86_64) AppleWebKit/537.36 (KHTML, like Gecko) HeadlessChrome/141.0.7390.37 Safari/537.36"
[2026-09-04T15:00:38.684Z]  "GET /js/first-run.js" "Mozilla/5.0 (X11; Linux x86_64) AppleWebKit/537.36 (KHTML, like Gecko) HeadlessChrome/141.0.7390.37 Safari/537.36"
[2026-09-04T15:00:38.684Z]  "GET /js/app-01-diag-seed.js" "Mozilla/5.0 (X11; Linux x86_64) AppleWebKit/537.36 (KHTML, like Gecko) HeadlessChrome/141.0.7390.37 Safari/537.36"
[2026-09-04T15:00:38.685Z]  "GET /js/app-02-state-utils.js" "Mozilla/5.0 (X11; Linux x86_64) AppleWebKit/537.36 (KHTML, like Gecko) HeadlessChrome/141.0.7390.37 Safari/537.36"
[2026-09-04T15:00:38.685Z]  "GET /js/app-03-posts-vlogs.js" "Mozilla/5.0 (X11; Linux x86_64) AppleWebKit/537.36 (KHTML, like Gecko) HeadlessChrome/141.0.7390.37 Safari/537.36"
[2026-09-04T15:00:38.697Z]  "GET /js/app-04-comments-shop.js" "Mozilla/5.0 (X11; Linux x86_64) AppleWebKit/537.36 (KHTML, like Gecko) HeadlessChrome/141.0.7390.37 Safari/537.36"
[2026-09-04T15:00:38.700Z]  "GET /js/app-05-config-profil.js" "Mozilla/5.0 (X11; Linux x86_64) AppleWebKit/537.36 (KHTML, like Gecko) HeadlessChrome/141.0.7390.37 Safari/537.36"
[2026-09-04T15:00:38.702Z]  "GET /js/app-06-reels-partage.js" "Mozilla/5.0 (X11; Linux x86_64) AppleWebKit/537.36 (KHTML, like Gecko) HeadlessChrome/141.0.7390.37 Safari/537.36"
[2026-09-04T15:00:38.703Z]  "GET /js/app-07-ia-explore-irl.js" "Mozilla/5.0 (X11; Linux x86_64) AppleWebKit/537.36 (KHTML, like Gecko) HeadlessChrome/141.0.7390.37 Safari/537.36"
[2026-09-04T15:00:38.710Z]  "GET /js/app-08-ui-modals-tour.js" "Mozilla/5.0 (X11; Linux x86_64) AppleWebKit/537.36 (KHTML, like Gecko) HeadlessChrome/141.0.7390.37 Safari/537.36"
[2026-09-04T15:00:38.710Z]  "GET /js/app-09-boot-pwa.js" "Mozilla/5.0 (X11; Linux x86_64) AppleWebKit/537.36 (KHTML, like Gecko) HeadlessChrome/141.0.7390.37 Safari/537.36"
[2026-09-04T15:00:38.711Z]  "GET /js/contextual-nav.js" "Mozilla/5.0 (X11; Linux x86_64) AppleWebKit/537.36 (KHTML, like Gecko) HeadlessChrome/141.0.7390.37 Safari/537.36"
[2026-09-04T15:00:38.712Z]  "GET /js/ui-v2-shell.js" "Mozilla/5.0 (X11; Linux x86_64) AppleWebKit/537.36 (KHTML, like Gecko) HeadlessChrome/141.0.7390.37 Safari/537.36"
[2026-09-04T15:00:38.712Z]  "GET /js/ui-v3-passerelle.js" "Mozilla/5.0 (X11; Linux x86_64) AppleWebKit/537.36 (KHTML, like Gecko) HeadlessChrome/141.0.7390.37 Safari/537.36"
[2026-09-04T15:00:38.717Z]  "GET /js/ui-v4b-fiche.js" "Mozilla/5.0 (X11; Linux x86_64) AppleWebKit/537.36 (KHTML, like Gecko) HeadlessChrome/141.0.7390.37 Safari/537.36"
[2026-09-04T15:00:38.722Z]  "GET /js/ui-v4a0-tete.js" "Mozilla/5.0 (X11; Linux x86_64) AppleWebKit/537.36 (KHTML, like Gecko) HeadlessChrome/141.0.7390.37 Safari/537.36"
[2026-09-04T15:00:38.722Z]  "GET /js/ui-v4a1-intentions.js" "Mozilla/5.0 (X11; Linux x86_64) AppleWebKit/537.36 (KHTML, like Gecko) HeadlessChrome/141.0.7390.37 Safari/537.36"
[2026-09-04T15:00:38.722Z]  "GET /js/ui-v4a2-cartes.js" "Mozilla/5.0 (X11; Linux x86_64) AppleWebKit/537.36 (KHTML, like Gecko) HeadlessChrome/141.0.7390.37 Safari/537.36"
[2026-09-04T15:00:38.722Z]  "GET /js/ui-v4a3-vue.js" "Mozilla/5.0 (X11; Linux x86_64) AppleWebKit/537.36 (KHTML, like Gecko) HeadlessChrome/141.0.7390.37 Safari/537.36"
[2026-09-04T15:00:38.722Z]  "GET /js/ui-v5-bobines.js" "Mozilla/5.0 (X11; Linux x86_64) AppleWebKit/537.36 (KHTML, like Gecko) HeadlessChrome/141.0.7390.37 Safari/537.36"
[2026-09-04T15:00:38.723Z]  "GET /js/ui-v4a4-outils.js" "Mozilla/5.0 (X11; Linux x86_64) AppleWebKit/537.36 (KHTML, like Gecko) HeadlessChrome/141.0.7390.37 Safari/537.36"
[2026-09-04T15:00:38.734Z]  "GET /js/ui-v4a5-filtres.js" "Mozilla/5.0 (X11; Linux x86_64) AppleWebKit/537.36 (KHTML, like Gecko) HeadlessChrome/141.0.7390.37 Safari/537.36"
[2026-09-04T15:00:38.734Z]  "GET /js/ui-v6-composer.js" "Mozilla/5.0 (X11; Linux x86_64) AppleWebKit/537.36 (KHTML, like Gecko) HeadlessChrome/141.0.7390.37 Safari/537.36"
[2026-09-04T15:00:38.735Z]  "GET /js/ui-v6a-messages.js" "Mozilla/5.0 (X11; Linux x86_64) AppleWebKit/537.36 (KHTML, like Gecko) HeadlessChrome/141.0.7390.37 Safari/537.36"
[2026-09-04T15:00:38.735Z]  "GET /js/ui-v6b-profil.js" "Mozilla/5.0 (X11; Linux x86_64) AppleWebKit/537.36 (KHTML, like Gecko) HeadlessChrome/141.0.7390.37 Safari/537.36"
[2026-09-04T15:00:38.735Z]  "GET /js/ui-v6c-proposer-irl.js" "Mozilla/5.0 (X11; Linux x86_64) AppleWebKit/537.36 (KHTML, like Gecko) HeadlessChrome/141.0.7390.37 Safari/537.36"
[2026-09-04T15:00:38.736Z]  "GET /js/ui-v7-lot.js" "Mozilla/5.0 (X11; Linux x86_64) AppleWebKit/537.36 (KHTML, like Gecko) HeadlessChrome/141.0.7390.37 Safari/537.36"
[2026-09-04T15:00:38.748Z]  "GET /js/passions-flat.js" "Mozilla/5.0 (X11; Linux x86_64) AppleWebKit/537.36 (KHTML, like Gecko) HeadlessChrome/141.0.7390.37 Safari/537.36"
[2026-09-04T15:00:38.750Z]  "GET /js/passion-selector.js" "Mozilla/5.0 (X11; Linux x86_64) AppleWebKit/537.36 (KHTML, like Gecko) HeadlessChrome/141.0.7390.37 Safari/537.36"
[2026-09-04T15:00:38.750Z]  "GET /js/passions-flat-ui.js" "Mozilla/5.0 (X11; Linux x86_64) AppleWebKit/537.36 (KHTML, like Gecko) HeadlessChrome/141.0.7390.37 Safari/537.36"
[2026-09-04T15:00:38.751Z]  "GET /js/pwa-landing.js" "Mozilla/5.0 (X11; Linux x86_64) AppleWebKit/537.36 (KHTML, like Gecko) HeadlessChrome/141.0.7390.37 Safari/537.36"
[2026-09-04T15:00:38.751Z]  "GET /js/emoji-misc.js" "Mozilla/5.0 (X11; Linux x86_64) AppleWebKit/537.36 (KHTML, like Gecko) HeadlessChrome/141.0.7390.37 Safari/537.36"
[2026-09-04T15:00:52.277Z]  "GET /sw.js" "Mozilla/5.0 (X11; Linux x86_64) AppleWebKit/537.36 (KHTML, like Gecko) HeadlessChrome/141.0.7390.37 Safari/537.36"
[2026-09-04T15:00:52.297Z]  "GET /index.html" "Mozilla/5.0 (X11; Linux x86_64) AppleWebKit/537.36 (KHTML, like Gecko) HeadlessChrome/141.0.7390.37 Safari/537.36"
[2026-09-04T15:00:52.297Z]  "GET /styles.css" "Mozilla/5.0 (X11; Linux x86_64) AppleWebKit/537.36 (KHTML, like Gecko) HeadlessChrome/141.0.7390.37 Safari/537.36"
[2026-09-04T15:00:52.299Z]  "GET /manifest.json" "Mozilla/5.0 (X11; Linux x86_64) AppleWebKit/537.36 (KHTML, like Gecko) HeadlessChrome/141.0.7390.37 Safari/537.36"
[2026-09-04T15:00:52.311Z]  "GET /icon-192.png" "Mozilla/5.0 (X11; Linux x86_64) AppleWebKit/537.36 (KHTML, like Gecko) HeadlessChrome/141.0.7390.37 Safari/537.36"
[2026-09-04T15:00:52.311Z]  "GET /icon-512.png" "Mozilla/5.0 (X11; Linux x86_64) AppleWebKit/537.36 (KHTML, like Gecko) HeadlessChrome/141.0.7390.37 Safari/537.36"
[2026-09-04T15:00:52.328Z]  "GET /sw.js" "Mozilla/5.0 (X11; Linux x86_64) AppleWebKit/537.36 (KHTML, like Gecko) HeadlessChrome/141.0.7390.37 Safari/537.36"
[2026-09-04T15:00:58.951Z]  "GET /data/passions-v1.json" "Mozilla/5.0 (X11; Linux x86_64) AppleWebKit/537.36 (KHTML, like Gecko) HeadlessChrome/141.0.7390.37 Safari/537.36"
[2026-09-04T15:01:04.647Z]  "GET /index.html" "Mozilla/5.0 (X11; Linux x86_64) AppleWebKit/537.36 (KHTML, like Gecko) HeadlessChrome/141.0.7390.37 Safari/537.36"
[2026-09-04T15:01:04.667Z]  "GET /js/access-gate.js" "Mozilla/5.0 (X11; Linux x86_64) AppleWebKit/537.36 (KHTML, like Gecko) HeadlessChrome/141.0.7390.37 Safari/537.36"
[2026-09-04T15:01:04.677Z]  "GET /js/platform.js" "Mozilla/5.0 (X11; Linux x86_64) AppleWebKit/537.36 (KHTML, like Gecko) HeadlessChrome/141.0.7390.37 Safari/537.36"
[2026-09-04T15:01:04.677Z]  "GET /js/telemetry.js" "Mozilla/5.0 (X11; Linux x86_64) AppleWebKit/537.36 (KHTML, like Gecko) HeadlessChrome/141.0.7390.37 Safari/537.36"
[2026-09-04T15:01:04.677Z]  "GET /js/perf-ios.js" "Mozilla/5.0 (X11; Linux x86_64) AppleWebKit/537.36 (KHTML, like Gecko) HeadlessChrome/141.0.7390.37 Safari/537.36"
[2026-09-04T15:01:04.678Z]  "GET /styles.css" "Mozilla/5.0 (X11; Linux x86_64) AppleWebKit/537.36 (KHTML, like Gecko) HeadlessChrome/141.0.7390.37 Safari/537.36"
[2026-09-04T15:01:04.678Z]  "GET /js/pwa-detect.js" "Mozilla/5.0 (X11; Linux x86_64) AppleWebKit/537.36 (KHTML, like Gecko) HeadlessChrome/141.0.7390.37 Safari/537.36"
[2026-09-04T15:01:04.678Z]  "GET /js/supabase-loader.js" "Mozilla/5.0 (X11; Linux x86_64) AppleWebKit/537.36 (KHTML, like Gecko) HeadlessChrome/141.0.7390.37 Safari/537.36"
[2026-09-04T15:01:04.693Z]  "GET /js/map-loader.js" "Mozilla/5.0 (X11; Linux x86_64) AppleWebKit/537.36 (KHTML, like Gecko) HeadlessChrome/141.0.7390.37 Safari/537.36"
[2026-09-04T15:01:04.697Z]  "GET /js/idb-store.js" "Mozilla/5.0 (X11; Linux x86_64) AppleWebKit/537.36 (KHTML, like Gecko) HeadlessChrome/141.0.7390.37 Safari/537.36"
[2026-09-04T15:01:04.699Z]  "GET /js/first-run.js" "Mozilla/5.0 (X11; Linux x86_64) AppleWebKit/537.36 (KHTML, like Gecko) HeadlessChrome/141.0.7390.37 Safari/537.36"
[2026-09-04T15:01:04.699Z]  "GET /js/app-01-diag-seed.js" "Mozilla/5.0 (X11; Linux x86_64) AppleWebKit/537.36 (KHTML, like Gecko) HeadlessChrome/141.0.7390.37 Safari/537.36"
[2026-09-04T15:01:04.699Z]  "GET /js/app-02-state-utils.js" "Mozilla/5.0 (X11; Linux x86_64) AppleWebKit/537.36 (KHTML, like Gecko) HeadlessChrome/141.0.7390.37 Safari/537.36"
[2026-09-04T15:01:04.708Z]  "GET /js/app-03-posts-vlogs.js" "Mozilla/5.0 (X11; Linux x86_64) AppleWebKit/537.36 (KHTML, like Gecko) HeadlessChrome/141.0.7390.37 Safari/537.36"
[2026-09-04T15:01:04.709Z]  "GET /js/app-04-comments-shop.js" "Mozilla/5.0 (X11; Linux x86_64) AppleWebKit/537.36 (KHTML, like Gecko) HeadlessChrome/141.0.7390.37 Safari/537.36"
[2026-09-04T15:01:04.714Z]  "GET /js/app-05-config-profil.js" "Mozilla/5.0 (X11; Linux x86_64) AppleWebKit/537.36 (KHTML, like Gecko) HeadlessChrome/141.0.7390.37 Safari/537.36"
[2026-09-04T15:01:04.714Z]  "GET /js/app-06-reels-partage.js" "Mozilla/5.0 (X11; Linux x86_64) AppleWebKit/537.36 (KHTML, like Gecko) HeadlessChrome/141.0.7390.37 Safari/537.36"
[2026-09-04T15:01:04.715Z]  "GET /js/app-07-ia-explore-irl.js" "Mozilla/5.0 (X11; Linux x86_64) AppleWebKit/537.36 (KHTML, like Gecko) HeadlessChrome/141.0.7390.37 Safari/537.36"
[2026-09-04T15:01:04.715Z]  "GET /js/app-08-ui-modals-tour.js" "Mozilla/5.0 (X11; Linux x86_64) AppleWebKit/537.36 (KHTML, like Gecko) HeadlessChrome/141.0.7390.37 Safari/537.36"
[2026-09-04T15:01:04.724Z]  "GET /js/app-09-boot-pwa.js" "Mozilla/5.0 (X11; Linux x86_64) AppleWebKit/537.36 (KHTML, like Gecko) HeadlessChrome/141.0.7390.37 Safari/537.36"
[2026-09-04T15:01:04.730Z]  "GET /js/contextual-nav.js" "Mozilla/5.0 (X11; Linux x86_64) AppleWebKit/537.36 (KHTML, like Gecko) HeadlessChrome/141.0.7390.37 Safari/537.36"
[2026-09-04T15:01:04.731Z]  "GET /js/ui-v2-shell.js" "Mozilla/5.0 (X11; Linux x86_64) AppleWebKit/537.36 (KHTML, like Gecko) HeadlessChrome/141.0.7390.37 Safari/537.36"
[2026-09-04T15:01:04.731Z]  "GET /js/ui-v3-passerelle.js" "Mozilla/5.0 (X11; Linux x86_64) AppleWebKit/537.36 (KHTML, like Gecko) HeadlessChrome/141.0.7390.37 Safari/537.36"
[2026-09-04T15:01:04.731Z]  "GET /js/ui-v4b-fiche.js" "Mozilla/5.0 (X11; Linux x86_64) AppleWebKit/537.36 (KHTML, like Gecko) HeadlessChrome/141.0.7390.37 Safari/537.36"
[2026-09-04T15:01:04.731Z]  "GET /js/ui-v4a0-tete.js" "Mozilla/5.0 (X11; Linux x86_64) AppleWebKit/537.36 (KHTML, like Gecko) HeadlessChrome/141.0.7390.37 Safari/537.36"
[2026-09-04T15:01:04.731Z]  "GET /js/ui-v4a1-intentions.js" "Mozilla/5.0 (X11; Linux x86_64) AppleWebKit/537.36 (KHTML, like Gecko) HeadlessChrome/141.0.7390.37 Safari/537.36"
[2026-09-04T15:01:04.743Z]  "GET /js/ui-v4a2-cartes.js" "Mozilla/5.0 (X11; Linux x86_64) AppleWebKit/537.36 (KHTML, like Gecko) HeadlessChrome/141.0.7390.37 Safari/537.36"
[2026-09-04T15:01:04.744Z]  "GET /js/ui-v4a3-vue.js" "Mozilla/5.0 (X11; Linux x86_64) AppleWebKit/537.36 (KHTML, like Gecko) HeadlessChrome/141.0.7390.37 Safari/537.36"
[2026-09-04T15:01:04.744Z]  "GET /js/ui-v5-bobines.js" "Mozilla/5.0 (X11; Linux x86_64) AppleWebKit/537.36 (KHTML, like Gecko) HeadlessChrome/141.0.7390.37 Safari/537.36"
[2026-09-04T15:01:04.744Z]  "GET /js/ui-v4a4-outils.js" "Mozilla/5.0 (X11; Linux x86_64) AppleWebKit/537.36 (KHTML, like Gecko) HeadlessChrome/141.0.7390.37 Safari/537.36"
[2026-09-04T15:01:04.744Z]  "GET /js/ui-v4a5-filtres.js" "Mozilla/5.0 (X11; Linux x86_64) AppleWebKit/537.36 (KHTML, like Gecko) HeadlessChrome/141.0.7390.37 Safari/537.36"
[2026-09-04T15:01:04.744Z]  "GET /js/ui-v6-composer.js" "Mozilla/5.0 (X11; Linux x86_64) AppleWebKit/537.36 (KHTML, like Gecko) HeadlessChrome/141.0.7390.37 Safari/537.36"
[2026-09-04T15:01:04.754Z]  "GET /js/ui-v6a-messages.js" "Mozilla/5.0 (X11; Linux x86_64) AppleWebKit/537.36 (KHTML, like Gecko) HeadlessChrome/141.0.7390.37 Safari/537.36"
[2026-09-04T15:01:04.754Z]  "GET /js/ui-v6b-profil.js" "Mozilla/5.0 (X11; Linux x86_64) AppleWebKit/537.36 (KHTML, like Gecko) HeadlessChrome/141.0.7390.37 Safari/537.36"
[2026-09-04T15:01:04.755Z]  "GET /js/ui-v6c-proposer-irl.js" "Mozilla/5.0 (X11; Linux x86_64) AppleWebKit/537.36 (KHTML, like Gecko) HeadlessChrome/141.0.7390.37 Safari/537.36"
[2026-09-04T15:01:04.755Z]  "GET /js/ui-v7-lot.js" "Mozilla/5.0 (X11; Linux x86_64) AppleWebKit/537.36 (KHTML, like Gecko) HeadlessChrome/141.0.7390.37 Safari/537.36"
[2026-09-04T15:01:04.756Z]  "GET /js/passions-flat.js" "Mozilla/5.0 (X11; Linux x86_64) AppleWebKit/537.36 (KHTML, like Gecko) HeadlessChrome/141.0.7390.37 Safari/537.36"
[2026-09-04T15:01:04.756Z]  "GET /js/passion-selector.js" "Mozilla/5.0 (X11; Linux x86_64) AppleWebKit/537.36 (KHTML, like Gecko) HeadlessChrome/141.0.7390.37 Safari/537.36"
[2026-09-04T15:01:04.770Z]  "GET /js/passions-flat-ui.js" "Mozilla/5.0 (X11; Linux x86_64) AppleWebKit/537.36 (KHTML, like Gecko) HeadlessChrome/141.0.7390.37 Safari/537.36"
[2026-09-04T15:01:04.771Z]  "GET /js/pwa-landing.js" "Mozilla/5.0 (X11; Linux x86_64) AppleWebKit/537.36 (KHTML, like Gecko) HeadlessChrome/141.0.7390.37 Safari/537.36"
[2026-09-04T15:01:04.771Z]  "GET /js/emoji-misc.js" "Mozilla/5.0 (X11; Linux x86_64) AppleWebKit/537.36 (KHTML, like Gecko) HeadlessChrome/141.0.7390.37 Safari/537.36"
[2026-09-04T15:01:18.013Z]  "GET /sw.js" "Mozilla/5.0 (X11; Linux x86_64) AppleWebKit/537.36 (KHTML, like Gecko) HeadlessChrome/141.0.7390.37 Safari/537.36"
[2026-09-04T15:01:18.078Z]  "GET /index.html" "Mozilla/5.0 (X11; Linux x86_64) AppleWebKit/537.36 (KHTML, like Gecko) HeadlessChrome/141.0.7390.37 Safari/537.36"
[2026-09-04T15:01:18.079Z]  "GET /styles.css" "Mozilla/5.0 (X11; Linux x86_64) AppleWebKit/537.36 (KHTML, like Gecko) HeadlessChrome/141.0.7390.37 Safari/537.36"
[2026-09-04T15:01:18.085Z]  "GET /manifest.json" "Mozilla/5.0 (X11; Linux x86_64) AppleWebKit/537.36 (KHTML, like Gecko) HeadlessChrome/141.0.7390.37 Safari/537.36"
[2026-09-04T15:01:18.119Z]  "GET /icon-192.png" "Mozilla/5.0 (X11; Linux x86_64) AppleWebKit/537.36 (KHTML, like Gecko) HeadlessChrome/141.0.7390.37 Safari/537.36"
[2026-09-04T15:01:18.119Z]  "GET /icon-512.png" "Mozilla/5.0 (X11; Linux x86_64) AppleWebKit/537.36 (KHTML, like Gecko) HeadlessChrome/141.0.7390.37 Safari/537.36"
[2026-09-04T15:01:18.162Z]  "GET /sw.js" "Mozilla/5.0 (X11; Linux x86_64) AppleWebKit/537.36 (KHTML, like Gecko) HeadlessChrome/141.0.7390.37 Safari/537.36"
[2026-09-04T15:01:24.828Z]  "GET /data/passions-v1.json" "Mozilla/5.0 (X11; Linux x86_64) AppleWebKit/537.36 (KHTML, like Gecko) HeadlessChrome/141.0.7390.37 Safari/537.36"
[2026-09-04T15:01:34.784Z]  "GET /index.html" "Mozilla/5.0 (X11; Linux x86_64) AppleWebKit/537.36 (KHTML, like Gecko) HeadlessChrome/141.0.7390.37 Safari/537.36"
[2026-09-04T15:01:34.813Z]  "GET /js/access-gate.js" "Mozilla/5.0 (X11; Linux x86_64) AppleWebKit/537.36 (KHTML, like Gecko) HeadlessChrome/141.0.7390.37 Safari/537.36"
[2026-09-04T15:01:34.813Z]  "GET /js/platform.js" "Mozilla/5.0 (X11; Linux x86_64) AppleWebKit/537.36 (KHTML, like Gecko) HeadlessChrome/141.0.7390.37 Safari/537.36"
[2026-09-04T15:01:34.813Z]  "GET /js/telemetry.js" "Mozilla/5.0 (X11; Linux x86_64) AppleWebKit/537.36 (KHTML, like Gecko) HeadlessChrome/141.0.7390.37 Safari/537.36"
[2026-09-04T15:01:34.826Z]  "GET /js/perf-ios.js" "Mozilla/5.0 (X11; Linux x86_64) AppleWebKit/537.36 (KHTML, like Gecko) HeadlessChrome/141.0.7390.37 Safari/537.36"
[2026-09-04T15:01:34.832Z]  "GET /js/map-loader.js" "Mozilla/5.0 (X11; Linux x86_64) AppleWebKit/537.36 (KHTML, like Gecko) HeadlessChrome/141.0.7390.37 Safari/537.36"
[2026-09-04T15:01:34.832Z]  "GET /styles.css" "Mozilla/5.0 (X11; Linux x86_64) AppleWebKit/537.36 (KHTML, like Gecko) HeadlessChrome/141.0.7390.37 Safari/537.36"
[2026-09-04T15:01:34.832Z]  "GET /js/pwa-detect.js" "Mozilla/5.0 (X11; Linux x86_64) AppleWebKit/537.36 (KHTML, like Gecko) HeadlessChrome/141.0.7390.37 Safari/537.36"
[2026-09-04T15:01:34.842Z]  "GET /js/idb-store.js" "Mozilla/5.0 (X11; Linux x86_64) AppleWebKit/537.36 (KHTML, like Gecko) HeadlessChrome/141.0.7390.37 Safari/537.36"
[2026-09-04T15:01:34.842Z]  "GET /js/first-run.js" "Mozilla/5.0 (X11; Linux x86_64) AppleWebKit/537.36 (KHTML, like Gecko) HeadlessChrome/141.0.7390.37 Safari/537.36"
[2026-09-04T15:01:34.843Z]  "GET /js/supabase-loader.js" "Mozilla/5.0 (X11; Linux x86_64) AppleWebKit/537.36 (KHTML, like Gecko) HeadlessChrome/141.0.7390.37 Safari/537.36"
[2026-09-04T15:01:34.849Z]  "GET /js/app-01-diag-seed.js" "Mozilla/5.0 (X11; Linux x86_64) AppleWebKit/537.36 (KHTML, like Gecko) HeadlessChrome/141.0.7390.37 Safari/537.36"
[2026-09-04T15:01:34.850Z]  "GET /js/app-02-state-utils.js" "Mozilla/5.0 (X11; Linux x86_64) AppleWebKit/537.36 (KHTML, like Gecko) HeadlessChrome/141.0.7390.37 Safari/537.36"
[2026-09-04T15:01:34.852Z]  "GET /js/app-03-posts-vlogs.js" "Mozilla/5.0 (X11; Linux x86_64) AppleWebKit/537.36 (KHTML, like Gecko) HeadlessChrome/141.0.7390.37 Safari/537.36"
[2026-09-04T15:01:34.855Z]  "GET /js/app-04-comments-shop.js" "Mozilla/5.0 (X11; Linux x86_64) AppleWebKit/537.36 (KHTML, like Gecko) HeadlessChrome/141.0.7390.37 Safari/537.36"
[2026-09-04T15:01:34.855Z]  "GET /js/app-05-config-profil.js" "Mozilla/5.0 (X11; Linux x86_64) AppleWebKit/537.36 (KHTML, like Gecko) HeadlessChrome/141.0.7390.37 Safari/537.36"
[2026-09-04T15:01:34.869Z]  "GET /js/app-06-reels-partage.js" "Mozilla/5.0 (X11; Linux x86_64) AppleWebKit/537.36 (KHTML, like Gecko) HeadlessChrome/141.0.7390.37 Safari/537.36"
[2026-09-04T15:01:34.878Z]  "GET /js/app-07-ia-explore-irl.js" "Mozilla/5.0 (X11; Linux x86_64) AppleWebKit/537.36 (KHTML, like Gecko) HeadlessChrome/141.0.7390.37 Safari/537.36"
[2026-09-04T15:01:34.879Z]  "GET /js/app-08-ui-modals-tour.js" "Mozilla/5.0 (X11; Linux x86_64) AppleWebKit/537.36 (KHTML, like Gecko) HeadlessChrome/141.0.7390.37 Safari/537.36"
[2026-09-04T15:01:34.880Z]  "GET /js/app-09-boot-pwa.js" "Mozilla/5.0 (X11; Linux x86_64) AppleWebKit/537.36 (KHTML, like Gecko) HeadlessChrome/141.0.7390.37 Safari/537.36"
[2026-09-04T15:01:34.880Z]  "GET /js/contextual-nav.js" "Mozilla/5.0 (X11; Linux x86_64) AppleWebKit/537.36 (KHTML, like Gecko) HeadlessChrome/141.0.7390.37 Safari/537.36"
[2026-09-04T15:01:34.880Z]  "GET /js/ui-v2-shell.js" "Mozilla/5.0 (X11; Linux x86_64) AppleWebKit/537.36 (KHTML, like Gecko) HeadlessChrome/141.0.7390.37 Safari/537.36"
[2026-09-04T15:01:34.880Z]  "GET /js/ui-v3-passerelle.js" "Mozilla/5.0 (X11; Linux x86_64) AppleWebKit/537.36 (KHTML, like Gecko) HeadlessChrome/141.0.7390.37 Safari/537.36"
[2026-09-04T15:01:34.909Z]  "GET /js/ui-v4b-fiche.js" "Mozilla/5.0 (X11; Linux x86_64) AppleWebKit/537.36 (KHTML, like Gecko) HeadlessChrome/141.0.7390.37 Safari/537.36"
[2026-09-04T15:01:34.910Z]  "GET /js/ui-v4a0-tete.js" "Mozilla/5.0 (X11; Linux x86_64) AppleWebKit/537.36 (KHTML, like Gecko) HeadlessChrome/141.0.7390.37 Safari/537.36"
[2026-09-04T15:01:34.910Z]  "GET /js/ui-v4a1-intentions.js" "Mozilla/5.0 (X11; Linux x86_64) AppleWebKit/537.36 (KHTML, like Gecko) HeadlessChrome/141.0.7390.37 Safari/537.36"
[2026-09-04T15:01:34.917Z]  "GET /js/ui-v4a2-cartes.js" "Mozilla/5.0 (X11; Linux x86_64) AppleWebKit/537.36 (KHTML, like Gecko) HeadlessChrome/141.0.7390.37 Safari/537.36"
[2026-09-04T15:01:34.920Z]  "GET /js/ui-v4a3-vue.js" "Mozilla/5.0 (X11; Linux x86_64) AppleWebKit/537.36 (KHTML, like Gecko) HeadlessChrome/141.0.7390.37 Safari/537.36"
[2026-09-04T15:01:34.920Z]  "GET /js/ui-v5-bobines.js" "Mozilla/5.0 (X11; Linux x86_64) AppleWebKit/537.36 (KHTML, like Gecko) HeadlessChrome/141.0.7390.37 Safari/537.36"
[2026-09-04T15:01:34.920Z]  "GET /js/ui-v4a4-outils.js" "Mozilla/5.0 (X11; Linux x86_64) AppleWebKit/537.36 (KHTML, like Gecko) HeadlessChrome/141.0.7390.37 Safari/537.36"
[2026-09-04T15:01:34.920Z]  "GET /js/ui-v4a5-filtres.js" "Mozilla/5.0 (X11; Linux x86_64) AppleWebKit/537.36 (KHTML, like Gecko) HeadlessChrome/141.0.7390.37 Safari/537.36"
[2026-09-04T15:01:34.920Z]  "GET /js/ui-v6-composer.js" "Mozilla/5.0 (X11; Linux x86_64) AppleWebKit/537.36 (KHTML, like Gecko) HeadlessChrome/141.0.7390.37 Safari/537.36"
[2026-09-04T15:01:34.921Z]  "GET /js/ui-v6a-messages.js" "Mozilla/5.0 (X11; Linux x86_64) AppleWebKit/537.36 (KHTML, like Gecko) HeadlessChrome/141.0.7390.37 Safari/537.36"
[2026-09-04T15:01:34.947Z]  "GET /js/ui-v6b-profil.js" "Mozilla/5.0 (X11; Linux x86_64) AppleWebKit/537.36 (KHTML, like Gecko) HeadlessChrome/141.0.7390.37 Safari/537.36"
[2026-09-04T15:01:34.950Z]  "GET /js/ui-v6c-proposer-irl.js" "Mozilla/5.0 (X11; Linux x86_64) AppleWebKit/537.36 (KHTML, like Gecko) HeadlessChrome/141.0.7390.37 Safari/537.36"
[2026-09-04T15:01:34.952Z]  "GET /js/ui-v7-lot.js" "Mozilla/5.0 (X11; Linux x86_64) AppleWebKit/537.36 (KHTML, like Gecko) HeadlessChrome/141.0.7390.37 Safari/537.36"
[2026-09-04T15:01:34.954Z]  "GET /js/passions-flat.js" "Mozilla/5.0 (X11; Linux x86_64) AppleWebKit/537.36 (KHTML, like Gecko) HeadlessChrome/141.0.7390.37 Safari/537.36"
[2026-09-04T15:01:34.957Z]  "GET /js/passion-selector.js" "Mozilla/5.0 (X11; Linux x86_64) AppleWebKit/537.36 (KHTML, like Gecko) HeadlessChrome/141.0.7390.37 Safari/537.36"
[2026-09-04T15:01:34.958Z]  "GET /js/passions-flat-ui.js" "Mozilla/5.0 (X11; Linux x86_64) AppleWebKit/537.36 (KHTML, like Gecko) HeadlessChrome/141.0.7390.37 Safari/537.36"
[2026-09-04T15:01:34.965Z]  "GET /js/pwa-landing.js" "Mozilla/5.0 (X11; Linux x86_64) AppleWebKit/537.36 (KHTML, like Gecko) HeadlessChrome/141.0.7390.37 Safari/537.36"
[2026-09-04T15:01:34.966Z]  "GET /js/emoji-misc.js" "Mozilla/5.0 (X11; Linux x86_64) AppleWebKit/537.36 (KHTML, like Gecko) HeadlessChrome/141.0.7390.37 Safari/537.36"
[2026-09-04T15:01:48.451Z]  "GET /sw.js" "Mozilla/5.0 (X11; Linux x86_64) AppleWebKit/537.36 (KHTML, like Gecko) HeadlessChrome/141.0.7390.37 Safari/537.36"
[2026-09-04T15:01:48.477Z]  "GET /index.html" "Mozilla/5.0 (X11; Linux x86_64) AppleWebKit/537.36 (KHTML, like Gecko) HeadlessChrome/141.0.7390.37 Safari/537.36"
[2026-09-04T15:01:48.479Z]  "GET /styles.css" "Mozilla/5.0 (X11; Linux x86_64) AppleWebKit/537.36 (KHTML, like Gecko) HeadlessChrome/141.0.7390.37 Safari/537.36"
[2026-09-04T15:01:48.479Z]  "GET /manifest.json" "Mozilla/5.0 (X11; Linux x86_64) AppleWebKit/537.36 (KHTML, like Gecko) HeadlessChrome/141.0.7390.37 Safari/537.36"
[2026-09-04T15:01:48.494Z]  "GET /icon-192.png" "Mozilla/5.0 (X11; Linux x86_64) AppleWebKit/537.36 (KHTML, like Gecko) HeadlessChrome/141.0.7390.37 Safari/537.36"
[2026-09-04T15:01:48.495Z]  "GET /icon-512.png" "Mozilla/5.0 (X11; Linux x86_64) AppleWebKit/537.36 (KHTML, like Gecko) HeadlessChrome/141.0.7390.37 Safari/537.36"
[2026-09-04T15:01:48.504Z]  "GET /sw.js" "Mozilla/5.0 (X11; Linux x86_64) AppleWebKit/537.36 (KHTML, like Gecko) HeadlessChrome/141.0.7390.37 Safari/537.36"
[2026-09-04T15:01:55.221Z]  "GET /data/passions-v1.json" "Mozilla/5.0 (X11; Linux x86_64) AppleWebKit/537.36 (KHTML, like Gecko) HeadlessChrome/141.0.7390.37 Safari/537.36"
[2026-09-04T15:02:00.889Z]  "GET /index.html" "Mozilla/5.0 (X11; Linux x86_64) AppleWebKit/537.36 (KHTML, like Gecko) HeadlessChrome/141.0.7390.37 Safari/537.36"
[2026-09-04T15:02:00.909Z]  "GET /js/access-gate.js" "Mozilla/5.0 (X11; Linux x86_64) AppleWebKit/537.36 (KHTML, like Gecko) HeadlessChrome/141.0.7390.37 Safari/537.36"
[2026-09-04T15:02:00.917Z]  "GET /js/platform.js" "Mozilla/5.0 (X11; Linux x86_64) AppleWebKit/537.36 (KHTML, like Gecko) HeadlessChrome/141.0.7390.37 Safari/537.36"
[2026-09-04T15:02:00.919Z]  "GET /js/telemetry.js" "Mozilla/5.0 (X11; Linux x86_64) AppleWebKit/537.36 (KHTML, like Gecko) HeadlessChrome/141.0.7390.37 Safari/537.36"
[2026-09-04T15:02:00.930Z]  "GET /js/perf-ios.js" "Mozilla/5.0 (X11; Linux x86_64) AppleWebKit/537.36 (KHTML, like Gecko) HeadlessChrome/141.0.7390.37 Safari/537.36"
[2026-09-04T15:02:00.932Z]  "GET /js/pwa-detect.js" "Mozilla/5.0 (X11; Linux x86_64) AppleWebKit/537.36 (KHTML, like Gecko) HeadlessChrome/141.0.7390.37 Safari/537.36"
[2026-09-04T15:02:00.932Z]  "GET /styles.css" "Mozilla/5.0 (X11; Linux x86_64) AppleWebKit/537.36 (KHTML, like Gecko) HeadlessChrome/141.0.7390.37 Safari/537.36"
[2026-09-04T15:02:00.933Z]  "GET /js/supabase-loader.js" "Mozilla/5.0 (X11; Linux x86_64) AppleWebKit/537.36 (KHTML, like Gecko) HeadlessChrome/141.0.7390.37 Safari/537.36"
[2026-09-04T15:02:00.937Z]  "GET /js/map-loader.js" "Mozilla/5.0 (X11; Linux x86_64) AppleWebKit/537.36 (KHTML, like Gecko) HeadlessChrome/141.0.7390.37 Safari/537.36"
[2026-09-04T15:02:00.940Z]  "GET /js/idb-store.js" "Mozilla/5.0 (X11; Linux x86_64) AppleWebKit/537.36 (KHTML, like Gecko) HeadlessChrome/141.0.7390.37 Safari/537.36"
[2026-09-04T15:02:00.942Z]  "GET /js/first-run.js" "Mozilla/5.0 (X11; Linux x86_64) AppleWebKit/537.36 (KHTML, like Gecko) HeadlessChrome/141.0.7390.37 Safari/537.36"
[2026-09-04T15:02:00.945Z]  "GET /js/app-01-diag-seed.js" "Mozilla/5.0 (X11; Linux x86_64) AppleWebKit/537.36 (KHTML, like Gecko) HeadlessChrome/141.0.7390.37 Safari/537.36"
[2026-09-04T15:02:00.946Z]  "GET /js/app-02-state-utils.js" "Mozilla/5.0 (X11; Linux x86_64) AppleWebKit/537.36 (KHTML, like Gecko) HeadlessChrome/141.0.7390.37 Safari/537.36"
[2026-09-04T15:02:00.947Z]  "GET /js/app-03-posts-vlogs.js" "Mozilla/5.0 (X11; Linux x86_64) AppleWebKit/537.36 (KHTML, like Gecko) HeadlessChrome/141.0.7390.37 Safari/537.36"
[2026-09-04T15:02:00.947Z]  "GET /js/app-04-comments-shop.js" "Mozilla/5.0 (X11; Linux x86_64) AppleWebKit/537.36 (KHTML, like Gecko) HeadlessChrome/141.0.7390.37 Safari/537.36"
[2026-09-04T15:02:00.947Z]  "GET /js/app-05-config-profil.js" "Mozilla/5.0 (X11; Linux x86_64) AppleWebKit/537.36 (KHTML, like Gecko) HeadlessChrome/141.0.7390.37 Safari/537.36"
[2026-09-04T15:02:00.955Z]  "GET /js/app-06-reels-partage.js" "Mozilla/5.0 (X11; Linux x86_64) AppleWebKit/537.36 (KHTML, like Gecko) HeadlessChrome/141.0.7390.37 Safari/537.36"
[2026-09-04T15:02:00.960Z]  "GET /js/app-07-ia-explore-irl.js" "Mozilla/5.0 (X11; Linux x86_64) AppleWebKit/537.36 (KHTML, like Gecko) HeadlessChrome/141.0.7390.37 Safari/537.36"
[2026-09-04T15:02:00.964Z]  "GET /js/app-08-ui-modals-tour.js" "Mozilla/5.0 (X11; Linux x86_64) AppleWebKit/537.36 (KHTML, like Gecko) HeadlessChrome/141.0.7390.37 Safari/537.36"
[2026-09-04T15:02:00.967Z]  "GET /js/app-09-boot-pwa.js" "Mozilla/5.0 (X11; Linux x86_64) AppleWebKit/537.36 (KHTML, like Gecko) HeadlessChrome/141.0.7390.37 Safari/537.36"
[2026-09-04T15:02:00.971Z]  "GET /js/contextual-nav.js" "Mozilla/5.0 (X11; Linux x86_64) AppleWebKit/537.36 (KHTML, like Gecko) HeadlessChrome/141.0.7390.37 Safari/537.36"
[2026-09-04T15:02:00.973Z]  "GET /js/ui-v2-shell.js" "Mozilla/5.0 (X11; Linux x86_64) AppleWebKit/537.36 (KHTML, like Gecko) HeadlessChrome/141.0.7390.37 Safari/537.36"
[2026-09-04T15:02:00.977Z]  "GET /js/ui-v3-passerelle.js" "Mozilla/5.0 (X11; Linux x86_64) AppleWebKit/537.36 (KHTML, like Gecko) HeadlessChrome/141.0.7390.37 Safari/537.36"
[2026-09-04T15:02:00.977Z]  "GET /js/ui-v4b-fiche.js" "Mozilla/5.0 (X11; Linux x86_64) AppleWebKit/537.36 (KHTML, like Gecko) HeadlessChrome/141.0.7390.37 Safari/537.36"
[2026-09-04T15:02:00.977Z]  "GET /js/ui-v4a0-tete.js" "Mozilla/5.0 (X11; Linux x86_64) AppleWebKit/537.36 (KHTML, like Gecko) HeadlessChrome/141.0.7390.37 Safari/537.36"
[2026-09-04T15:02:00.982Z]  "GET /js/ui-v4a1-intentions.js" "Mozilla/5.0 (X11; Linux x86_64) AppleWebKit/537.36 (KHTML, like Gecko) HeadlessChrome/141.0.7390.37 Safari/537.36"
[2026-09-04T15:02:00.986Z]  "GET /js/ui-v4a2-cartes.js" "Mozilla/5.0 (X11; Linux x86_64) AppleWebKit/537.36 (KHTML, like Gecko) HeadlessChrome/141.0.7390.37 Safari/537.36"
[2026-09-04T15:02:00.991Z]  "GET /js/ui-v4a3-vue.js" "Mozilla/5.0 (X11; Linux x86_64) AppleWebKit/537.36 (KHTML, like Gecko) HeadlessChrome/141.0.7390.37 Safari/537.36"
[2026-09-04T15:02:00.994Z]  "GET /js/ui-v5-bobines.js" "Mozilla/5.0 (X11; Linux x86_64) AppleWebKit/537.36 (KHTML, like Gecko) HeadlessChrome/141.0.7390.37 Safari/537.36"
[2026-09-04T15:02:00.996Z]  "GET /js/ui-v4a4-outils.js" "Mozilla/5.0 (X11; Linux x86_64) AppleWebKit/537.36 (KHTML, like Gecko) HeadlessChrome/141.0.7390.37 Safari/537.36"
[2026-09-04T15:02:01.000Z]  "GET /js/ui-v4a5-filtres.js" "Mozilla/5.0 (X11; Linux x86_64) AppleWebKit/537.36 (KHTML, like Gecko) HeadlessChrome/141.0.7390.37 Safari/537.36"
[2026-09-04T15:02:01.002Z]  "GET /js/ui-v6-composer.js" "Mozilla/5.0 (X11; Linux x86_64) AppleWebKit/537.36 (KHTML, like Gecko) HeadlessChrome/141.0.7390.37 Safari/537.36"
[2026-09-04T15:02:01.007Z]  "GET /js/ui-v6a-messages.js" "Mozilla/5.0 (X11; Linux x86_64) AppleWebKit/537.36 (KHTML, like Gecko) HeadlessChrome/141.0.7390.37 Safari/537.36"
[2026-09-04T15:02:01.011Z]  "GET /js/ui-v6b-profil.js" "Mozilla/5.0 (X11; Linux x86_64) AppleWebKit/537.36 (KHTML, like Gecko) HeadlessChrome/141.0.7390.37 Safari/537.36"
[2026-09-04T15:02:01.014Z]  "GET /js/ui-v6c-proposer-irl.js" "Mozilla/5.0 (X11; Linux x86_64) AppleWebKit/537.36 (KHTML, like Gecko) HeadlessChrome/141.0.7390.37 Safari/537.36"
[2026-09-04T15:02:01.017Z]  "GET /js/ui-v7-lot.js" "Mozilla/5.0 (X11; Linux x86_64) AppleWebKit/537.36 (KHTML, like Gecko) HeadlessChrome/141.0.7390.37 Safari/537.36"
[2026-09-04T15:02:01.017Z]  "GET /js/passions-flat.js" "Mozilla/5.0 (X11; Linux x86_64) AppleWebKit/537.36 (KHTML, like Gecko) HeadlessChrome/141.0.7390.37 Safari/537.36"
[2026-09-04T15:02:01.018Z]  "GET /js/passion-selector.js" "Mozilla/5.0 (X11; Linux x86_64) AppleWebKit/537.36 (KHTML, like Gecko) HeadlessChrome/141.0.7390.37 Safari/537.36"
[2026-09-04T15:02:01.026Z]  "GET /js/passions-flat-ui.js" "Mozilla/5.0 (X11; Linux x86_64) AppleWebKit/537.36 (KHTML, like Gecko) HeadlessChrome/141.0.7390.37 Safari/537.36"
[2026-09-04T15:02:01.029Z]  "GET /js/pwa-landing.js" "Mozilla/5.0 (X11; Linux x86_64) AppleWebKit/537.36 (KHTML, like Gecko) HeadlessChrome/141.0.7390.37 Safari/537.36"
[2026-09-04T15:02:01.029Z]  "GET /js/emoji-misc.js" "Mozilla/5.0 (X11; Linux x86_64) AppleWebKit/537.36 (KHTML, like Gecko) HeadlessChrome/141.0.7390.37 Safari/537.36"
[2026-09-04T15:02:13.748Z]  "GET /sw.js" "Mozilla/5.0 (X11; Linux x86_64) AppleWebKit/537.36 (KHTML, like Gecko) HeadlessChrome/141.0.7390.37 Safari/537.36"
[2026-09-04T15:02:13.768Z]  "GET /index.html" "Mozilla/5.0 (X11; Linux x86_64) AppleWebKit/537.36 (KHTML, like Gecko) HeadlessChrome/141.0.7390.37 Safari/537.36"
[2026-09-04T15:02:13.772Z]  "GET /styles.css" "Mozilla/5.0 (X11; Linux x86_64) AppleWebKit/537.36 (KHTML, like Gecko) HeadlessChrome/141.0.7390.37 Safari/537.36"
[2026-09-04T15:02:13.772Z]  "GET /manifest.json" "Mozilla/5.0 (X11; Linux x86_64) AppleWebKit/537.36 (KHTML, like Gecko) HeadlessChrome/141.0.7390.37 Safari/537.36"
[2026-09-04T15:02:13.789Z]  "GET /icon-192.png" "Mozilla/5.0 (X11; Linux x86_64) AppleWebKit/537.36 (KHTML, like Gecko) HeadlessChrome/141.0.7390.37 Safari/537.36"
[2026-09-04T15:02:13.790Z]  "GET /icon-512.png" "Mozilla/5.0 (X11; Linux x86_64) AppleWebKit/537.36 (KHTML, like Gecko) HeadlessChrome/141.0.7390.37 Safari/537.36"
[2026-09-04T15:02:13.800Z]  "GET /sw.js" "Mozilla/5.0 (X11; Linux x86_64) AppleWebKit/537.36 (KHTML, like Gecko) HeadlessChrome/141.0.7390.37 Safari/537.36"
[2026-09-04T15:02:20.418Z]  "GET /data/passions-v1.json" "Mozilla/5.0 (X11; Linux x86_64) AppleWebKit/537.36 (KHTML, like Gecko) HeadlessChrome/141.0.7390.37 Safari/537.36"
[2026-09-04T15:02:26.160Z]  "GET /index.html" "Mozilla/5.0 (X11; Linux x86_64) AppleWebKit/537.36 (KHTML, like Gecko) HeadlessChrome/141.0.7390.37 Safari/537.36"
[2026-09-04T15:02:26.201Z]  "GET /js/platform.js" "Mozilla/5.0 (X11; Linux x86_64) AppleWebKit/537.36 (KHTML, like Gecko) HeadlessChrome/141.0.7390.37 Safari/537.36"
[2026-09-04T15:02:26.207Z]  "GET /js/access-gate.js" "Mozilla/5.0 (X11; Linux x86_64) AppleWebKit/537.36 (KHTML, like Gecko) HeadlessChrome/141.0.7390.37 Safari/537.36"
[2026-09-04T15:02:26.207Z]  "GET /styles.css" "Mozilla/5.0 (X11; Linux x86_64) AppleWebKit/537.36 (KHTML, like Gecko) HeadlessChrome/141.0.7390.37 Safari/537.36"
[2026-09-04T15:02:26.208Z]  "GET /js/telemetry.js" "Mozilla/5.0 (X11; Linux x86_64) AppleWebKit/537.36 (KHTML, like Gecko) HeadlessChrome/141.0.7390.37 Safari/537.36"
[2026-09-04T15:02:26.208Z]  "GET /js/perf-ios.js" "Mozilla/5.0 (X11; Linux x86_64) AppleWebKit/537.36 (KHTML, like Gecko) HeadlessChrome/141.0.7390.37 Safari/537.36"
[2026-09-04T15:02:26.249Z]  "GET /js/pwa-detect.js" "Mozilla/5.0 (X11; Linux x86_64) AppleWebKit/537.36 (KHTML, like Gecko) HeadlessChrome/141.0.7390.37 Safari/537.36"
[2026-09-04T15:02:26.249Z]  "GET /js/map-loader.js" "Mozilla/5.0 (X11; Linux x86_64) AppleWebKit/537.36 (KHTML, like Gecko) HeadlessChrome/141.0.7390.37 Safari/537.36"
[2026-09-04T15:02:26.249Z]  "GET /js/idb-store.js" "Mozilla/5.0 (X11; Linux x86_64) AppleWebKit/537.36 (KHTML, like Gecko) HeadlessChrome/141.0.7390.37 Safari/537.36"
[2026-09-04T15:02:26.249Z]  "GET /js/first-run.js" "Mozilla/5.0 (X11; Linux x86_64) AppleWebKit/537.36 (KHTML, like Gecko) HeadlessChrome/141.0.7390.37 Safari/537.36"
[2026-09-04T15:02:26.250Z]  "GET /js/app-01-diag-seed.js" "Mozilla/5.0 (X11; Linux x86_64) AppleWebKit/537.36 (KHTML, like Gecko) HeadlessChrome/141.0.7390.37 Safari/537.36"
[2026-09-04T15:02:26.250Z]  "GET /js/supabase-loader.js" "Mozilla/5.0 (X11; Linux x86_64) AppleWebKit/537.36 (KHTML, like Gecko) HeadlessChrome/141.0.7390.37 Safari/537.36"
[2026-09-04T15:02:26.290Z]  "GET /js/app-02-state-utils.js" "Mozilla/5.0 (X11; Linux x86_64) AppleWebKit/537.36 (KHTML, like Gecko) HeadlessChrome/141.0.7390.37 Safari/537.36"
[2026-09-04T15:02:26.290Z]  "GET /js/app-03-posts-vlogs.js" "Mozilla/5.0 (X11; Linux x86_64) AppleWebKit/537.36 (KHTML, like Gecko) HeadlessChrome/141.0.7390.37 Safari/537.36"
[2026-09-04T15:02:26.290Z]  "GET /js/app-04-comments-shop.js" "Mozilla/5.0 (X11; Linux x86_64) AppleWebKit/537.36 (KHTML, like Gecko) HeadlessChrome/141.0.7390.37 Safari/537.36"
[2026-09-04T15:02:26.290Z]  "GET /js/app-05-config-profil.js" "Mozilla/5.0 (X11; Linux x86_64) AppleWebKit/537.36 (KHTML, like Gecko) HeadlessChrome/141.0.7390.37 Safari/537.36"
[2026-09-04T15:02:26.290Z]  "GET /js/app-06-reels-partage.js" "Mozilla/5.0 (X11; Linux x86_64) AppleWebKit/537.36 (KHTML, like Gecko) HeadlessChrome/141.0.7390.37 Safari/537.36"
[2026-09-04T15:02:26.306Z]  "GET /js/app-07-ia-explore-irl.js" "Mozilla/5.0 (X11; Linux x86_64) AppleWebKit/537.36 (KHTML, like Gecko) HeadlessChrome/141.0.7390.37 Safari/537.36"
[2026-09-04T15:02:26.307Z]  "GET /js/app-08-ui-modals-tour.js" "Mozilla/5.0 (X11; Linux x86_64) AppleWebKit/537.36 (KHTML, like Gecko) HeadlessChrome/141.0.7390.37 Safari/537.36"
[2026-09-04T15:02:26.320Z]  "GET /js/app-09-boot-pwa.js" "Mozilla/5.0 (X11; Linux x86_64) AppleWebKit/537.36 (KHTML, like Gecko) HeadlessChrome/141.0.7390.37 Safari/537.36"
[2026-09-04T15:02:26.333Z]  "GET /js/contextual-nav.js" "Mozilla/5.0 (X11; Linux x86_64) AppleWebKit/537.36 (KHTML, like Gecko) HeadlessChrome/141.0.7390.37 Safari/537.36"
[2026-09-04T15:02:26.333Z]  "GET /js/ui-v2-shell.js" "Mozilla/5.0 (X11; Linux x86_64) AppleWebKit/537.36 (KHTML, like Gecko) HeadlessChrome/141.0.7390.37 Safari/537.36"
[2026-09-04T15:02:26.343Z]  "GET /js/ui-v3-passerelle.js" "Mozilla/5.0 (X11; Linux x86_64) AppleWebKit/537.36 (KHTML, like Gecko) HeadlessChrome/141.0.7390.37 Safari/537.36"
[2026-09-04T15:02:26.343Z]  "GET /js/ui-v4b-fiche.js" "Mozilla/5.0 (X11; Linux x86_64) AppleWebKit/537.36 (KHTML, like Gecko) HeadlessChrome/141.0.7390.37 Safari/537.36"
[2026-09-04T15:02:26.343Z]  "GET /js/ui-v4a0-tete.js" "Mozilla/5.0 (X11; Linux x86_64) AppleWebKit/537.36 (KHTML, like Gecko) HeadlessChrome/141.0.7390.37 Safari/537.36"
[2026-09-04T15:02:26.345Z]  "GET /js/ui-v4a1-intentions.js" "Mozilla/5.0 (X11; Linux x86_64) AppleWebKit/537.36 (KHTML, like Gecko) HeadlessChrome/141.0.7390.37 Safari/537.36"
[2026-09-04T15:02:26.345Z]  "GET /js/ui-v4a2-cartes.js" "Mozilla/5.0 (X11; Linux x86_64) AppleWebKit/537.36 (KHTML, like Gecko) HeadlessChrome/141.0.7390.37 Safari/537.36"
[2026-09-04T15:02:26.345Z]  "GET /js/ui-v4a3-vue.js" "Mozilla/5.0 (X11; Linux x86_64) AppleWebKit/537.36 (KHTML, like Gecko) HeadlessChrome/141.0.7390.37 Safari/537.36"
[2026-09-04T15:02:26.364Z]  "GET /js/ui-v5-bobines.js" "Mozilla/5.0 (X11; Linux x86_64) AppleWebKit/537.36 (KHTML, like Gecko) HeadlessChrome/141.0.7390.37 Safari/537.36"
[2026-09-04T15:02:26.364Z]  "GET /js/ui-v4a4-outils.js" "Mozilla/5.0 (X11; Linux x86_64) AppleWebKit/537.36 (KHTML, like Gecko) HeadlessChrome/141.0.7390.37 Safari/537.36"
[2026-09-04T15:02:26.365Z]  "GET /js/ui-v4a5-filtres.js" "Mozilla/5.0 (X11; Linux x86_64) AppleWebKit/537.36 (KHTML, like Gecko) HeadlessChrome/141.0.7390.37 Safari/537.36"
[2026-09-04T15:02:26.365Z]  "GET /js/ui-v6-composer.js" "Mozilla/5.0 (X11; Linux x86_64) AppleWebKit/537.36 (KHTML, like Gecko) HeadlessChrome/141.0.7390.37 Safari/537.36"
[2026-09-04T15:02:26.365Z]  "GET /js/ui-v6a-messages.js" "Mozilla/5.0 (X11; Linux x86_64) AppleWebKit/537.36 (KHTML, like Gecko) HeadlessChrome/141.0.7390.37 Safari/537.36"
[2026-09-04T15:02:26.365Z]  "GET /js/ui-v6b-profil.js" "Mozilla/5.0 (X11; Linux x86_64) AppleWebKit/537.36 (KHTML, like Gecko) HeadlessChrome/141.0.7390.37 Safari/537.36"
[2026-09-04T15:02:26.377Z]  "GET /js/ui-v6c-proposer-irl.js" "Mozilla/5.0 (X11; Linux x86_64) AppleWebKit/537.36 (KHTML, like Gecko) HeadlessChrome/141.0.7390.37 Safari/537.36"
[2026-09-04T15:02:26.389Z]  "GET /js/ui-v7-lot.js" "Mozilla/5.0 (X11; Linux x86_64) AppleWebKit/537.36 (KHTML, like Gecko) HeadlessChrome/141.0.7390.37 Safari/537.36"
[2026-09-04T15:02:26.390Z]  "GET /js/passions-flat.js" "Mozilla/5.0 (X11; Linux x86_64) AppleWebKit/537.36 (KHTML, like Gecko) HeadlessChrome/141.0.7390.37 Safari/537.36"
[2026-09-04T15:02:26.390Z]  "GET /js/passion-selector.js" "Mozilla/5.0 (X11; Linux x86_64) AppleWebKit/537.36 (KHTML, like Gecko) HeadlessChrome/141.0.7390.37 Safari/537.36"
[2026-09-04T15:02:26.390Z]  "GET /js/passions-flat-ui.js" "Mozilla/5.0 (X11; Linux x86_64) AppleWebKit/537.36 (KHTML, like Gecko) HeadlessChrome/141.0.7390.37 Safari/537.36"
[2026-09-04T15:02:26.391Z]  "GET /js/pwa-landing.js" "Mozilla/5.0 (X11; Linux x86_64) AppleWebKit/537.36 (KHTML, like Gecko) HeadlessChrome/141.0.7390.37 Safari/537.36"
[2026-09-04T15:02:26.392Z]  "GET /js/emoji-misc.js" "Mozilla/5.0 (X11; Linux x86_64) AppleWebKit/537.36 (KHTML, like Gecko) HeadlessChrome/141.0.7390.37 Safari/537.36"
[2026-09-04T15:02:38.990Z]  "GET /sw.js" "Mozilla/5.0 (X11; Linux x86_64) AppleWebKit/537.36 (KHTML, like Gecko) HeadlessChrome/141.0.7390.37 Safari/537.36"
[2026-09-04T15:02:39.030Z]  "GET /index.html" "Mozilla/5.0 (X11; Linux x86_64) AppleWebKit/537.36 (KHTML, like Gecko) HeadlessChrome/141.0.7390.37 Safari/537.36"
[2026-09-04T15:02:39.032Z]  "GET /styles.css" "Mozilla/5.0 (X11; Linux x86_64) AppleWebKit/537.36 (KHTML, like Gecko) HeadlessChrome/141.0.7390.37 Safari/537.36"
[2026-09-04T15:02:39.033Z]  "GET /manifest.json" "Mozilla/5.0 (X11; Linux x86_64) AppleWebKit/537.36 (KHTML, like Gecko) HeadlessChrome/141.0.7390.37 Safari/537.36"
[2026-09-04T15:02:39.085Z]  "GET /icon-192.png" "Mozilla/5.0 (X11; Linux x86_64) AppleWebKit/537.36 (KHTML, like Gecko) HeadlessChrome/141.0.7390.37 Safari/537.36"
[2026-09-04T15:02:39.102Z]  "GET /icon-512.png" "Mozilla/5.0 (X11; Linux x86_64) AppleWebKit/537.36 (KHTML, like Gecko) HeadlessChrome/141.0.7390.37 Safari/537.36"
[2026-09-04T15:02:39.123Z]  "GET /sw.js" "Mozilla/5.0 (X11; Linux x86_64) AppleWebKit/537.36 (KHTML, like Gecko) HeadlessChrome/141.0.7390.37 Safari/537.36"
[2026-09-04T15:02:45.994Z]  "GET /data/passions-v1.json" "Mozilla/5.0 (X11; Linux x86_64) AppleWebKit/537.36 (KHTML, like Gecko) HeadlessChrome/141.0.7390.37 Safari/537.36"
[2026-09-04T15:02:51.802Z]  "GET /index.html" "Mozilla/5.0 (X11; Linux x86_64) AppleWebKit/537.36 (KHTML, like Gecko) HeadlessChrome/141.0.7390.37 Safari/537.36"
[2026-09-04T15:02:51.818Z]  "GET /js/access-gate.js" "Mozilla/5.0 (X11; Linux x86_64) AppleWebKit/537.36 (KHTML, like Gecko) HeadlessChrome/141.0.7390.37 Safari/537.36"
[2026-09-04T15:02:51.826Z]  "GET /js/platform.js" "Mozilla/5.0 (X11; Linux x86_64) AppleWebKit/537.36 (KHTML, like Gecko) HeadlessChrome/141.0.7390.37 Safari/537.36"
[2026-09-04T15:02:51.827Z]  "GET /js/telemetry.js" "Mozilla/5.0 (X11; Linux x86_64) AppleWebKit/537.36 (KHTML, like Gecko) HeadlessChrome/141.0.7390.37 Safari/537.36"
[2026-09-04T15:02:51.828Z]  "GET /js/perf-ios.js" "Mozilla/5.0 (X11; Linux x86_64) AppleWebKit/537.36 (KHTML, like Gecko) HeadlessChrome/141.0.7390.37 Safari/537.36"
[2026-09-04T15:02:51.828Z]  "GET /js/pwa-detect.js" "Mozilla/5.0 (X11; Linux x86_64) AppleWebKit/537.36 (KHTML, like Gecko) HeadlessChrome/141.0.7390.37 Safari/537.36"
[2026-09-04T15:02:51.828Z]  "GET /styles.css" "Mozilla/5.0 (X11; Linux x86_64) AppleWebKit/537.36 (KHTML, like Gecko) HeadlessChrome/141.0.7390.37 Safari/537.36"
[2026-09-04T15:02:51.828Z]  "GET /js/supabase-loader.js" "Mozilla/5.0 (X11; Linux x86_64) AppleWebKit/537.36 (KHTML, like Gecko) HeadlessChrome/141.0.7390.37 Safari/537.36"
[2026-09-04T15:02:51.841Z]  "GET /js/map-loader.js" "Mozilla/5.0 (X11; Linux x86_64) AppleWebKit/537.36 (KHTML, like Gecko) HeadlessChrome/141.0.7390.37 Safari/537.36"
[2026-09-04T15:02:51.841Z]  "GET /js/idb-store.js" "Mozilla/5.0 (X11; Linux x86_64) AppleWebKit/537.36 (KHTML, like Gecko) HeadlessChrome/141.0.7390.37 Safari/537.36"
[2026-09-04T15:02:51.842Z]  "GET /js/first-run.js" "Mozilla/5.0 (X11; Linux x86_64) AppleWebKit/537.36 (KHTML, like Gecko) HeadlessChrome/141.0.7390.37 Safari/537.36"
[2026-09-04T15:02:51.842Z]  "GET /js/app-01-diag-seed.js" "Mozilla/5.0 (X11; Linux x86_64) AppleWebKit/537.36 (KHTML, like Gecko) HeadlessChrome/141.0.7390.37 Safari/537.36"
[2026-09-04T15:02:51.842Z]  "GET /js/app-02-state-utils.js" "Mozilla/5.0 (X11; Linux x86_64) AppleWebKit/537.36 (KHTML, like Gecko) HeadlessChrome/141.0.7390.37 Safari/537.36"
[2026-09-04T15:02:51.843Z]  "GET /js/app-03-posts-vlogs.js" "Mozilla/5.0 (X11; Linux x86_64) AppleWebKit/537.36 (KHTML, like Gecko) HeadlessChrome/141.0.7390.37 Safari/537.36"
[2026-09-04T15:02:51.855Z]  "GET /js/app-04-comments-shop.js" "Mozilla/5.0 (X11; Linux x86_64) AppleWebKit/537.36 (KHTML, like Gecko) HeadlessChrome/141.0.7390.37 Safari/537.36"
[2026-09-04T15:02:51.858Z]  "GET /js/app-05-config-profil.js" "Mozilla/5.0 (X11; Linux x86_64) AppleWebKit/537.36 (KHTML, like Gecko) HeadlessChrome/141.0.7390.37 Safari/537.36"
[2026-09-04T15:02:51.859Z]  "GET /js/app-06-reels-partage.js" "Mozilla/5.0 (X11; Linux x86_64) AppleWebKit/537.36 (KHTML, like Gecko) HeadlessChrome/141.0.7390.37 Safari/537.36"
[2026-09-04T15:02:51.859Z]  "GET /js/app-07-ia-explore-irl.js" "Mozilla/5.0 (X11; Linux x86_64) AppleWebKit/537.36 (KHTML, like Gecko) HeadlessChrome/141.0.7390.37 Safari/537.36"
[2026-09-04T15:02:51.865Z]  "GET /js/app-08-ui-modals-tour.js" "Mozilla/5.0 (X11; Linux x86_64) AppleWebKit/537.36 (KHTML, like Gecko) HeadlessChrome/141.0.7390.37 Safari/537.36"
[2026-09-04T15:02:51.868Z]  "GET /js/app-09-boot-pwa.js" "Mozilla/5.0 (X11; Linux x86_64) AppleWebKit/537.36 (KHTML, like Gecko) HeadlessChrome/141.0.7390.37 Safari/537.36"
[2026-09-04T15:02:51.871Z]  "GET /js/contextual-nav.js" "Mozilla/5.0 (X11; Linux x86_64) AppleWebKit/537.36 (KHTML, like Gecko) HeadlessChrome/141.0.7390.37 Safari/537.36"
[2026-09-04T15:02:51.874Z]  "GET /js/ui-v2-shell.js" "Mozilla/5.0 (X11; Linux x86_64) AppleWebKit/537.36 (KHTML, like Gecko) HeadlessChrome/141.0.7390.37 Safari/537.36"
[2026-09-04T15:02:51.875Z]  "GET /js/ui-v3-passerelle.js" "Mozilla/5.0 (X11; Linux x86_64) AppleWebKit/537.36 (KHTML, like Gecko) HeadlessChrome/141.0.7390.37 Safari/537.36"
[2026-09-04T15:02:51.879Z]  "GET /js/ui-v4b-fiche.js" "Mozilla/5.0 (X11; Linux x86_64) AppleWebKit/537.36 (KHTML, like Gecko) HeadlessChrome/141.0.7390.37 Safari/537.36"
[2026-09-04T15:02:51.882Z]  "GET /js/ui-v4a0-tete.js" "Mozilla/5.0 (X11; Linux x86_64) AppleWebKit/537.36 (KHTML, like Gecko) HeadlessChrome/141.0.7390.37 Safari/537.36"
[2026-09-04T15:02:51.886Z]  "GET /js/ui-v4a1-intentions.js" "Mozilla/5.0 (X11; Linux x86_64) AppleWebKit/537.36 (KHTML, like Gecko) HeadlessChrome/141.0.7390.37 Safari/537.36"
[2026-09-04T15:02:51.890Z]  "GET /js/ui-v4a2-cartes.js" "Mozilla/5.0 (X11; Linux x86_64) AppleWebKit/537.36 (KHTML, like Gecko) HeadlessChrome/141.0.7390.37 Safari/537.36"
[2026-09-04T15:02:51.892Z]  "GET /js/ui-v4a3-vue.js" "Mozilla/5.0 (X11; Linux x86_64) AppleWebKit/537.36 (KHTML, like Gecko) HeadlessChrome/141.0.7390.37 Safari/537.36"
[2026-09-04T15:02:51.894Z]  "GET /js/ui-v5-bobines.js" "Mozilla/5.0 (X11; Linux x86_64) AppleWebKit/537.36 (KHTML, like Gecko) HeadlessChrome/141.0.7390.37 Safari/537.36"
[2026-09-04T15:02:51.896Z]  "GET /js/ui-v4a4-outils.js" "Mozilla/5.0 (X11; Linux x86_64) AppleWebKit/537.36 (KHTML, like Gecko) HeadlessChrome/141.0.7390.37 Safari/537.36"
[2026-09-04T15:02:51.899Z]  "GET /js/ui-v4a5-filtres.js" "Mozilla/5.0 (X11; Linux x86_64) AppleWebKit/537.36 (KHTML, like Gecko) HeadlessChrome/141.0.7390.37 Safari/537.36"
[2026-09-04T15:02:51.901Z]  "GET /js/ui-v6-composer.js" "Mozilla/5.0 (X11; Linux x86_64) AppleWebKit/537.36 (KHTML, like Gecko) HeadlessChrome/141.0.7390.37 Safari/537.36"
[2026-09-04T15:02:51.905Z]  "GET /js/ui-v6a-messages.js" "Mozilla/5.0 (X11; Linux x86_64) AppleWebKit/537.36 (KHTML, like Gecko) HeadlessChrome/141.0.7390.37 Safari/537.36"
[2026-09-04T15:02:51.907Z]  "GET /js/ui-v6b-profil.js" "Mozilla/5.0 (X11; Linux x86_64) AppleWebKit/537.36 (KHTML, like Gecko) HeadlessChrome/141.0.7390.37 Safari/537.36"
[2026-09-04T15:02:51.909Z]  "GET /js/ui-v6c-proposer-irl.js" "Mozilla/5.0 (X11; Linux x86_64) AppleWebKit/537.36 (KHTML, like Gecko) HeadlessChrome/141.0.7390.37 Safari/537.36"
[2026-09-04T15:02:51.912Z]  "GET /js/ui-v7-lot.js" "Mozilla/5.0 (X11; Linux x86_64) AppleWebKit/537.36 (KHTML, like Gecko) HeadlessChrome/141.0.7390.37 Safari/537.36"
[2026-09-04T15:02:51.914Z]  "GET /js/passions-flat.js" "Mozilla/5.0 (X11; Linux x86_64) AppleWebKit/537.36 (KHTML, like Gecko) HeadlessChrome/141.0.7390.37 Safari/537.36"
[2026-09-04T15:02:51.918Z]  "GET /js/passion-selector.js" "Mozilla/5.0 (X11; Linux x86_64) AppleWebKit/537.36 (KHTML, like Gecko) HeadlessChrome/141.0.7390.37 Safari/537.36"
[2026-09-04T15:02:51.920Z]  "GET /js/passions-flat-ui.js" "Mozilla/5.0 (X11; Linux x86_64) AppleWebKit/537.36 (KHTML, like Gecko) HeadlessChrome/141.0.7390.37 Safari/537.36"
[2026-09-04T15:02:51.923Z]  "GET /js/pwa-landing.js" "Mozilla/5.0 (X11; Linux x86_64) AppleWebKit/537.36 (KHTML, like Gecko) HeadlessChrome/141.0.7390.37 Safari/537.36"
[2026-09-04T15:02:51.924Z]  "GET /js/emoji-misc.js" "Mozilla/5.0 (X11; Linux x86_64) AppleWebKit/537.36 (KHTML, like Gecko) HeadlessChrome/141.0.7390.37 Safari/537.36"
[2026-09-04T15:03:04.767Z]  "GET /sw.js" "Mozilla/5.0 (X11; Linux x86_64) AppleWebKit/537.36 (KHTML, like Gecko) HeadlessChrome/141.0.7390.37 Safari/537.36"
[2026-09-04T15:03:04.791Z]  "GET /index.html" "Mozilla/5.0 (X11; Linux x86_64) AppleWebKit/537.36 (KHTML, like Gecko) HeadlessChrome/141.0.7390.37 Safari/537.36"
[2026-09-04T15:03:04.791Z]  "GET /styles.css" "Mozilla/5.0 (X11; Linux x86_64) AppleWebKit/537.36 (KHTML, like Gecko) HeadlessChrome/141.0.7390.37 Safari/537.36"
[2026-09-04T15:03:04.791Z]  "GET /manifest.json" "Mozilla/5.0 (X11; Linux x86_64) AppleWebKit/537.36 (KHTML, like Gecko) HeadlessChrome/141.0.7390.37 Safari/537.36"
[2026-09-04T15:03:04.802Z]  "GET /icon-192.png" "Mozilla/5.0 (X11; Linux x86_64) AppleWebKit/537.36 (KHTML, like Gecko) HeadlessChrome/141.0.7390.37 Safari/537.36"
[2026-09-04T15:03:04.806Z]  "GET /icon-512.png" "Mozilla/5.0 (X11; Linux x86_64) AppleWebKit/537.36 (KHTML, like Gecko) HeadlessChrome/141.0.7390.37 Safari/537.36"
[2026-09-04T15:03:04.814Z]  "GET /sw.js" "Mozilla/5.0 (X11; Linux x86_64) AppleWebKit/537.36 (KHTML, like Gecko) HeadlessChrome/141.0.7390.37 Safari/537.36"
[2026-09-04T15:03:11.944Z]  "GET /data/passions-v1.json" "Mozilla/5.0 (X11; Linux x86_64) AppleWebKit/537.36 (KHTML, like Gecko) HeadlessChrome/141.0.7390.37 Safari/537.36"
[2026-09-04T15:03:18.111Z]  "GET /index.html" "Mozilla/5.0 (X11; Linux x86_64) AppleWebKit/537.36 (KHTML, like Gecko) HeadlessChrome/141.0.7390.37 Safari/537.36"
[2026-09-04T15:03:18.147Z]  "GET /js/access-gate.js" "Mozilla/5.0 (X11; Linux x86_64) AppleWebKit/537.36 (KHTML, like Gecko) HeadlessChrome/141.0.7390.37 Safari/537.36"
[2026-09-04T15:03:18.173Z]  "GET /js/platform.js" "Mozilla/5.0 (X11; Linux x86_64) AppleWebKit/537.36 (KHTML, like Gecko) HeadlessChrome/141.0.7390.37 Safari/537.36"
[2026-09-04T15:03:18.173Z]  "GET /js/telemetry.js" "Mozilla/5.0 (X11; Linux x86_64) AppleWebKit/537.36 (KHTML, like Gecko) HeadlessChrome/141.0.7390.37 Safari/537.36"
[2026-09-04T15:03:18.173Z]  "GET /styles.css" "Mozilla/5.0 (X11; Linux x86_64) AppleWebKit/537.36 (KHTML, like Gecko) HeadlessChrome/141.0.7390.37 Safari/537.36"
[2026-09-04T15:03:18.174Z]  "GET /js/perf-ios.js" "Mozilla/5.0 (X11; Linux x86_64) AppleWebKit/537.36 (KHTML, like Gecko) HeadlessChrome/141.0.7390.37 Safari/537.36"
[2026-09-04T15:03:18.174Z]  "GET /js/pwa-detect.js" "Mozilla/5.0 (X11; Linux x86_64) AppleWebKit/537.36 (KHTML, like Gecko) HeadlessChrome/141.0.7390.37 Safari/537.36"
[2026-09-04T15:03:18.203Z]  "GET /js/supabase-loader.js" "Mozilla/5.0 (X11; Linux x86_64) AppleWebKit/537.36 (KHTML, like Gecko) HeadlessChrome/141.0.7390.37 Safari/537.36"
[2026-09-04T15:03:18.212Z]  "GET /js/map-loader.js" "Mozilla/5.0 (X11; Linux x86_64) AppleWebKit/537.36 (KHTML, like Gecko) HeadlessChrome/141.0.7390.37 Safari/537.36"
[2026-09-04T15:03:18.212Z]  "GET /js/idb-store.js" "Mozilla/5.0 (X11; Linux x86_64) AppleWebKit/537.36 (KHTML, like Gecko) HeadlessChrome/141.0.7390.37 Safari/537.36"
[2026-09-04T15:03:18.213Z]  "GET /js/first-run.js" "Mozilla/5.0 (X11; Linux x86_64) AppleWebKit/537.36 (KHTML, like Gecko) HeadlessChrome/141.0.7390.37 Safari/537.36"
[2026-09-04T15:03:18.214Z]  "GET /js/app-01-diag-seed.js" "Mozilla/5.0 (X11; Linux x86_64) AppleWebKit/537.36 (KHTML, like Gecko) HeadlessChrome/141.0.7390.37 Safari/537.36"
[2026-09-04T15:03:18.215Z]  "GET /js/app-02-state-utils.js" "Mozilla/5.0 (X11; Linux x86_64) AppleWebKit/537.36 (KHTML, like Gecko) HeadlessChrome/141.0.7390.37 Safari/537.36"
[2026-09-04T15:03:18.217Z]  "GET /js/app-03-posts-vlogs.js" "Mozilla/5.0 (X11; Linux x86_64) AppleWebKit/537.36 (KHTML, like Gecko) HeadlessChrome/141.0.7390.37 Safari/537.36"
[2026-09-04T15:03:18.229Z]  "GET /js/app-04-comments-shop.js" "Mozilla/5.0 (X11; Linux x86_64) AppleWebKit/537.36 (KHTML, like Gecko) HeadlessChrome/141.0.7390.37 Safari/537.36"
[2026-09-04T15:03:18.233Z]  "GET /js/app-05-config-profil.js" "Mozilla/5.0 (X11; Linux x86_64) AppleWebKit/537.36 (KHTML, like Gecko) HeadlessChrome/141.0.7390.37 Safari/537.36"
[2026-09-04T15:03:18.236Z]  "GET /js/app-06-reels-partage.js" "Mozilla/5.0 (X11; Linux x86_64) AppleWebKit/537.36 (KHTML, like Gecko) HeadlessChrome/141.0.7390.37 Safari/537.36"
[2026-09-04T15:03:18.237Z]  "GET /js/app-07-ia-explore-irl.js" "Mozilla/5.0 (X11; Linux x86_64) AppleWebKit/537.36 (KHTML, like Gecko) HeadlessChrome/141.0.7390.37 Safari/537.36"
[2026-09-04T15:03:18.244Z]  "GET /js/app-08-ui-modals-tour.js" "Mozilla/5.0 (X11; Linux x86_64) AppleWebKit/537.36 (KHTML, like Gecko) HeadlessChrome/141.0.7390.37 Safari/537.36"
[2026-09-04T15:03:18.244Z]  "GET /js/app-09-boot-pwa.js" "Mozilla/5.0 (X11; Linux x86_64) AppleWebKit/537.36 (KHTML, like Gecko) HeadlessChrome/141.0.7390.37 Safari/537.36"
[2026-09-04T15:03:18.252Z]  "GET /js/contextual-nav.js" "Mozilla/5.0 (X11; Linux x86_64) AppleWebKit/537.36 (KHTML, like Gecko) HeadlessChrome/141.0.7390.37 Safari/537.36"
[2026-09-04T15:03:18.252Z]  "GET /js/ui-v2-shell.js" "Mozilla/5.0 (X11; Linux x86_64) AppleWebKit/537.36 (KHTML, like Gecko) HeadlessChrome/141.0.7390.37 Safari/537.36"
[2026-09-04T15:03:18.252Z]  "GET /js/ui-v3-passerelle.js" "Mozilla/5.0 (X11; Linux x86_64) AppleWebKit/537.36 (KHTML, like Gecko) HeadlessChrome/141.0.7390.37 Safari/537.36"
[2026-09-04T15:03:18.265Z]  "GET /js/ui-v4b-fiche.js" "Mozilla/5.0 (X11; Linux x86_64) AppleWebKit/537.36 (KHTML, like Gecko) HeadlessChrome/141.0.7390.37 Safari/537.36"
[2026-09-04T15:03:18.265Z]  "GET /js/ui-v4a0-tete.js" "Mozilla/5.0 (X11; Linux x86_64) AppleWebKit/537.36 (KHTML, like Gecko) HeadlessChrome/141.0.7390.37 Safari/537.36"
[2026-09-04T15:03:18.266Z]  "GET /js/ui-v4a1-intentions.js" "Mozilla/5.0 (X11; Linux x86_64) AppleWebKit/537.36 (KHTML, like Gecko) HeadlessChrome/141.0.7390.37 Safari/537.36"
[2026-09-04T15:03:18.266Z]  "GET /js/ui-v4a2-cartes.js" "Mozilla/5.0 (X11; Linux x86_64) AppleWebKit/537.36 (KHTML, like Gecko) HeadlessChrome/141.0.7390.37 Safari/537.36"
[2026-09-04T15:03:18.269Z]  "GET /js/ui-v4a3-vue.js" "Mozilla/5.0 (X11; Linux x86_64) AppleWebKit/537.36 (KHTML, like Gecko) HeadlessChrome/141.0.7390.37 Safari/537.36"
[2026-09-04T15:03:18.270Z]  "GET /js/ui-v5-bobines.js" "Mozilla/5.0 (X11; Linux x86_64) AppleWebKit/537.36 (KHTML, like Gecko) HeadlessChrome/141.0.7390.37 Safari/537.36"
[2026-09-04T15:03:18.312Z]  "GET /js/ui-v4a4-outils.js" "Mozilla/5.0 (X11; Linux x86_64) AppleWebKit/537.36 (KHTML, like Gecko) HeadlessChrome/141.0.7390.37 Safari/537.36"
[2026-09-04T15:03:18.314Z]  "GET /js/ui-v4a5-filtres.js" "Mozilla/5.0 (X11; Linux x86_64) AppleWebKit/537.36 (KHTML, like Gecko) HeadlessChrome/141.0.7390.37 Safari/537.36"
[2026-09-04T15:03:18.317Z]  "GET /js/ui-v6-composer.js" "Mozilla/5.0 (X11; Linux x86_64) AppleWebKit/537.36 (KHTML, like Gecko) HeadlessChrome/141.0.7390.37 Safari/537.36"
[2026-09-04T15:03:18.317Z]  "GET /js/ui-v6a-messages.js" "Mozilla/5.0 (X11; Linux x86_64) AppleWebKit/537.36 (KHTML, like Gecko) HeadlessChrome/141.0.7390.37 Safari/537.36"
[2026-09-04T15:03:18.318Z]  "GET /js/ui-v6b-profil.js" "Mozilla/5.0 (X11; Linux x86_64) AppleWebKit/537.36 (KHTML, like Gecko) HeadlessChrome/141.0.7390.37 Safari/537.36"
[2026-09-04T15:03:18.318Z]  "GET /js/ui-v6c-proposer-irl.js" "Mozilla/5.0 (X11; Linux x86_64) AppleWebKit/537.36 (KHTML, like Gecko) HeadlessChrome/141.0.7390.37 Safari/537.36"
[2026-09-04T15:03:18.328Z]  "GET /js/ui-v7-lot.js" "Mozilla/5.0 (X11; Linux x86_64) AppleWebKit/537.36 (KHTML, like Gecko) HeadlessChrome/141.0.7390.37 Safari/537.36"
[2026-09-04T15:03:18.332Z]  "GET /js/passions-flat.js" "Mozilla/5.0 (X11; Linux x86_64) AppleWebKit/537.36 (KHTML, like Gecko) HeadlessChrome/141.0.7390.37 Safari/537.36"
[2026-09-04T15:03:18.341Z]  "GET /js/passion-selector.js" "Mozilla/5.0 (X11; Linux x86_64) AppleWebKit/537.36 (KHTML, like Gecko) HeadlessChrome/141.0.7390.37 Safari/537.36"
[2026-09-04T15:03:18.342Z]  "GET /js/passions-flat-ui.js" "Mozilla/5.0 (X11; Linux x86_64) AppleWebKit/537.36 (KHTML, like Gecko) HeadlessChrome/141.0.7390.37 Safari/537.36"
[2026-09-04T15:03:18.342Z]  "GET /js/pwa-landing.js" "Mozilla/5.0 (X11; Linux x86_64) AppleWebKit/537.36 (KHTML, like Gecko) HeadlessChrome/141.0.7390.37 Safari/537.36"
[2026-09-04T15:03:18.342Z]  "GET /js/emoji-misc.js" "Mozilla/5.0 (X11; Linux x86_64) AppleWebKit/537.36 (KHTML, like Gecko) HeadlessChrome/141.0.7390.37 Safari/537.36"
[2026-09-04T15:03:30.957Z]  "GET /sw.js" "Mozilla/5.0 (X11; Linux x86_64) AppleWebKit/537.36 (KHTML, like Gecko) HeadlessChrome/141.0.7390.37 Safari/537.36"
[2026-09-04T15:03:30.983Z]  "GET /index.html" "Mozilla/5.0 (X11; Linux x86_64) AppleWebKit/537.36 (KHTML, like Gecko) HeadlessChrome/141.0.7390.37 Safari/537.36"
[2026-09-04T15:03:30.983Z]  "GET /styles.css" "Mozilla/5.0 (X11; Linux x86_64) AppleWebKit/537.36 (KHTML, like Gecko) HeadlessChrome/141.0.7390.37 Safari/537.36"
[2026-09-04T15:03:30.986Z]  "GET /manifest.json" "Mozilla/5.0 (X11; Linux x86_64) AppleWebKit/537.36 (KHTML, like Gecko) HeadlessChrome/141.0.7390.37 Safari/537.36"
[2026-09-04T15:03:31.011Z]  "GET /icon-192.png" "Mozilla/5.0 (X11; Linux x86_64) AppleWebKit/537.36 (KHTML, like Gecko) HeadlessChrome/141.0.7390.37 Safari/537.36"
[2026-09-04T15:03:31.013Z]  "GET /icon-512.png" "Mozilla/5.0 (X11; Linux x86_64) AppleWebKit/537.36 (KHTML, like Gecko) HeadlessChrome/141.0.7390.37 Safari/537.36"
[2026-09-04T15:03:31.035Z]  "GET /sw.js" "Mozilla/5.0 (X11; Linux x86_64) AppleWebKit/537.36 (KHTML, like Gecko) HeadlessChrome/141.0.7390.37 Safari/537.36"
[2026-09-04T15:03:38.239Z]  "GET /data/passions-v1.json" "Mozilla/5.0 (X11; Linux x86_64) AppleWebKit/537.36 (KHTML, like Gecko) HeadlessChrome/141.0.7390.37 Safari/537.36"
[2026-09-04T15:03:45.104Z]  "GET /index.html" "Mozilla/5.0 (X11; Linux x86_64) AppleWebKit/537.36 (KHTML, like Gecko) HeadlessChrome/141.0.7390.37 Safari/537.36"
[2026-09-04T15:03:45.118Z]  "GET /js/access-gate.js" "Mozilla/5.0 (X11; Linux x86_64) AppleWebKit/537.36 (KHTML, like Gecko) HeadlessChrome/141.0.7390.37 Safari/537.36"
[2026-09-04T15:03:45.119Z]  "GET /js/platform.js" "Mozilla/5.0 (X11; Linux x86_64) AppleWebKit/537.36 (KHTML, like Gecko) HeadlessChrome/141.0.7390.37 Safari/537.36"
[2026-09-04T15:03:45.120Z]  "GET /js/telemetry.js" "Mozilla/5.0 (X11; Linux x86_64) AppleWebKit/537.36 (KHTML, like Gecko) HeadlessChrome/141.0.7390.37 Safari/537.36"
[2026-09-04T15:03:45.120Z]  "GET /js/perf-ios.js" "Mozilla/5.0 (X11; Linux x86_64) AppleWebKit/537.36 (KHTML, like Gecko) HeadlessChrome/141.0.7390.37 Safari/537.36"
[2026-09-04T15:03:45.121Z]  "GET /js/pwa-detect.js" "Mozilla/5.0 (X11; Linux x86_64) AppleWebKit/537.36 (KHTML, like Gecko) HeadlessChrome/141.0.7390.37 Safari/537.36"
[2026-09-04T15:03:45.133Z]  "GET /styles.css" "Mozilla/5.0 (X11; Linux x86_64) AppleWebKit/537.36 (KHTML, like Gecko) HeadlessChrome/141.0.7390.37 Safari/537.36"
[2026-09-04T15:03:45.137Z]  "GET /js/supabase-loader.js" "Mozilla/5.0 (X11; Linux x86_64) AppleWebKit/537.36 (KHTML, like Gecko) HeadlessChrome/141.0.7390.37 Safari/537.36"
[2026-09-04T15:03:45.137Z]  "GET /js/map-loader.js" "Mozilla/5.0 (X11; Linux x86_64) AppleWebKit/537.36 (KHTML, like Gecko) HeadlessChrome/141.0.7390.37 Safari/537.36"
[2026-09-04T15:03:45.138Z]  "GET /js/idb-store.js" "Mozilla/5.0 (X11; Linux x86_64) AppleWebKit/537.36 (KHTML, like Gecko) HeadlessChrome/141.0.7390.37 Safari/537.36"
[2026-09-04T15:03:45.138Z]  "GET /js/first-run.js" "Mozilla/5.0 (X11; Linux x86_64) AppleWebKit/537.36 (KHTML, like Gecko) HeadlessChrome/141.0.7390.37 Safari/537.36"
[2026-09-04T15:03:45.138Z]  "GET /js/app-01-diag-seed.js" "Mozilla/5.0 (X11; Linux x86_64) AppleWebKit/537.36 (KHTML, like Gecko) HeadlessChrome/141.0.7390.37 Safari/537.36"
[2026-09-04T15:03:45.141Z]  "GET /js/app-02-state-utils.js" "Mozilla/5.0 (X11; Linux x86_64) AppleWebKit/537.36 (KHTML, like Gecko) HeadlessChrome/141.0.7390.37 Safari/537.36"
[2026-09-04T15:03:45.146Z]  "GET /js/app-03-posts-vlogs.js" "Mozilla/5.0 (X11; Linux x86_64) AppleWebKit/537.36 (KHTML, like Gecko) HeadlessChrome/141.0.7390.37 Safari/537.36"
[2026-09-04T15:03:45.150Z]  "GET /js/app-04-comments-shop.js" "Mozilla/5.0 (X11; Linux x86_64) AppleWebKit/537.36 (KHTML, like Gecko) HeadlessChrome/141.0.7390.37 Safari/537.36"
[2026-09-04T15:03:45.150Z]  "GET /js/app-05-config-profil.js" "Mozilla/5.0 (X11; Linux x86_64) AppleWebKit/537.36 (KHTML, like Gecko) HeadlessChrome/141.0.7390.37 Safari/537.36"
[2026-09-04T15:03:45.151Z]  "GET /js/app-06-reels-partage.js" "Mozilla/5.0 (X11; Linux x86_64) AppleWebKit/537.36 (KHTML, like Gecko) HeadlessChrome/141.0.7390.37 Safari/537.36"
[2026-09-04T15:03:45.152Z]  "GET /js/app-07-ia-explore-irl.js" "Mozilla/5.0 (X11; Linux x86_64) AppleWebKit/537.36 (KHTML, like Gecko) HeadlessChrome/141.0.7390.37 Safari/537.36"
[2026-09-04T15:03:45.153Z]  "GET /js/app-08-ui-modals-tour.js" "Mozilla/5.0 (X11; Linux x86_64) AppleWebKit/537.36 (KHTML, like Gecko) HeadlessChrome/141.0.7390.37 Safari/537.36"
[2026-09-04T15:03:45.154Z]  "GET /js/app-09-boot-pwa.js" "Mozilla/5.0 (X11; Linux x86_64) AppleWebKit/537.36 (KHTML, like Gecko) HeadlessChrome/141.0.7390.37 Safari/537.36"
[2026-09-04T15:03:45.169Z]  "GET /js/contextual-nav.js" "Mozilla/5.0 (X11; Linux x86_64) AppleWebKit/537.36 (KHTML, like Gecko) HeadlessChrome/141.0.7390.37 Safari/537.36"
[2026-09-04T15:03:45.170Z]  "GET /js/ui-v2-shell.js" "Mozilla/5.0 (X11; Linux x86_64) AppleWebKit/537.36 (KHTML, like Gecko) HeadlessChrome/141.0.7390.37 Safari/537.36"
[2026-09-04T15:03:45.170Z]  "GET /js/ui-v3-passerelle.js" "Mozilla/5.0 (X11; Linux x86_64) AppleWebKit/537.36 (KHTML, like Gecko) HeadlessChrome/141.0.7390.37 Safari/537.36"
[2026-09-04T15:03:45.171Z]  "GET /js/ui-v4b-fiche.js" "Mozilla/5.0 (X11; Linux x86_64) AppleWebKit/537.36 (KHTML, like Gecko) HeadlessChrome/141.0.7390.37 Safari/537.36"
[2026-09-04T15:03:45.171Z]  "GET /js/ui-v4a0-tete.js" "Mozilla/5.0 (X11; Linux x86_64) AppleWebKit/537.36 (KHTML, like Gecko) HeadlessChrome/141.0.7390.37 Safari/537.36"
[2026-09-04T15:03:45.171Z]  "GET /js/ui-v4a1-intentions.js" "Mozilla/5.0 (X11; Linux x86_64) AppleWebKit/537.36 (KHTML, like Gecko) HeadlessChrome/141.0.7390.37 Safari/537.36"
[2026-09-04T15:03:45.181Z]  "GET /js/ui-v4a2-cartes.js" "Mozilla/5.0 (X11; Linux x86_64) AppleWebKit/537.36 (KHTML, like Gecko) HeadlessChrome/141.0.7390.37 Safari/537.36"
[2026-09-04T15:03:45.181Z]  "GET /js/ui-v4a3-vue.js" "Mozilla/5.0 (X11; Linux x86_64) AppleWebKit/537.36 (KHTML, like Gecko) HeadlessChrome/141.0.7390.37 Safari/537.36"
[2026-09-04T15:03:45.181Z]  "GET /js/ui-v5-bobines.js" "Mozilla/5.0 (X11; Linux x86_64) AppleWebKit/537.36 (KHTML, like Gecko) HeadlessChrome/141.0.7390.37 Safari/537.36"
[2026-09-04T15:03:45.183Z]  "GET /js/ui-v4a4-outils.js" "Mozilla/5.0 (X11; Linux x86_64) AppleWebKit/537.36 (KHTML, like Gecko) HeadlessChrome/141.0.7390.37 Safari/537.36"
[2026-09-04T15:03:45.183Z]  "GET /js/ui-v4a5-filtres.js" "Mozilla/5.0 (X11; Linux x86_64) AppleWebKit/537.36 (KHTML, like Gecko) HeadlessChrome/141.0.7390.37 Safari/537.36"
[2026-09-04T15:03:45.184Z]  "GET /js/ui-v6-composer.js" "Mozilla/5.0 (X11; Linux x86_64) AppleWebKit/537.36 (KHTML, like Gecko) HeadlessChrome/141.0.7390.37 Safari/537.36"
[2026-09-04T15:03:45.191Z]  "GET /js/ui-v6a-messages.js" "Mozilla/5.0 (X11; Linux x86_64) AppleWebKit/537.36 (KHTML, like Gecko) HeadlessChrome/141.0.7390.37 Safari/537.36"
[2026-09-04T15:03:45.193Z]  "GET /js/ui-v6b-profil.js" "Mozilla/5.0 (X11; Linux x86_64) AppleWebKit/537.36 (KHTML, like Gecko) HeadlessChrome/141.0.7390.37 Safari/537.36"
[2026-09-04T15:03:45.194Z]  "GET /js/ui-v6c-proposer-irl.js" "Mozilla/5.0 (X11; Linux x86_64) AppleWebKit/537.36 (KHTML, like Gecko) HeadlessChrome/141.0.7390.37 Safari/537.36"
[2026-09-04T15:03:45.194Z]  "GET /js/ui-v7-lot.js" "Mozilla/5.0 (X11; Linux x86_64) AppleWebKit/537.36 (KHTML, like Gecko) HeadlessChrome/141.0.7390.37 Safari/537.36"
[2026-09-04T15:03:45.194Z]  "GET /js/passions-flat.js" "Mozilla/5.0 (X11; Linux x86_64) AppleWebKit/537.36 (KHTML, like Gecko) HeadlessChrome/141.0.7390.37 Safari/537.36"
[2026-09-04T15:03:45.194Z]  "GET /js/passion-selector.js" "Mozilla/5.0 (X11; Linux x86_64) AppleWebKit/537.36 (KHTML, like Gecko) HeadlessChrome/141.0.7390.37 Safari/537.36"
[2026-09-04T15:03:45.203Z]  "GET /js/passions-flat-ui.js" "Mozilla/5.0 (X11; Linux x86_64) AppleWebKit/537.36 (KHTML, like Gecko) HeadlessChrome/141.0.7390.37 Safari/537.36"
[2026-09-04T15:03:45.203Z]  "GET /js/pwa-landing.js" "Mozilla/5.0 (X11; Linux x86_64) AppleWebKit/537.36 (KHTML, like Gecko) HeadlessChrome/141.0.7390.37 Safari/537.36"
[2026-09-04T15:03:45.203Z]  "GET /js/emoji-misc.js" "Mozilla/5.0 (X11; Linux x86_64) AppleWebKit/537.36 (KHTML, like Gecko) HeadlessChrome/141.0.7390.37 Safari/537.36"
[2026-09-04T15:03:58.286Z]  "GET /sw.js" "Mozilla/5.0 (X11; Linux x86_64) AppleWebKit/537.36 (KHTML, like Gecko) HeadlessChrome/141.0.7390.37 Safari/537.36"
[2026-09-04T15:03:58.336Z]  "GET /index.html" "Mozilla/5.0 (X11; Linux x86_64) AppleWebKit/537.36 (KHTML, like Gecko) HeadlessChrome/141.0.7390.37 Safari/537.36"
[2026-09-04T15:03:58.338Z]  "GET /styles.css" "Mozilla/5.0 (X11; Linux x86_64) AppleWebKit/537.36 (KHTML, like Gecko) HeadlessChrome/141.0.7390.37 Safari/537.36"
[2026-09-04T15:03:58.339Z]  "GET /manifest.json" "Mozilla/5.0 (X11; Linux x86_64) AppleWebKit/537.36 (KHTML, like Gecko) HeadlessChrome/141.0.7390.37 Safari/537.36"
[2026-09-04T15:03:58.373Z]  "GET /icon-192.png" "Mozilla/5.0 (X11; Linux x86_64) AppleWebKit/537.36 (KHTML, like Gecko) HeadlessChrome/141.0.7390.37 Safari/537.36"
[2026-09-04T15:03:58.373Z]  "GET /icon-512.png" "Mozilla/5.0 (X11; Linux x86_64) AppleWebKit/537.36 (KHTML, like Gecko) HeadlessChrome/141.0.7390.37 Safari/537.36"
[2026-09-04T15:03:58.390Z]  "GET /sw.js" "Mozilla/5.0 (X11; Linux x86_64) AppleWebKit/537.36 (KHTML, like Gecko) HeadlessChrome/141.0.7390.37 Safari/537.36"
[2026-09-04T15:04:05.909Z]  "GET /data/passions-v1.json" "Mozilla/5.0 (X11; Linux x86_64) AppleWebKit/537.36 (KHTML, like Gecko) HeadlessChrome/141.0.7390.37 Safari/537.36"
[2026-09-04T15:04:12.261Z]  "GET /index.html" "Mozilla/5.0 (X11; Linux x86_64) AppleWebKit/537.36 (KHTML, like Gecko) HeadlessChrome/141.0.7390.37 Safari/537.36"
[2026-09-04T15:04:12.283Z]  "GET /js/access-gate.js" "Mozilla/5.0 (X11; Linux x86_64) AppleWebKit/537.36 (KHTML, like Gecko) HeadlessChrome/141.0.7390.37 Safari/537.36"
[2026-09-04T15:04:12.294Z]  "GET /js/platform.js" "Mozilla/5.0 (X11; Linux x86_64) AppleWebKit/537.36 (KHTML, like Gecko) HeadlessChrome/141.0.7390.37 Safari/537.36"
[2026-09-04T15:04:12.295Z]  "GET /js/telemetry.js" "Mozilla/5.0 (X11; Linux x86_64) AppleWebKit/537.36 (KHTML, like Gecko) HeadlessChrome/141.0.7390.37 Safari/537.36"
[2026-09-04T15:04:12.295Z]  "GET /js/perf-ios.js" "Mozilla/5.0 (X11; Linux x86_64) AppleWebKit/537.36 (KHTML, like Gecko) HeadlessChrome/141.0.7390.37 Safari/537.36"
[2026-09-04T15:04:12.297Z]  "GET /js/pwa-detect.js" "Mozilla/5.0 (X11; Linux x86_64) AppleWebKit/537.36 (KHTML, like Gecko) HeadlessChrome/141.0.7390.37 Safari/537.36"
[2026-09-04T15:04:12.298Z]  "GET /styles.css" "Mozilla/5.0 (X11; Linux x86_64) AppleWebKit/537.36 (KHTML, like Gecko) HeadlessChrome/141.0.7390.37 Safari/537.36"
[2026-09-04T15:04:12.299Z]  "GET /js/supabase-loader.js" "Mozilla/5.0 (X11; Linux x86_64) AppleWebKit/537.36 (KHTML, like Gecko) HeadlessChrome/141.0.7390.37 Safari/537.36"
[2026-09-04T15:04:12.318Z]  "GET /js/map-loader.js" "Mozilla/5.0 (X11; Linux x86_64) AppleWebKit/537.36 (KHTML, like Gecko) HeadlessChrome/141.0.7390.37 Safari/537.36"
[2026-09-04T15:04:12.318Z]  "GET /js/idb-store.js" "Mozilla/5.0 (X11; Linux x86_64) AppleWebKit/537.36 (KHTML, like Gecko) HeadlessChrome/141.0.7390.37 Safari/537.36"
[2026-09-04T15:04:12.318Z]  "GET /js/first-run.js" "Mozilla/5.0 (X11; Linux x86_64) AppleWebKit/537.36 (KHTML, like Gecko) HeadlessChrome/141.0.7390.37 Safari/537.36"
[2026-09-04T15:04:12.319Z]  "GET /js/app-01-diag-seed.js" "Mozilla/5.0 (X11; Linux x86_64) AppleWebKit/537.36 (KHTML, like Gecko) HeadlessChrome/141.0.7390.37 Safari/537.36"
[2026-09-04T15:04:12.319Z]  "GET /js/app-02-state-utils.js" "Mozilla/5.0 (X11; Linux x86_64) AppleWebKit/537.36 (KHTML, like Gecko) HeadlessChrome/141.0.7390.37 Safari/537.36"
[2026-09-04T15:04:12.331Z]  "GET /js/app-03-posts-vlogs.js" "Mozilla/5.0 (X11; Linux x86_64) AppleWebKit/537.36 (KHTML, like Gecko) HeadlessChrome/141.0.7390.37 Safari/537.36"
[2026-09-04T15:04:12.331Z]  "GET /js/app-04-comments-shop.js" "Mozilla/5.0 (X11; Linux x86_64) AppleWebKit/537.36 (KHTML, like Gecko) HeadlessChrome/141.0.7390.37 Safari/537.36"
[2026-09-04T15:04:12.331Z]  "GET /js/app-05-config-profil.js" "Mozilla/5.0 (X11; Linux x86_64) AppleWebKit/537.36 (KHTML, like Gecko) HeadlessChrome/141.0.7390.37 Safari/537.36"
[2026-09-04T15:04:12.331Z]  "GET /js/app-06-reels-partage.js" "Mozilla/5.0 (X11; Linux x86_64) AppleWebKit/537.36 (KHTML, like Gecko) HeadlessChrome/141.0.7390.37 Safari/537.36"
[2026-09-04T15:04:12.331Z]  "GET /js/app-07-ia-explore-irl.js" "Mozilla/5.0 (X11; Linux x86_64) AppleWebKit/537.36 (KHTML, like Gecko) HeadlessChrome/141.0.7390.37 Safari/537.36"
[2026-09-04T15:04:12.331Z]  "GET /js/app-08-ui-modals-tour.js" "Mozilla/5.0 (X11; Linux x86_64) AppleWebKit/537.36 (KHTML, like Gecko) HeadlessChrome/141.0.7390.37 Safari/537.36"
[2026-09-04T15:04:12.348Z]  "GET /js/app-09-boot-pwa.js" "Mozilla/5.0 (X11; Linux x86_64) AppleWebKit/537.36 (KHTML, like Gecko) HeadlessChrome/141.0.7390.37 Safari/537.36"
[2026-09-04T15:04:12.348Z]  "GET /js/contextual-nav.js" "Mozilla/5.0 (X11; Linux x86_64) AppleWebKit/537.36 (KHTML, like Gecko) HeadlessChrome/141.0.7390.37 Safari/537.36"
[2026-09-04T15:04:12.349Z]  "GET /js/ui-v2-shell.js" "Mozilla/5.0 (X11; Linux x86_64) AppleWebKit/537.36 (KHTML, like Gecko) HeadlessChrome/141.0.7390.37 Safari/537.36"
[2026-09-04T15:04:12.349Z]  "GET /js/ui-v3-passerelle.js" "Mozilla/5.0 (X11; Linux x86_64) AppleWebKit/537.36 (KHTML, like Gecko) HeadlessChrome/141.0.7390.37 Safari/537.36"
[2026-09-04T15:04:12.349Z]  "GET /js/ui-v4b-fiche.js" "Mozilla/5.0 (X11; Linux x86_64) AppleWebKit/537.36 (KHTML, like Gecko) HeadlessChrome/141.0.7390.37 Safari/537.36"
[2026-09-04T15:04:12.349Z]  "GET /js/ui-v4a0-tete.js" "Mozilla/5.0 (X11; Linux x86_64) AppleWebKit/537.36 (KHTML, like Gecko) HeadlessChrome/141.0.7390.37 Safari/537.36"
[2026-09-04T15:04:12.354Z]  "GET /js/ui-v4a1-intentions.js" "Mozilla/5.0 (X11; Linux x86_64) AppleWebKit/537.36 (KHTML, like Gecko) HeadlessChrome/141.0.7390.37 Safari/537.36"
[2026-09-04T15:04:12.361Z]  "GET /js/ui-v4a2-cartes.js" "Mozilla/5.0 (X11; Linux x86_64) AppleWebKit/537.36 (KHTML, like Gecko) HeadlessChrome/141.0.7390.37 Safari/537.36"
[2026-09-04T15:04:12.361Z]  "GET /js/ui-v4a3-vue.js" "Mozilla/5.0 (X11; Linux x86_64) AppleWebKit/537.36 (KHTML, like Gecko) HeadlessChrome/141.0.7390.37 Safari/537.36"
[2026-09-04T15:04:12.362Z]  "GET /js/ui-v5-bobines.js" "Mozilla/5.0 (X11; Linux x86_64) AppleWebKit/537.36 (KHTML, like Gecko) HeadlessChrome/141.0.7390.37 Safari/537.36"
[2026-09-04T15:04:12.362Z]  "GET /js/ui-v4a4-outils.js" "Mozilla/5.0 (X11; Linux x86_64) AppleWebKit/537.36 (KHTML, like Gecko) HeadlessChrome/141.0.7390.37 Safari/537.36"
[2026-09-04T15:04:12.362Z]  "GET /js/ui-v4a5-filtres.js" "Mozilla/5.0 (X11; Linux x86_64) AppleWebKit/537.36 (KHTML, like Gecko) HeadlessChrome/141.0.7390.37 Safari/537.36"
[2026-09-04T15:04:12.385Z]  "GET /js/ui-v6a-messages.js" "Mozilla/5.0 (X11; Linux x86_64) AppleWebKit/537.36 (KHTML, like Gecko) HeadlessChrome/141.0.7390.37 Safari/537.36"
[2026-09-04T15:04:12.385Z]  "GET /js/ui-v6b-profil.js" "Mozilla/5.0 (X11; Linux x86_64) AppleWebKit/537.36 (KHTML, like Gecko) HeadlessChrome/141.0.7390.37 Safari/537.36"
[2026-09-04T15:04:12.386Z]  "GET /js/ui-v6c-proposer-irl.js" "Mozilla/5.0 (X11; Linux x86_64) AppleWebKit/537.36 (KHTML, like Gecko) HeadlessChrome/141.0.7390.37 Safari/537.36"
[2026-09-04T15:04:12.386Z]  "GET /js/ui-v7-lot.js" "Mozilla/5.0 (X11; Linux x86_64) AppleWebKit/537.36 (KHTML, like Gecko) HeadlessChrome/141.0.7390.37 Safari/537.36"
[2026-09-04T15:04:12.386Z]  "GET /js/ui-v6-composer.js" "Mozilla/5.0 (X11; Linux x86_64) AppleWebKit/537.36 (KHTML, like Gecko) HeadlessChrome/141.0.7390.37 Safari/537.36"
[2026-09-04T15:04:12.398Z]  "GET /js/passions-flat.js" "Mozilla/5.0 (X11; Linux x86_64) AppleWebKit/537.36 (KHTML, like Gecko) HeadlessChrome/141.0.7390.37 Safari/537.36"
[2026-09-04T15:04:12.401Z]  "GET /js/passion-selector.js" "Mozilla/5.0 (X11; Linux x86_64) AppleWebKit/537.36 (KHTML, like Gecko) HeadlessChrome/141.0.7390.37 Safari/537.36"
[2026-09-04T15:04:12.401Z]  "GET /js/passions-flat-ui.js" "Mozilla/5.0 (X11; Linux x86_64) AppleWebKit/537.36 (KHTML, like Gecko) HeadlessChrome/141.0.7390.37 Safari/537.36"
[2026-09-04T15:04:12.401Z]  "GET /js/pwa-landing.js" "Mozilla/5.0 (X11; Linux x86_64) AppleWebKit/537.36 (KHTML, like Gecko) HeadlessChrome/141.0.7390.37 Safari/537.36"
[2026-09-04T15:04:12.401Z]  "GET /js/emoji-misc.js" "Mozilla/5.0 (X11; Linux x86_64) AppleWebKit/537.36 (KHTML, like Gecko) HeadlessChrome/141.0.7390.37 Safari/537.36"
[2026-09-04T15:04:24.982Z]  "GET /sw.js" "Mozilla/5.0 (X11; Linux x86_64) AppleWebKit/537.36 (KHTML, like Gecko) HeadlessChrome/141.0.7390.37 Safari/537.36"
[2026-09-04T15:04:25.000Z]  "GET /index.html" "Mozilla/5.0 (X11; Linux x86_64) AppleWebKit/537.36 (KHTML, like Gecko) HeadlessChrome/141.0.7390.37 Safari/537.36"
[2026-09-04T15:04:25.000Z]  "GET /styles.css" "Mozilla/5.0 (X11; Linux x86_64) AppleWebKit/537.36 (KHTML, like Gecko) HeadlessChrome/141.0.7390.37 Safari/537.36"
[2026-09-04T15:04:25.000Z]  "GET /manifest.json" "Mozilla/5.0 (X11; Linux x86_64) AppleWebKit/537.36 (KHTML, like Gecko) HeadlessChrome/141.0.7390.37 Safari/537.36"
[2026-09-04T15:04:25.012Z]  "GET /icon-192.png" "Mozilla/5.0 (X11; Linux x86_64) AppleWebKit/537.36 (KHTML, like Gecko) HeadlessChrome/141.0.7390.37 Safari/537.36"
[2026-09-04T15:04:25.014Z]  "GET /icon-512.png" "Mozilla/5.0 (X11; Linux x86_64) AppleWebKit/537.36 (KHTML, like Gecko) HeadlessChrome/141.0.7390.37 Safari/537.36"
[2026-09-04T15:04:25.020Z]  "GET /sw.js" "Mozilla/5.0 (X11; Linux x86_64) AppleWebKit/537.36 (KHTML, like Gecko) HeadlessChrome/141.0.7390.37 Safari/537.36"
[2026-09-04T15:04:31.775Z]  "GET /data/passions-v1.json" "Mozilla/5.0 (X11; Linux x86_64) AppleWebKit/537.36 (KHTML, like Gecko) HeadlessChrome/141.0.7390.37 Safari/537.36"
[2026-09-04T15:04:37.444Z]  "GET /index.html" "Mozilla/5.0 (X11; Linux x86_64) AppleWebKit/537.36 (KHTML, like Gecko) HeadlessChrome/141.0.7390.37 Safari/537.36"
[2026-09-04T15:04:37.467Z]  "GET /js/access-gate.js" "Mozilla/5.0 (X11; Linux x86_64) AppleWebKit/537.36 (KHTML, like Gecko) HeadlessChrome/141.0.7390.37 Safari/537.36"
[2026-09-04T15:04:37.484Z]  "GET /js/platform.js" "Mozilla/5.0 (X11; Linux x86_64) AppleWebKit/537.36 (KHTML, like Gecko) HeadlessChrome/141.0.7390.37 Safari/537.36"
[2026-09-04T15:04:37.485Z]  "GET /js/telemetry.js" "Mozilla/5.0 (X11; Linux x86_64) AppleWebKit/537.36 (KHTML, like Gecko) HeadlessChrome/141.0.7390.37 Safari/537.36"
[2026-09-04T15:04:37.487Z]  "GET /js/perf-ios.js" "Mozilla/5.0 (X11; Linux x86_64) AppleWebKit/537.36 (KHTML, like Gecko) HeadlessChrome/141.0.7390.37 Safari/537.36"
[2026-09-04T15:04:37.487Z]  "GET /styles.css" "Mozilla/5.0 (X11; Linux x86_64) AppleWebKit/537.36 (KHTML, like Gecko) HeadlessChrome/141.0.7390.37 Safari/537.36"
[2026-09-04T15:04:37.487Z]  "GET /js/pwa-detect.js" "Mozilla/5.0 (X11; Linux x86_64) AppleWebKit/537.36 (KHTML, like Gecko) HeadlessChrome/141.0.7390.37 Safari/537.36"
[2026-09-04T15:04:37.489Z]  "GET /js/supabase-loader.js" "Mozilla/5.0 (X11; Linux x86_64) AppleWebKit/537.36 (KHTML, like Gecko) HeadlessChrome/141.0.7390.37 Safari/537.36"
[2026-09-04T15:04:37.499Z]  "GET /js/map-loader.js" "Mozilla/5.0 (X11; Linux x86_64) AppleWebKit/537.36 (KHTML, like Gecko) HeadlessChrome/141.0.7390.37 Safari/537.36"
[2026-09-04T15:04:37.501Z]  "GET /js/idb-store.js" "Mozilla/5.0 (X11; Linux x86_64) AppleWebKit/537.36 (KHTML, like Gecko) HeadlessChrome/141.0.7390.37 Safari/537.36"
[2026-09-04T15:04:37.501Z]  "GET /js/first-run.js" "Mozilla/5.0 (X11; Linux x86_64) AppleWebKit/537.36 (KHTML, like Gecko) HeadlessChrome/141.0.7390.37 Safari/537.36"
[2026-09-04T15:04:37.501Z]  "GET /js/app-01-diag-seed.js" "Mozilla/5.0 (X11; Linux x86_64) AppleWebKit/537.36 (KHTML, like Gecko) HeadlessChrome/141.0.7390.37 Safari/537.36"
[2026-09-04T15:04:37.504Z]  "GET /js/app-02-state-utils.js" "Mozilla/5.0 (X11; Linux x86_64) AppleWebKit/537.36 (KHTML, like Gecko) HeadlessChrome/141.0.7390.37 Safari/537.36"
[2026-09-04T15:04:37.504Z]  "GET /js/app-03-posts-vlogs.js" "Mozilla/5.0 (X11; Linux x86_64) AppleWebKit/537.36 (KHTML, like Gecko) HeadlessChrome/141.0.7390.37 Safari/537.36"
[2026-09-04T15:04:37.515Z]  "GET /js/app-04-comments-shop.js" "Mozilla/5.0 (X11; Linux x86_64) AppleWebKit/537.36 (KHTML, like Gecko) HeadlessChrome/141.0.7390.37 Safari/537.36"
[2026-09-04T15:04:37.520Z]  "GET /js/app-05-config-profil.js" "Mozilla/5.0 (X11; Linux x86_64) AppleWebKit/537.36 (KHTML, like Gecko) HeadlessChrome/141.0.7390.37 Safari/537.36"
[2026-09-04T15:04:37.520Z]  "GET /js/app-06-reels-partage.js" "Mozilla/5.0 (X11; Linux x86_64) AppleWebKit/537.36 (KHTML, like Gecko) HeadlessChrome/141.0.7390.37 Safari/537.36"
[2026-09-04T15:04:37.522Z]  "GET /js/app-07-ia-explore-irl.js" "Mozilla/5.0 (X11; Linux x86_64) AppleWebKit/537.36 (KHTML, like Gecko) HeadlessChrome/141.0.7390.37 Safari/537.36"
[2026-09-04T15:04:37.522Z]  "GET /js/app-08-ui-modals-tour.js" "Mozilla/5.0 (X11; Linux x86_64) AppleWebKit/537.36 (KHTML, like Gecko) HeadlessChrome/141.0.7390.37 Safari/537.36"
[2026-09-04T15:04:37.523Z]  "GET /js/app-09-boot-pwa.js" "Mozilla/5.0 (X11; Linux x86_64) AppleWebKit/537.36 (KHTML, like Gecko) HeadlessChrome/141.0.7390.37 Safari/537.36"
[2026-09-04T15:04:37.523Z]  "GET /js/contextual-nav.js" "Mozilla/5.0 (X11; Linux x86_64) AppleWebKit/537.36 (KHTML, like Gecko) HeadlessChrome/141.0.7390.37 Safari/537.36"
[2026-09-04T15:04:37.547Z]  "GET /js/ui-v2-shell.js" "Mozilla/5.0 (X11; Linux x86_64) AppleWebKit/537.36 (KHTML, like Gecko) HeadlessChrome/141.0.7390.37 Safari/537.36"
[2026-09-04T15:04:37.547Z]  "GET /js/ui-v3-passerelle.js" "Mozilla/5.0 (X11; Linux x86_64) AppleWebKit/537.36 (KHTML, like Gecko) HeadlessChrome/141.0.7390.37 Safari/537.36"
[2026-09-04T15:04:37.547Z]  "GET /js/ui-v4b-fiche.js" "Mozilla/5.0 (X11; Linux x86_64) AppleWebKit/537.36 (KHTML, like Gecko) HeadlessChrome/141.0.7390.37 Safari/537.36"
[2026-09-04T15:04:37.550Z]  "GET /js/ui-v4a0-tete.js" "Mozilla/5.0 (X11; Linux x86_64) AppleWebKit/537.36 (KHTML, like Gecko) HeadlessChrome/141.0.7390.37 Safari/537.36"
[2026-09-04T15:04:37.551Z]  "GET /js/ui-v4a1-intentions.js" "Mozilla/5.0 (X11; Linux x86_64) AppleWebKit/537.36 (KHTML, like Gecko) HeadlessChrome/141.0.7390.37 Safari/537.36"
[2026-09-04T15:04:37.551Z]  "GET /js/ui-v4a2-cartes.js" "Mozilla/5.0 (X11; Linux x86_64) AppleWebKit/537.36 (KHTML, like Gecko) HeadlessChrome/141.0.7390.37 Safari/537.36"
[2026-09-04T15:04:37.562Z]  "GET /js/ui-v4a3-vue.js" "Mozilla/5.0 (X11; Linux x86_64) AppleWebKit/537.36 (KHTML, like Gecko) HeadlessChrome/141.0.7390.37 Safari/537.36"
[2026-09-04T15:04:37.566Z]  "GET /js/ui-v5-bobines.js" "Mozilla/5.0 (X11; Linux x86_64) AppleWebKit/537.36 (KHTML, like Gecko) HeadlessChrome/141.0.7390.37 Safari/537.36"
[2026-09-04T15:04:37.569Z]  "GET /js/ui-v4a4-outils.js" "Mozilla/5.0 (X11; Linux x86_64) AppleWebKit/537.36 (KHTML, like Gecko) HeadlessChrome/141.0.7390.37 Safari/537.36"
[2026-09-04T15:04:37.575Z]  "GET /js/ui-v4a5-filtres.js" "Mozilla/5.0 (X11; Linux x86_64) AppleWebKit/537.36 (KHTML, like Gecko) HeadlessChrome/141.0.7390.37 Safari/537.36"
[2026-09-04T15:04:37.575Z]  "GET /js/ui-v6-composer.js" "Mozilla/5.0 (X11; Linux x86_64) AppleWebKit/537.36 (KHTML, like Gecko) HeadlessChrome/141.0.7390.37 Safari/537.36"
[2026-09-04T15:04:37.576Z]  "GET /js/ui-v6a-messages.js" "Mozilla/5.0 (X11; Linux x86_64) AppleWebKit/537.36 (KHTML, like Gecko) HeadlessChrome/141.0.7390.37 Safari/537.36"
[2026-09-04T15:04:37.576Z]  "GET /js/ui-v6b-profil.js" "Mozilla/5.0 (X11; Linux x86_64) AppleWebKit/537.36 (KHTML, like Gecko) HeadlessChrome/141.0.7390.37 Safari/537.36"
[2026-09-04T15:04:37.576Z]  "GET /js/ui-v6c-proposer-irl.js" "Mozilla/5.0 (X11; Linux x86_64) AppleWebKit/537.36 (KHTML, like Gecko) HeadlessChrome/141.0.7390.37 Safari/537.36"
[2026-09-04T15:04:37.576Z]  "GET /js/ui-v7-lot.js" "Mozilla/5.0 (X11; Linux x86_64) AppleWebKit/537.36 (KHTML, like Gecko) HeadlessChrome/141.0.7390.37 Safari/537.36"
[2026-09-04T15:04:37.589Z]  "GET /js/passions-flat.js" "Mozilla/5.0 (X11; Linux x86_64) AppleWebKit/537.36 (KHTML, like Gecko) HeadlessChrome/141.0.7390.37 Safari/537.36"
[2026-09-04T15:04:37.592Z]  "GET /js/passion-selector.js" "Mozilla/5.0 (X11; Linux x86_64) AppleWebKit/537.36 (KHTML, like Gecko) HeadlessChrome/141.0.7390.37 Safari/537.36"
[2026-09-04T15:04:37.593Z]  "GET /js/passions-flat-ui.js" "Mozilla/5.0 (X11; Linux x86_64) AppleWebKit/537.36 (KHTML, like Gecko) HeadlessChrome/141.0.7390.37 Safari/537.36"
[2026-09-04T15:04:37.593Z]  "GET /js/pwa-landing.js" "Mozilla/5.0 (X11; Linux x86_64) AppleWebKit/537.36 (KHTML, like Gecko) HeadlessChrome/141.0.7390.37 Safari/537.36"
[2026-09-04T15:04:37.593Z]  "GET /js/emoji-misc.js" "Mozilla/5.0 (X11; Linux x86_64) AppleWebKit/537.36 (KHTML, like Gecko) HeadlessChrome/141.0.7390.37 Safari/537.36"
[2026-09-04T15:04:50.264Z]  "GET /sw.js" "Mozilla/5.0 (X11; Linux x86_64) AppleWebKit/537.36 (KHTML, like Gecko) HeadlessChrome/141.0.7390.37 Safari/537.36"
[2026-09-04T15:04:50.286Z]  "GET /index.html" "Mozilla/5.0 (X11; Linux x86_64) AppleWebKit/537.36 (KHTML, like Gecko) HeadlessChrome/141.0.7390.37 Safari/537.36"
[2026-09-04T15:04:50.286Z]  "GET /styles.css" "Mozilla/5.0 (X11; Linux x86_64) AppleWebKit/537.36 (KHTML, like Gecko) HeadlessChrome/141.0.7390.37 Safari/537.36"
[2026-09-04T15:04:50.287Z]  "GET /manifest.json" "Mozilla/5.0 (X11; Linux x86_64) AppleWebKit/537.36 (KHTML, like Gecko) HeadlessChrome/141.0.7390.37 Safari/537.36"
[2026-09-04T15:04:50.303Z]  "GET /icon-192.png" "Mozilla/5.0 (X11; Linux x86_64) AppleWebKit/537.36 (KHTML, like Gecko) HeadlessChrome/141.0.7390.37 Safari/537.36"
[2026-09-04T15:04:50.304Z]  "GET /icon-512.png" "Mozilla/5.0 (X11; Linux x86_64) AppleWebKit/537.36 (KHTML, like Gecko) HeadlessChrome/141.0.7390.37 Safari/537.36"
[2026-09-04T15:04:50.319Z]  "GET /sw.js" "Mozilla/5.0 (X11; Linux x86_64) AppleWebKit/537.36 (KHTML, like Gecko) HeadlessChrome/141.0.7390.37 Safari/537.36"
[2026-09-04T15:04:52.923Z]  "GET /index.html" "Mozilla/5.0 (X11; Linux x86_64) AppleWebKit/537.36 (KHTML, like Gecko) HeadlessChrome/141.0.7390.37 Safari/537.36"
[2026-09-04T15:04:52.950Z]  "GET /js/access-gate.js" "Mozilla/5.0 (X11; Linux x86_64) AppleWebKit/537.36 (KHTML, like Gecko) HeadlessChrome/141.0.7390.37 Safari/537.36"
[2026-09-04T15:04:52.955Z]  "GET /js/platform.js" "Mozilla/5.0 (X11; Linux x86_64) AppleWebKit/537.36 (KHTML, like Gecko) HeadlessChrome/141.0.7390.37 Safari/537.36"
[2026-09-04T15:04:52.956Z]  "GET /js/telemetry.js" "Mozilla/5.0 (X11; Linux x86_64) AppleWebKit/537.36 (KHTML, like Gecko) HeadlessChrome/141.0.7390.37 Safari/537.36"
[2026-09-04T15:04:52.958Z]  "GET /js/perf-ios.js" "Mozilla/5.0 (X11; Linux x86_64) AppleWebKit/537.36 (KHTML, like Gecko) HeadlessChrome/141.0.7390.37 Safari/537.36"
[2026-09-04T15:04:52.958Z]  "GET /js/pwa-detect.js" "Mozilla/5.0 (X11; Linux x86_64) AppleWebKit/537.36 (KHTML, like Gecko) HeadlessChrome/141.0.7390.37 Safari/537.36"
[2026-09-04T15:04:52.958Z]  "GET /js/supabase-loader.js" "Mozilla/5.0 (X11; Linux x86_64) AppleWebKit/537.36 (KHTML, like Gecko) HeadlessChrome/141.0.7390.37 Safari/537.36"
[2026-09-04T15:04:52.981Z]  "GET /styles.css" "Mozilla/5.0 (X11; Linux x86_64) AppleWebKit/537.36 (KHTML, like Gecko) HeadlessChrome/141.0.7390.37 Safari/537.36"
[2026-09-04T15:04:52.994Z]  "GET /js/map-loader.js" "Mozilla/5.0 (X11; Linux x86_64) AppleWebKit/537.36 (KHTML, like Gecko) HeadlessChrome/141.0.7390.37 Safari/537.36"
[2026-09-04T15:04:52.995Z]  "GET /js/idb-store.js" "Mozilla/5.0 (X11; Linux x86_64) AppleWebKit/537.36 (KHTML, like Gecko) HeadlessChrome/141.0.7390.37 Safari/537.36"
[2026-09-04T15:04:52.995Z]  "GET /js/first-run.js" "Mozilla/5.0 (X11; Linux x86_64) AppleWebKit/537.36 (KHTML, like Gecko) HeadlessChrome/141.0.7390.37 Safari/537.36"
[2026-09-04T15:04:52.995Z]  "GET /js/app-01-diag-seed.js" "Mozilla/5.0 (X11; Linux x86_64) AppleWebKit/537.36 (KHTML, like Gecko) HeadlessChrome/141.0.7390.37 Safari/537.36"
[2026-09-04T15:04:52.996Z]  "GET /js/app-02-state-utils.js" "Mozilla/5.0 (X11; Linux x86_64) AppleWebKit/537.36 (KHTML, like Gecko) HeadlessChrome/141.0.7390.37 Safari/537.36"
[2026-09-04T15:04:53.009Z]  "GET /js/app-03-posts-vlogs.js" "Mozilla/5.0 (X11; Linux x86_64) AppleWebKit/537.36 (KHTML, like Gecko) HeadlessChrome/141.0.7390.37 Safari/537.36"
[2026-09-04T15:04:53.014Z]  "GET /js/app-04-comments-shop.js" "Mozilla/5.0 (X11; Linux x86_64) AppleWebKit/537.36 (KHTML, like Gecko) HeadlessChrome/141.0.7390.37 Safari/537.36"
[2026-09-04T15:04:53.017Z]  "GET /js/app-05-config-profil.js" "Mozilla/5.0 (X11; Linux x86_64) AppleWebKit/537.36 (KHTML, like Gecko) HeadlessChrome/141.0.7390.37 Safari/537.36"
[2026-09-04T15:04:53.021Z]  "GET /js/app-06-reels-partage.js" "Mozilla/5.0 (X11; Linux x86_64) AppleWebKit/537.36 (KHTML, like Gecko) HeadlessChrome/141.0.7390.37 Safari/537.36"
[2026-09-04T15:04:53.021Z]  "GET /js/app-07-ia-explore-irl.js" "Mozilla/5.0 (X11; Linux x86_64) AppleWebKit/537.36 (KHTML, like Gecko) HeadlessChrome/141.0.7390.37 Safari/537.36"
[2026-09-04T15:04:53.025Z]  "GET /js/app-08-ui-modals-tour.js" "Mozilla/5.0 (X11; Linux x86_64) AppleWebKit/537.36 (KHTML, like Gecko) HeadlessChrome/141.0.7390.37 Safari/537.36"
[2026-09-04T15:04:53.026Z]  "GET /js/app-09-boot-pwa.js" "Mozilla/5.0 (X11; Linux x86_64) AppleWebKit/537.36 (KHTML, like Gecko) HeadlessChrome/141.0.7390.37 Safari/537.36"
[2026-09-04T15:04:53.026Z]  "GET /js/contextual-nav.js" "Mozilla/5.0 (X11; Linux x86_64) AppleWebKit/537.36 (KHTML, like Gecko) HeadlessChrome/141.0.7390.37 Safari/537.36"
[2026-09-04T15:04:53.026Z]  "GET /js/ui-v2-shell.js" "Mozilla/5.0 (X11; Linux x86_64) AppleWebKit/537.36 (KHTML, like Gecko) HeadlessChrome/141.0.7390.37 Safari/537.36"
[2026-09-04T15:04:53.052Z]  "GET /js/ui-v3-passerelle.js" "Mozilla/5.0 (X11; Linux x86_64) AppleWebKit/537.36 (KHTML, like Gecko) HeadlessChrome/141.0.7390.37 Safari/537.36"
[2026-09-04T15:04:53.056Z]  "GET /js/ui-v4b-fiche.js" "Mozilla/5.0 (X11; Linux x86_64) AppleWebKit/537.36 (KHTML, like Gecko) HeadlessChrome/141.0.7390.37 Safari/537.36"
[2026-09-04T15:04:53.072Z]  "GET /js/ui-v4a0-tete.js" "Mozilla/5.0 (X11; Linux x86_64) AppleWebKit/537.36 (KHTML, like Gecko) HeadlessChrome/141.0.7390.37 Safari/537.36"
[2026-09-04T15:04:53.078Z]  "GET /js/ui-v4a1-intentions.js" "Mozilla/5.0 (X11; Linux x86_64) AppleWebKit/537.36 (KHTML, like Gecko) HeadlessChrome/141.0.7390.37 Safari/537.36"
[2026-09-04T15:04:53.083Z]  "GET /js/ui-v4a2-cartes.js" "Mozilla/5.0 (X11; Linux x86_64) AppleWebKit/537.36 (KHTML, like Gecko) HeadlessChrome/141.0.7390.37 Safari/537.36"
[2026-09-04T15:04:53.087Z]  "GET /js/ui-v4a3-vue.js" "Mozilla/5.0 (X11; Linux x86_64) AppleWebKit/537.36 (KHTML, like Gecko) HeadlessChrome/141.0.7390.37 Safari/537.36"
[2026-09-04T15:04:53.090Z]  "GET /js/ui-v5-bobines.js" "Mozilla/5.0 (X11; Linux x86_64) AppleWebKit/537.36 (KHTML, like Gecko) HeadlessChrome/141.0.7390.37 Safari/537.36"
[2026-09-04T15:04:53.100Z]  "GET /js/ui-v4a4-outils.js" "Mozilla/5.0 (X11; Linux x86_64) AppleWebKit/537.36 (KHTML, like Gecko) HeadlessChrome/141.0.7390.37 Safari/537.36"
[2026-09-04T15:04:53.101Z]  "GET /js/ui-v4a5-filtres.js" "Mozilla/5.0 (X11; Linux x86_64) AppleWebKit/537.36 (KHTML, like Gecko) HeadlessChrome/141.0.7390.37 Safari/537.36"
[2026-09-04T15:04:53.101Z]  "GET /js/ui-v6-composer.js" "Mozilla/5.0 (X11; Linux x86_64) AppleWebKit/537.36 (KHTML, like Gecko) HeadlessChrome/141.0.7390.37 Safari/537.36"
[2026-09-04T15:04:53.101Z]  "GET /js/ui-v6a-messages.js" "Mozilla/5.0 (X11; Linux x86_64) AppleWebKit/537.36 (KHTML, like Gecko) HeadlessChrome/141.0.7390.37 Safari/537.36"
[2026-09-04T15:04:53.101Z]  "GET /js/ui-v6b-profil.js" "Mozilla/5.0 (X11; Linux x86_64) AppleWebKit/537.36 (KHTML, like Gecko) HeadlessChrome/141.0.7390.37 Safari/537.36"
[2026-09-04T15:04:53.101Z]  "GET /js/ui-v6c-proposer-irl.js" "Mozilla/5.0 (X11; Linux x86_64) AppleWebKit/537.36 (KHTML, like Gecko) HeadlessChrome/141.0.7390.37 Safari/537.36"
[2026-09-04T15:04:53.108Z]  "GET /js/ui-v7-lot.js" "Mozilla/5.0 (X11; Linux x86_64) AppleWebKit/537.36 (KHTML, like Gecko) HeadlessChrome/141.0.7390.37 Safari/537.36"
[2026-09-04T15:04:53.108Z]  "GET /js/passions-flat.js" "Mozilla/5.0 (X11; Linux x86_64) AppleWebKit/537.36 (KHTML, like Gecko) HeadlessChrome/141.0.7390.37 Safari/537.36"
[2026-09-04T15:04:53.135Z]  "GET /js/passion-selector.js" "Mozilla/5.0 (X11; Linux x86_64) AppleWebKit/537.36 (KHTML, like Gecko) HeadlessChrome/141.0.7390.37 Safari/537.36"
[2026-09-04T15:04:53.136Z]  "GET /js/passions-flat-ui.js" "Mozilla/5.0 (X11; Linux x86_64) AppleWebKit/537.36 (KHTML, like Gecko) HeadlessChrome/141.0.7390.37 Safari/537.36"
[2026-09-04T15:04:53.138Z]  "GET /js/pwa-landing.js" "Mozilla/5.0 (X11; Linux x86_64) AppleWebKit/537.36 (KHTML, like Gecko) HeadlessChrome/141.0.7390.37 Safari/537.36"
[2026-09-04T15:04:53.145Z]  "GET /js/emoji-misc.js" "Mozilla/5.0 (X11; Linux x86_64) AppleWebKit/537.36 (KHTML, like Gecko) HeadlessChrome/141.0.7390.37 Safari/537.36"
[2026-09-04T15:05:05.734Z]  "GET /sw.js" "Mozilla/5.0 (X11; Linux x86_64) AppleWebKit/537.36 (KHTML, like Gecko) HeadlessChrome/141.0.7390.37 Safari/537.36"
[2026-09-04T15:05:05.753Z]  "GET /index.html" "Mozilla/5.0 (X11; Linux x86_64) AppleWebKit/537.36 (KHTML, like Gecko) HeadlessChrome/141.0.7390.37 Safari/537.36"
[2026-09-04T15:05:05.755Z]  "GET /styles.css" "Mozilla/5.0 (X11; Linux x86_64) AppleWebKit/537.36 (KHTML, like Gecko) HeadlessChrome/141.0.7390.37 Safari/537.36"
[2026-09-04T15:05:05.755Z]  "GET /manifest.json" "Mozilla/5.0 (X11; Linux x86_64) AppleWebKit/537.36 (KHTML, like Gecko) HeadlessChrome/141.0.7390.37 Safari/537.36"
[2026-09-04T15:05:05.764Z]  "GET /icon-192.png" "Mozilla/5.0 (X11; Linux x86_64) AppleWebKit/537.36 (KHTML, like Gecko) HeadlessChrome/141.0.7390.37 Safari/537.36"
[2026-09-04T15:05:05.767Z]  "GET /icon-512.png" "Mozilla/5.0 (X11; Linux x86_64) AppleWebKit/537.36 (KHTML, like Gecko) HeadlessChrome/141.0.7390.37 Safari/537.36"
[2026-09-04T15:05:05.776Z]  "GET /sw.js" "Mozilla/5.0 (X11; Linux x86_64) AppleWebKit/537.36 (KHTML, like Gecko) HeadlessChrome/141.0.7390.37 Safari/537.36"
[2026-09-04T15:05:08.358Z]  "GET /index.html" "Mozilla/5.0 (X11; Linux x86_64) AppleWebKit/537.36 (KHTML, like Gecko) HeadlessChrome/141.0.7390.37 Safari/537.36"
[2026-09-04T15:05:08.388Z]  "GET /js/access-gate.js" "Mozilla/5.0 (X11; Linux x86_64) AppleWebKit/537.36 (KHTML, like Gecko) HeadlessChrome/141.0.7390.37 Safari/537.36"
[2026-09-04T15:05:08.395Z]  "GET /js/platform.js" "Mozilla/5.0 (X11; Linux x86_64) AppleWebKit/537.36 (KHTML, like Gecko) HeadlessChrome/141.0.7390.37 Safari/537.36"
[2026-09-04T15:05:08.396Z]  "GET /js/telemetry.js" "Mozilla/5.0 (X11; Linux x86_64) AppleWebKit/537.36 (KHTML, like Gecko) HeadlessChrome/141.0.7390.37 Safari/537.36"
[2026-09-04T15:05:08.396Z]  "GET /js/perf-ios.js" "Mozilla/5.0 (X11; Linux x86_64) AppleWebKit/537.36 (KHTML, like Gecko) HeadlessChrome/141.0.7390.37 Safari/537.36"
[2026-09-04T15:05:08.396Z]  "GET /js/pwa-detect.js" "Mozilla/5.0 (X11; Linux x86_64) AppleWebKit/537.36 (KHTML, like Gecko) HeadlessChrome/141.0.7390.37 Safari/537.36"
[2026-09-04T15:05:08.396Z]  "GET /styles.css" "Mozilla/5.0 (X11; Linux x86_64) AppleWebKit/537.36 (KHTML, like Gecko) HeadlessChrome/141.0.7390.37 Safari/537.36"
[2026-09-04T15:05:08.397Z]  "GET /js/supabase-loader.js" "Mozilla/5.0 (X11; Linux x86_64) AppleWebKit/537.36 (KHTML, like Gecko) HeadlessChrome/141.0.7390.37 Safari/537.36"
[2026-09-04T15:05:08.408Z]  "GET /js/map-loader.js" "Mozilla/5.0 (X11; Linux x86_64) AppleWebKit/537.36 (KHTML, like Gecko) HeadlessChrome/141.0.7390.37 Safari/537.36"
[2026-09-04T15:05:08.414Z]  "GET /js/idb-store.js" "Mozilla/5.0 (X11; Linux x86_64) AppleWebKit/537.36 (KHTML, like Gecko) HeadlessChrome/141.0.7390.37 Safari/537.36"
[2026-09-04T15:05:08.414Z]  "GET /js/first-run.js" "Mozilla/5.0 (X11; Linux x86_64) AppleWebKit/537.36 (KHTML, like Gecko) HeadlessChrome/141.0.7390.37 Safari/537.36"
[2026-09-04T15:05:08.417Z]  "GET /js/app-01-diag-seed.js" "Mozilla/5.0 (X11; Linux x86_64) AppleWebKit/537.36 (KHTML, like Gecko) HeadlessChrome/141.0.7390.37 Safari/537.36"
[2026-09-04T15:05:08.418Z]  "GET /js/app-02-state-utils.js" "Mozilla/5.0 (X11; Linux x86_64) AppleWebKit/537.36 (KHTML, like Gecko) HeadlessChrome/141.0.7390.37 Safari/537.36"
[2026-09-04T15:05:08.418Z]  "GET /js/app-03-posts-vlogs.js" "Mozilla/5.0 (X11; Linux x86_64) AppleWebKit/537.36 (KHTML, like Gecko) HeadlessChrome/141.0.7390.37 Safari/537.36"
[2026-09-04T15:05:08.433Z]  "GET /js/app-04-comments-shop.js" "Mozilla/5.0 (X11; Linux x86_64) AppleWebKit/537.36 (KHTML, like Gecko) HeadlessChrome/141.0.7390.37 Safari/537.36"
[2026-09-04T15:05:08.434Z]  "GET /js/app-05-config-profil.js" "Mozilla/5.0 (X11; Linux x86_64) AppleWebKit/537.36 (KHTML, like Gecko) HeadlessChrome/141.0.7390.37 Safari/537.36"
[2026-09-04T15:05:08.434Z]  "GET /js/app-06-reels-partage.js" "Mozilla/5.0 (X11; Linux x86_64) AppleWebKit/537.36 (KHTML, like Gecko) HeadlessChrome/141.0.7390.37 Safari/537.36"
[2026-09-04T15:05:08.434Z]  "GET /js/app-07-ia-explore-irl.js" "Mozilla/5.0 (X11; Linux x86_64) AppleWebKit/537.36 (KHTML, like Gecko) HeadlessChrome/141.0.7390.37 Safari/537.36"
[2026-09-04T15:05:08.452Z]  "GET /js/app-08-ui-modals-tour.js" "Mozilla/5.0 (X11; Linux x86_64) AppleWebKit/537.36 (KHTML, like Gecko) HeadlessChrome/141.0.7390.37 Safari/537.36"
[2026-09-04T15:05:08.455Z]  "GET /js/app-09-boot-pwa.js" "Mozilla/5.0 (X11; Linux x86_64) AppleWebKit/537.36 (KHTML, like Gecko) HeadlessChrome/141.0.7390.37 Safari/537.36"
[2026-09-04T15:05:08.461Z]  "GET /js/contextual-nav.js" "Mozilla/5.0 (X11; Linux x86_64) AppleWebKit/537.36 (KHTML, like Gecko) HeadlessChrome/141.0.7390.37 Safari/537.36"
[2026-09-04T15:05:08.465Z]  "GET /js/ui-v2-shell.js" "Mozilla/5.0 (X11; Linux x86_64) AppleWebKit/537.36 (KHTML, like Gecko) HeadlessChrome/141.0.7390.37 Safari/537.36"
[2026-09-04T15:05:08.465Z]  "GET /js/ui-v3-passerelle.js" "Mozilla/5.0 (X11; Linux x86_64) AppleWebKit/537.36 (KHTML, like Gecko) HeadlessChrome/141.0.7390.37 Safari/537.36"
[2026-09-04T15:05:08.472Z]  "GET /js/ui-v4b-fiche.js" "Mozilla/5.0 (X11; Linux x86_64) AppleWebKit/537.36 (KHTML, like Gecko) HeadlessChrome/141.0.7390.37 Safari/537.36"
[2026-09-04T15:05:08.473Z]  "GET /js/ui-v4a0-tete.js" "Mozilla/5.0 (X11; Linux x86_64) AppleWebKit/537.36 (KHTML, like Gecko) HeadlessChrome/141.0.7390.37 Safari/537.36"
[2026-09-04T15:05:08.473Z]  "GET /js/ui-v4a1-intentions.js" "Mozilla/5.0 (X11; Linux x86_64) AppleWebKit/537.36 (KHTML, like Gecko) HeadlessChrome/141.0.7390.37 Safari/537.36"
[2026-09-04T15:05:08.473Z]  "GET /js/ui-v4a2-cartes.js" "Mozilla/5.0 (X11; Linux x86_64) AppleWebKit/537.36 (KHTML, like Gecko) HeadlessChrome/141.0.7390.37 Safari/537.36"
[2026-09-04T15:05:08.473Z]  "GET /js/ui-v4a3-vue.js" "Mozilla/5.0 (X11; Linux x86_64) AppleWebKit/537.36 (KHTML, like Gecko) HeadlessChrome/141.0.7390.37 Safari/537.36"
[2026-09-04T15:05:08.473Z]  "GET /js/ui-v5-bobines.js" "Mozilla/5.0 (X11; Linux x86_64) AppleWebKit/537.36 (KHTML, like Gecko) HeadlessChrome/141.0.7390.37 Safari/537.36"
[2026-09-04T15:05:08.491Z]  "GET /js/ui-v4a4-outils.js" "Mozilla/5.0 (X11; Linux x86_64) AppleWebKit/537.36 (KHTML, like Gecko) HeadlessChrome/141.0.7390.37 Safari/537.36"
[2026-09-04T15:05:08.491Z]  "GET /js/ui-v4a5-filtres.js" "Mozilla/5.0 (X11; Linux x86_64) AppleWebKit/537.36 (KHTML, like Gecko) HeadlessChrome/141.0.7390.37 Safari/537.36"
[2026-09-04T15:05:08.492Z]  "GET /js/ui-v6-composer.js" "Mozilla/5.0 (X11; Linux x86_64) AppleWebKit/537.36 (KHTML, like Gecko) HeadlessChrome/141.0.7390.37 Safari/537.36"
[2026-09-04T15:05:08.492Z]  "GET /js/ui-v6a-messages.js" "Mozilla/5.0 (X11; Linux x86_64) AppleWebKit/537.36 (KHTML, like Gecko) HeadlessChrome/141.0.7390.37 Safari/537.36"
[2026-09-04T15:05:08.492Z]  "GET /js/ui-v6b-profil.js" "Mozilla/5.0 (X11; Linux x86_64) AppleWebKit/537.36 (KHTML, like Gecko) HeadlessChrome/141.0.7390.37 Safari/537.36"
[2026-09-04T15:05:08.492Z]  "GET /js/ui-v6c-proposer-irl.js" "Mozilla/5.0 (X11; Linux x86_64) AppleWebKit/537.36 (KHTML, like Gecko) HeadlessChrome/141.0.7390.37 Safari/537.36"
[2026-09-04T15:05:08.497Z]  "GET /js/ui-v7-lot.js" "Mozilla/5.0 (X11; Linux x86_64) AppleWebKit/537.36 (KHTML, like Gecko) HeadlessChrome/141.0.7390.37 Safari/537.36"
[2026-09-04T15:05:08.498Z]  "GET /js/passions-flat.js" "Mozilla/5.0 (X11; Linux x86_64) AppleWebKit/537.36 (KHTML, like Gecko) HeadlessChrome/141.0.7390.37 Safari/537.36"
[2026-09-04T15:05:08.511Z]  "GET /js/passion-selector.js" "Mozilla/5.0 (X11; Linux x86_64) AppleWebKit/537.36 (KHTML, like Gecko) HeadlessChrome/141.0.7390.37 Safari/537.36"
[2026-09-04T15:05:08.511Z]  "GET /js/passions-flat-ui.js" "Mozilla/5.0 (X11; Linux x86_64) AppleWebKit/537.36 (KHTML, like Gecko) HeadlessChrome/141.0.7390.37 Safari/537.36"
[2026-09-04T15:05:08.511Z]  "GET /js/pwa-landing.js" "Mozilla/5.0 (X11; Linux x86_64) AppleWebKit/537.36 (KHTML, like Gecko) HeadlessChrome/141.0.7390.37 Safari/537.36"
[2026-09-04T15:05:08.512Z]  "GET /js/emoji-misc.js" "Mozilla/5.0 (X11; Linux x86_64) AppleWebKit/537.36 (KHTML, like Gecko) HeadlessChrome/141.0.7390.37 Safari/537.36"
[2026-09-04T15:05:21.430Z]  "GET /sw.js" "Mozilla/5.0 (X11; Linux x86_64) AppleWebKit/537.36 (KHTML, like Gecko) HeadlessChrome/141.0.7390.37 Safari/537.36"
[2026-09-04T15:05:21.453Z]  "GET /index.html" "Mozilla/5.0 (X11; Linux x86_64) AppleWebKit/537.36 (KHTML, like Gecko) HeadlessChrome/141.0.7390.37 Safari/537.36"
[2026-09-04T15:05:21.454Z]  "GET /styles.css" "Mozilla/5.0 (X11; Linux x86_64) AppleWebKit/537.36 (KHTML, like Gecko) HeadlessChrome/141.0.7390.37 Safari/537.36"
[2026-09-04T15:05:21.454Z]  "GET /manifest.json" "Mozilla/5.0 (X11; Linux x86_64) AppleWebKit/537.36 (KHTML, like Gecko) HeadlessChrome/141.0.7390.37 Safari/537.36"
[2026-09-04T15:05:21.466Z]  "GET /icon-192.png" "Mozilla/5.0 (X11; Linux x86_64) AppleWebKit/537.36 (KHTML, like Gecko) HeadlessChrome/141.0.7390.37 Safari/537.36"
[2026-09-04T15:05:21.467Z]  "GET /icon-512.png" "Mozilla/5.0 (X11; Linux x86_64) AppleWebKit/537.36 (KHTML, like Gecko) HeadlessChrome/141.0.7390.37 Safari/537.36"
[2026-09-04T15:05:21.480Z]  "GET /sw.js" "Mozilla/5.0 (X11; Linux x86_64) AppleWebKit/537.36 (KHTML, like Gecko) HeadlessChrome/141.0.7390.37 Safari/537.36"
[2026-09-04T15:05:28.038Z]  "GET /data/passions-v1.json" "Mozilla/5.0 (X11; Linux x86_64) AppleWebKit/537.36 (KHTML, like Gecko) HeadlessChrome/141.0.7390.37 Safari/537.36"
[2026-09-04T15:05:30.108Z]  "GET /index.html" "Mozilla/5.0 (X11; Linux x86_64) AppleWebKit/537.36 (KHTML, like Gecko) HeadlessChrome/141.0.7390.37 Safari/537.36"
[2026-09-04T15:05:30.128Z]  "GET /js/access-gate.js" "Mozilla/5.0 (X11; Linux x86_64) AppleWebKit/537.36 (KHTML, like Gecko) HeadlessChrome/141.0.7390.37 Safari/537.36"
[2026-09-04T15:05:30.131Z]  "GET /js/platform.js" "Mozilla/5.0 (X11; Linux x86_64) AppleWebKit/537.36 (KHTML, like Gecko) HeadlessChrome/141.0.7390.37 Safari/537.36"
[2026-09-04T15:05:30.133Z]  "GET /js/telemetry.js" "Mozilla/5.0 (X11; Linux x86_64) AppleWebKit/537.36 (KHTML, like Gecko) HeadlessChrome/141.0.7390.37 Safari/537.36"
[2026-09-04T15:05:30.133Z]  "GET /styles.css" "Mozilla/5.0 (X11; Linux x86_64) AppleWebKit/537.36 (KHTML, like Gecko) HeadlessChrome/141.0.7390.37 Safari/537.36"
[2026-09-04T15:05:30.133Z]  "GET /js/perf-ios.js" "Mozilla/5.0 (X11; Linux x86_64) AppleWebKit/537.36 (KHTML, like Gecko) HeadlessChrome/141.0.7390.37 Safari/537.36"
[2026-09-04T15:05:30.133Z]  "GET /js/pwa-detect.js" "Mozilla/5.0 (X11; Linux x86_64) AppleWebKit/537.36 (KHTML, like Gecko) HeadlessChrome/141.0.7390.37 Safari/537.36"
[2026-09-04T15:05:30.133Z]  "GET /js/supabase-loader.js" "Mozilla/5.0 (X11; Linux x86_64) AppleWebKit/537.36 (KHTML, like Gecko) HeadlessChrome/141.0.7390.37 Safari/537.36"
[2026-09-04T15:05:30.152Z]  "GET /js/map-loader.js" "Mozilla/5.0 (X11; Linux x86_64) AppleWebKit/537.36 (KHTML, like Gecko) HeadlessChrome/141.0.7390.37 Safari/537.36"
[2026-09-04T15:05:30.153Z]  "GET /js/idb-store.js" "Mozilla/5.0 (X11; Linux x86_64) AppleWebKit/537.36 (KHTML, like Gecko) HeadlessChrome/141.0.7390.37 Safari/537.36"
[2026-09-04T15:05:30.153Z]  "GET /js/first-run.js" "Mozilla/5.0 (X11; Linux x86_64) AppleWebKit/537.36 (KHTML, like Gecko) HeadlessChrome/141.0.7390.37 Safari/537.36"
[2026-09-04T15:05:30.153Z]  "GET /js/app-01-diag-seed.js" "Mozilla/5.0 (X11; Linux x86_64) AppleWebKit/537.36 (KHTML, like Gecko) HeadlessChrome/141.0.7390.37 Safari/537.36"
[2026-09-04T15:05:30.153Z]  "GET /js/app-02-state-utils.js" "Mozilla/5.0 (X11; Linux x86_64) AppleWebKit/537.36 (KHTML, like Gecko) HeadlessChrome/141.0.7390.37 Safari/537.36"
[2026-09-04T15:05:30.157Z]  "GET /js/app-03-posts-vlogs.js" "Mozilla/5.0 (X11; Linux x86_64) AppleWebKit/537.36 (KHTML, like Gecko) HeadlessChrome/141.0.7390.37 Safari/537.36"
[2026-09-04T15:05:30.167Z]  "GET /js/app-04-comments-shop.js" "Mozilla/5.0 (X11; Linux x86_64) AppleWebKit/537.36 (KHTML, like Gecko) HeadlessChrome/141.0.7390.37 Safari/537.36"
[2026-09-04T15:05:30.169Z]  "GET /js/app-05-config-profil.js" "Mozilla/5.0 (X11; Linux x86_64) AppleWebKit/537.36 (KHTML, like Gecko) HeadlessChrome/141.0.7390.37 Safari/537.36"
[2026-09-04T15:05:30.169Z]  "GET /js/app-06-reels-partage.js" "Mozilla/5.0 (X11; Linux x86_64) AppleWebKit/537.36 (KHTML, like Gecko) HeadlessChrome/141.0.7390.37 Safari/537.36"
[2026-09-04T15:05:30.169Z]  "GET /js/app-07-ia-explore-irl.js" "Mozilla/5.0 (X11; Linux x86_64) AppleWebKit/537.36 (KHTML, like Gecko) HeadlessChrome/141.0.7390.37 Safari/537.36"
[2026-09-04T15:05:30.170Z]  "GET /js/app-08-ui-modals-tour.js" "Mozilla/5.0 (X11; Linux x86_64) AppleWebKit/537.36 (KHTML, like Gecko) HeadlessChrome/141.0.7390.37 Safari/537.36"
[2026-09-04T15:05:30.170Z]  "GET /js/app-09-boot-pwa.js" "Mozilla/5.0 (X11; Linux x86_64) AppleWebKit/537.36 (KHTML, like Gecko) HeadlessChrome/141.0.7390.37 Safari/537.36"
[2026-09-04T15:05:30.198Z]  "GET /js/contextual-nav.js" "Mozilla/5.0 (X11; Linux x86_64) AppleWebKit/537.36 (KHTML, like Gecko) HeadlessChrome/141.0.7390.37 Safari/537.36"
[2026-09-04T15:05:30.199Z]  "GET /js/ui-v2-shell.js" "Mozilla/5.0 (X11; Linux x86_64) AppleWebKit/537.36 (KHTML, like Gecko) HeadlessChrome/141.0.7390.37 Safari/537.36"
[2026-09-04T15:05:30.201Z]  "GET /js/ui-v3-passerelle.js" "Mozilla/5.0 (X11; Linux x86_64) AppleWebKit/537.36 (KHTML, like Gecko) HeadlessChrome/141.0.7390.37 Safari/537.36"
[2026-09-04T15:05:30.205Z]  "GET /js/ui-v4b-fiche.js" "Mozilla/5.0 (X11; Linux x86_64) AppleWebKit/537.36 (KHTML, like Gecko) HeadlessChrome/141.0.7390.37 Safari/537.36"
[2026-09-04T15:05:30.213Z]  "GET /js/ui-v4a0-tete.js" "Mozilla/5.0 (X11; Linux x86_64) AppleWebKit/537.36 (KHTML, like Gecko) HeadlessChrome/141.0.7390.37 Safari/537.36"
[2026-09-04T15:05:30.213Z]  "GET /js/ui-v4a1-intentions.js" "Mozilla/5.0 (X11; Linux x86_64) AppleWebKit/537.36 (KHTML, like Gecko) HeadlessChrome/141.0.7390.37 Safari/537.36"
[2026-09-04T15:05:30.214Z]  "GET /js/ui-v4a2-cartes.js" "Mozilla/5.0 (X11; Linux x86_64) AppleWebKit/537.36 (KHTML, like Gecko) HeadlessChrome/141.0.7390.37 Safari/537.36"
[2026-09-04T15:05:30.214Z]  "GET /js/ui-v4a3-vue.js" "Mozilla/5.0 (X11; Linux x86_64) AppleWebKit/537.36 (KHTML, like Gecko) HeadlessChrome/141.0.7390.37 Safari/537.36"
[2026-09-04T15:05:30.214Z]  "GET /js/ui-v5-bobines.js" "Mozilla/5.0 (X11; Linux x86_64) AppleWebKit/537.36 (KHTML, like Gecko) HeadlessChrome/141.0.7390.37 Safari/537.36"
[2026-09-04T15:05:30.214Z]  "GET /js/ui-v4a4-outils.js" "Mozilla/5.0 (X11; Linux x86_64) AppleWebKit/537.36 (KHTML, like Gecko) HeadlessChrome/141.0.7390.37 Safari/537.36"
[2026-09-04T15:05:30.227Z]  "GET /js/ui-v4a5-filtres.js" "Mozilla/5.0 (X11; Linux x86_64) AppleWebKit/537.36 (KHTML, like Gecko) HeadlessChrome/141.0.7390.37 Safari/537.36"
[2026-09-04T15:05:30.228Z]  "GET /js/ui-v6-composer.js" "Mozilla/5.0 (X11; Linux x86_64) AppleWebKit/537.36 (KHTML, like Gecko) HeadlessChrome/141.0.7390.37 Safari/537.36"
[2026-09-04T15:05:30.228Z]  "GET /js/ui-v6a-messages.js" "Mozilla/5.0 (X11; Linux x86_64) AppleWebKit/537.36 (KHTML, like Gecko) HeadlessChrome/141.0.7390.37 Safari/537.36"
[2026-09-04T15:05:30.228Z]  "GET /js/ui-v6b-profil.js" "Mozilla/5.0 (X11; Linux x86_64) AppleWebKit/537.36 (KHTML, like Gecko) HeadlessChrome/141.0.7390.37 Safari/537.36"
[2026-09-04T15:05:30.228Z]  "GET /js/ui-v6c-proposer-irl.js" "Mozilla/5.0 (X11; Linux x86_64) AppleWebKit/537.36 (KHTML, like Gecko) HeadlessChrome/141.0.7390.37 Safari/537.36"
[2026-09-04T15:05:30.229Z]  "GET /js/ui-v7-lot.js" "Mozilla/5.0 (X11; Linux x86_64) AppleWebKit/537.36 (KHTML, like Gecko) HeadlessChrome/141.0.7390.37 Safari/537.36"
[2026-09-04T15:05:30.240Z]  "GET /js/passions-flat.js" "Mozilla/5.0 (X11; Linux x86_64) AppleWebKit/537.36 (KHTML, like Gecko) HeadlessChrome/141.0.7390.37 Safari/537.36"
[2026-09-04T15:05:30.241Z]  "GET /js/passion-selector.js" "Mozilla/5.0 (X11; Linux x86_64) AppleWebKit/537.36 (KHTML, like Gecko) HeadlessChrome/141.0.7390.37 Safari/537.36"
[2026-09-04T15:05:30.241Z]  "GET /js/passions-flat-ui.js" "Mozilla/5.0 (X11; Linux x86_64) AppleWebKit/537.36 (KHTML, like Gecko) HeadlessChrome/141.0.7390.37 Safari/537.36"
[2026-09-04T15:05:30.241Z]  "GET /js/pwa-landing.js" "Mozilla/5.0 (X11; Linux x86_64) AppleWebKit/537.36 (KHTML, like Gecko) HeadlessChrome/141.0.7390.37 Safari/537.36"
[2026-09-04T15:05:30.242Z]  "GET /js/emoji-misc.js" "Mozilla/5.0 (X11; Linux x86_64) AppleWebKit/537.36 (KHTML, like Gecko) HeadlessChrome/141.0.7390.37 Safari/537.36"
[2026-09-04T15:05:42.899Z]  "GET /sw.js" "Mozilla/5.0 (X11; Linux x86_64) AppleWebKit/537.36 (KHTML, like Gecko) HeadlessChrome/141.0.7390.37 Safari/537.36"
[2026-09-04T15:05:42.917Z]  "GET /index.html" "Mozilla/5.0 (X11; Linux x86_64) AppleWebKit/537.36 (KHTML, like Gecko) HeadlessChrome/141.0.7390.37 Safari/537.36"
[2026-09-04T15:05:42.918Z]  "GET /styles.css" "Mozilla/5.0 (X11; Linux x86_64) AppleWebKit/537.36 (KHTML, like Gecko) HeadlessChrome/141.0.7390.37 Safari/537.36"
[2026-09-04T15:05:42.920Z]  "GET /manifest.json" "Mozilla/5.0 (X11; Linux x86_64) AppleWebKit/537.36 (KHTML, like Gecko) HeadlessChrome/141.0.7390.37 Safari/537.36"
[2026-09-04T15:05:42.933Z]  "GET /icon-192.png" "Mozilla/5.0 (X11; Linux x86_64) AppleWebKit/537.36 (KHTML, like Gecko) HeadlessChrome/141.0.7390.37 Safari/537.36"
[2026-09-04T15:05:42.937Z]  "GET /icon-512.png" "Mozilla/5.0 (X11; Linux x86_64) AppleWebKit/537.36 (KHTML, like Gecko) HeadlessChrome/141.0.7390.37 Safari/537.36"
[2026-09-04T15:05:42.951Z]  "GET /sw.js" "Mozilla/5.0 (X11; Linux x86_64) AppleWebKit/537.36 (KHTML, like Gecko) HeadlessChrome/141.0.7390.37 Safari/537.36"
